[
  {
    "title": "",
    "timestamp": 1734504042,
    "media": [
      
    ],
    "label_values": [
      {
        "ent_field_name": "RecipientEmail",
        "label": "\u00d8\u00a7\u00d9\u0084\u00d8\u00a8\u00d8\u00b1\u00d9\u008a\u00d8\u00af \u00d8\u00a7\u00d9\u0084\u00d8\u00a5\u00d9\u0084\u00d9\u0083\u00d8\u00aa\u00d8\u00b1\u00d9\u0088\u00d9\u0086\u00d9\u008a",
        "value": "parkresho@gmail.com"
      },
      {
        "ent_field_name": "SubjectEncrypted",
        "label": "\u00d8\u00a7\u00d9\u0084\u00d9\u0085\u00d9\u0088\u00d8\u00b6\u00d9\u0088\u00d8\u00b9"
      }
    ],
    "fbid": "122151729434333708",
    "ent_name": "EntSentEmailNotif"
  },
  {
    "title": "",
    "timestamp": 1734504014,
    "media": [
      
    ],
    "label_values": [
      {
        "ent_field_name": "RecipientEmail",
        "label": "\u00d8\u00a7\u00d9\u0084\u00d8\u00a8\u00d8\u00b1\u00d9\u008a\u00d8\u00af \u00d8\u00a7\u00d9\u0084\u00d8\u00a5\u00d9\u0084\u00d9\u0083\u00d8\u00aa\u00d8\u00b1\u00d9\u0088\u00d9\u0086\u00d9\u008a",
        "value": "parkresho@gmail.com"
      },
      {
        "ent_field_name": "SubjectEncrypted",
        "label": "\u00d8\u00a7\u00d9\u0084\u00d9\u0085\u00d9\u0088\u00d8\u00b6\u00d9\u0088\u00d8\u00b9"
      }
    ],
    "fbid": "122151729260333708",
    "ent_name": "EntSentEmailNotif"
  },
  {
    "title": "\u00d9\u0085\u00d8\u00b1\u00d8\u00ad\u00d8\u00a8\u00d9\u008b\u00d8\u00a7 \u00d8\u00a8\u00d9\u0083 \u00d9\u0081\u00d9\u008a \u00d9\u0081\u00d9\u008a\u00d8\u00b3\u00d8\u00a8\u00d9\u0088\u00d9\u0083!",
    "timestamp": 1734345317,
    "media": [
      
    ],
    "label_values": [
      {
        "ent_field_name": "RecipientEmail",
        "label": "\u00d8\u00a7\u00d9\u0084\u00d8\u00a8\u00d8\u00b1\u00d9\u008a\u00d8\u00af \u00d8\u00a7\u00d9\u0084\u00d8\u00a5\u00d9\u0084\u00d9\u0083\u00d8\u00aa\u00d8\u00b1\u00d9\u0088\u00d9\u0086\u00d9\u008a",
        "value": "parkresho@gmail.com"
      },
      {
        "ent_field_name": "SubjectEncrypted",
        "label": "\u00d8\u00a7\u00d9\u0084\u00d9\u0085\u00d9\u0088\u00d8\u00b6\u00d9\u0088\u00d8\u00b9"
      }
    ],
    "fbid": "122151348182333708",
    "ent_name": "EntSentEmailNotif"
  },
  {
    "title": "\u00d9\u0085\u00d8\u00b1\u00d8\u00ad\u00d8\u00a8\u00d9\u008b\u00d8\u00a7 \u00d8\u00a8\u00d9\u0083 \u00d9\u0081\u00d9\u008a \u00d9\u0081\u00d9\u008a\u00d8\u00b3\u00d8\u00a8\u00d9\u0088\u00d9\u0083!",
    "timestamp": 1734345317,
    "media": [
      
    ],
    "label_values": [
      {
        "ent_field_name": "RecipientEmail",
        "label": "\u00d8\u00a7\u00d9\u0084\u00d8\u00a8\u00d8\u00b1\u00d9\u008a\u00d8\u00af \u00d8\u00a7\u00d9\u0084\u00d8\u00a5\u00d9\u0084\u00d9\u0083\u00d8\u00aa\u00d8\u00b1\u00d9\u0088\u00d9\u0086\u00d9\u008a",
        "value": ""
      },
      {
        "ent_field_name": "SubjectEncrypted",
        "label": "\u00d8\u00a7\u00d9\u0084\u00d9\u0085\u00d9\u0088\u00d8\u00b6\u00d9\u0088\u00d8\u00b9"
      }
    ],
    "fbid": "122151348170333708",
    "ent_name": "EntSentEmailNotif"
  },
  {
    "title": "\u00d9\u0085\u00d8\u00b1\u00d8\u00ad\u00d8\u00a8\u00d9\u008b\u00d8\u00a7 \u00d8\u00a8\u00d9\u0083 \u00d9\u0081\u00d9\u008a \u00d9\u0081\u00d9\u008a\u00d8\u00b3\u00d8\u00a8\u00d9\u0088\u00d9\u0083!",
    "timestamp": 1733787911,
    "media": [
      
    ],
    "label_values": [
      {
        "ent_field_name": "RecipientEmail",
        "label": "\u00d8\u00a7\u00d9\u0084\u00d8\u00a8\u00d8\u00b1\u00d9\u008a\u00d8\u00af \u00d8\u00a7\u00d9\u0084\u00d8\u00a5\u00d9\u0084\u00d9\u0083\u00d8\u00aa\u00d8\u00b1\u00d9\u0088\u00d9\u0086\u00d9\u008a",
        "value": "parkresho@gmail.com"
      },
      {
        "ent_field_name": "SubjectEncrypted",
        "label": "\u00d8\u00a7\u00d9\u0084\u00d9\u0085\u00d9\u0088\u00d8\u00b6\u00d9\u0088\u00d8\u00b9"
      }
    ],
    "fbid": "122150228576333708",
    "ent_name": "EntSentEmailNotif"
  },
  {
    "title": "\u00d9\u0085\u00d8\u00b1\u00d8\u00ad\u00d8\u00a8\u00d9\u008b\u00d8\u00a7 \u00d8\u00a8\u00d9\u0083 \u00d9\u0081\u00d9\u008a \u00d9\u0081\u00d9\u008a\u00d8\u00b3\u00d8\u00a8\u00d9\u0088\u00d9\u0083!",
    "timestamp": 1733787911,
    "media": [
      
    ],
    "label_values": [
      {
        "ent_field_name": "RecipientEmail",
        "label": "\u00d8\u00a7\u00d9\u0084\u00d8\u00a8\u00d8\u00b1\u00d9\u008a\u00d8\u00af \u00d8\u00a7\u00d9\u0084\u00d8\u00a5\u00d9\u0084\u00d9\u0083\u00d8\u00aa\u00d8\u00b1\u00d9\u0088\u00d9\u0086\u00d9\u008a",
        "value": ""
      },
      {
        "ent_field_name": "SubjectEncrypted",
        "label": "\u00d8\u00a7\u00d9\u0084\u00d9\u0085\u00d9\u0088\u00d8\u00b6\u00d9\u0088\u00d8\u00b9"
      }
    ],
    "fbid": "122150228570333708",
    "ent_name": "EntSentEmailNotif"
  }
]