[
  {
    "media": [
      
    ],
    "label_values": [
      {
        "ent_field_name": "Name",
        "label": "\u00d8\u00a7\u00d9\u0084\u00d9\u0085\u00d8\u00b3\u00d8\u00aa\u00d8\u00ae\u00d8\u00af\u00d9\u0085",
        "value": "\u00d8\u00aa\u00d9\u0088\u00d9\u0084\u00d9\u008a\u00d9\u0086 \u00d8\u00a7\u00d9\u0084\u00d8\u00b9\u00d9\u0085\u00d9\u0088\u00d8\u00af\u00d9\u008a"
      }
    ],
    "fbid": "122103077294680903",
    "ent_name": "EntImporteeJoinNotif"
  },
  {
    "media": [
      
    ],
    "label_values": [
      {
        "ent_field_name": "Name",
        "label": "\u00d8\u00a7\u00d9\u0084\u00d9\u0085\u00d8\u00b3\u00d8\u00aa\u00d8\u00ae\u00d8\u00af\u00d9\u0085",
        "value": "Anfal Abdulelah"
      }
    ],
    "fbid": "529559840085839",
    "ent_name": "EntImporteeJoinNotif"
  },
  {
    "media": [
      
    ],
    "label_values": [
      {
        "ent_field_name": "Name",
        "label": "\u00d8\u00a7\u00d9\u0084\u00d9\u0085\u00d8\u00b3\u00d8\u00aa\u00d8\u00ae\u00d8\u00af\u00d9\u0085",
        "value": "\u00d9\u0085\u00d8\u00a7\u00d8\u00b2\u00d9\u0086 \u00d8\u00b9\u00d9\u0084\u00d9\u008a"
      }
    ],
    "fbid": "122181703160174412",
    "ent_name": "EntImporteeJoinNotif"
  },
  {
    "media": [
      
    ],
    "label_values": [
      {
        "ent_field_name": "Name",
        "label": "\u00d8\u00a7\u00d9\u0084\u00d9\u0085\u00d8\u00b3\u00d8\u00aa\u00d8\u00ae\u00d8\u00af\u00d9\u0085",
        "value": "Fatema Alsharabi"
      }
    ],
    "fbid": "122109929096644952",
    "ent_name": "EntImporteeJoinNotif"
  },
  {
    "media": [
      
    ],
    "label_values": [
      {
        "ent_field_name": "Name",
        "label": "\u00d8\u00a7\u00d9\u0084\u00d9\u0085\u00d8\u00b3\u00d8\u00aa\u00d8\u00ae\u00d8\u00af\u00d9\u0085",
        "value": "Narges Khan"
      }
    ],
    "fbid": "122206788590225735",
    "ent_name": "EntImporteeJoinNotif"
  },
  {
    "media": [
      
    ],
    "label_values": [
      {
        "ent_field_name": "Name",
        "label": "\u00d8\u00a7\u00d9\u0084\u00d9\u0085\u00d8\u00b3\u00d8\u00aa\u00d8\u00ae\u00d8\u00af\u00d9\u0085",
        "value": "\u00d8\u00b4\u00d9\u0088\u00d9\u0082 \u00d8\u00a7\u00d9\u0084\u00d9\u0087\u00d8\u00a8\u00d9\u0088\u00d8\u00a8"
      }
    ],
    "fbid": "122121540836593489",
    "ent_name": "EntImporteeJoinNotif"
  },
  {
    "media": [
      
    ],
    "label_values": [
      {
        "ent_field_name": "Name",
        "label": "\u00d8\u00a7\u00d9\u0084\u00d9\u0085\u00d8\u00b3\u00d8\u00aa\u00d8\u00ae\u00d8\u00af\u00d9\u0085",
        "value": "\u00d8\u00b3\u00d9\u008a\u00d9\u0084\u00d9\u008a\u00d9\u0086 \u00d9\u0085\u00d8\u00ad\u00d9\u0085\u00d8\u00af"
      }
    ],
    "fbid": "122128324658489403",
    "ent_name": "EntImporteeJoinNotif"
  },
  {
    "media": [
      
    ],
    "label_values": [
      {
        "ent_field_name": "Name",
        "label": "\u00d8\u00a7\u00d9\u0084\u00d9\u0085\u00d8\u00b3\u00d8\u00aa\u00d8\u00ae\u00d8\u00af\u00d9\u0085",
        "value": "Nsns Al Atifi"
      }
    ],
    "fbid": "122196300134037237",
    "ent_name": "EntImporteeJoinNotif"
  },
  {
    "media": [
      
    ],
    "label_values": [
      {
        "ent_field_name": "Name",
        "label": "\u00d8\u00a7\u00d9\u0084\u00d9\u0085\u00d8\u00b3\u00d8\u00aa\u00d8\u00ae\u00d8\u00af\u00d9\u0085",
        "value": "\u00d8\u00b1\u00d9\u0088\u00d8\u00a7\u00d9\u0086 \u00d8\u00a7\u00d9\u0084\u00d8\u00b1\u00d9\u008a\u00d8\u00a7\u00d8\u00b4\u00d9\u008a"
      }
    ],
    "fbid": "122119393382406015",
    "ent_name": "EntImporteeJoinNotif"
  },
  {
    "media": [
      
    ],
    "label_values": [
      {
        "ent_field_name": "Name",
        "label": "\u00d8\u00a7\u00d9\u0084\u00d9\u0085\u00d8\u00b3\u00d8\u00aa\u00d8\u00ae\u00d8\u00af\u00d9\u0085",
        "value": "Sh Sh"
      }
    ],
    "fbid": "122109124568650500",
    "ent_name": "EntImporteeJoinNotif"
  },
  {
    "media": [
      
    ],
    "label_values": [
      {
        "ent_field_name": "Name",
        "label": "\u00d8\u00a7\u00d9\u0084\u00d9\u0085\u00d8\u00b3\u00d8\u00aa\u00d8\u00ae\u00d8\u00af\u00d9\u0085",
        "value": "\u00d9\u0085\u00d9\u0084\u00d9\u0083\u00d9\u0087 \u00d8\u00a7\u00d9\u0084\u00d9\u0083\u00d9\u0084\u00d9\u0085\u00d8\u00a7\u00d8\u00aa"
      }
    ],
    "fbid": "122134632956573100",
    "ent_name": "EntImporteeJoinNotif"
  },
  {
    "media": [
      
    ],
    "label_values": [
      {
        "ent_field_name": "Name",
        "label": "\u00d8\u00a7\u00d9\u0084\u00d9\u0085\u00d8\u00b3\u00d8\u00aa\u00d8\u00ae\u00d8\u00af\u00d9\u0085",
        "value": "\u00d9\u0085\u00d8\u00b1\u00d9\u008a\u00d8\u00a7\u00d9\u0085 \u00d9\u0084\u00d8\u00a4\u00d9\u008a"
      }
    ],
    "fbid": "122126021006534677",
    "ent_name": "EntImporteeJoinNotif"
  },
  {
    "media": [
      
    ],
    "label_values": [
      {
        "ent_field_name": "Name",
        "label": "\u00d8\u00a7\u00d9\u0084\u00d9\u0085\u00d8\u00b3\u00d8\u00aa\u00d8\u00ae\u00d8\u00af\u00d9\u0085",
        "value": "\u00d9\u0086\u00d9\u0088\u00d8\u00b1 \u00d9\u0083\u00d8\u00a7\u00d9\u0085\u00d9\u0084"
      }
    ],
    "fbid": "122127519410531032",
    "ent_name": "EntImporteeJoinNotif"
  },
  {
    "media": [
      
    ],
    "label_values": [
      {
        "ent_field_name": "Name",
        "label": "\u00d8\u00a7\u00d9\u0084\u00d9\u0085\u00d8\u00b3\u00d8\u00aa\u00d8\u00ae\u00d8\u00af\u00d9\u0085",
        "value": "\u00d8\u00a3\u00d8\u00ad\u00d9\u0085\u00d8\u00af \u00d8\u00a7\u00d9\u0084\u00d9\u0085\u00d9\u0086\u00d8\u00b5\u00d9\u0088\u00d8\u00b1\u00d9\u008a"
      }
    ],
    "fbid": "122115816926615145",
    "ent_name": "EntImporteeJoinNotif"
  },
  {
    "media": [
      
    ],
    "label_values": [
      {
        "ent_field_name": "Name",
        "label": "\u00d8\u00a7\u00d9\u0084\u00d9\u0085\u00d8\u00b3\u00d8\u00aa\u00d8\u00ae\u00d8\u00af\u00d9\u0085",
        "value": "\u00d8\u00b2\u00d9\u0087\u00d9\u0088\u00d8\u00b1 \u00d8\u00a7\u00d9\u0084\u00d8\u00b5\u00d9\u008a\u00d9\u0081"
      }
    ],
    "fbid": "122141636402341783",
    "ent_name": "EntImporteeJoinNotif"
  },
  {
    "media": [
      
    ],
    "label_values": [
      {
        "ent_field_name": "Name",
        "label": "\u00d8\u00a7\u00d9\u0084\u00d9\u0085\u00d8\u00b3\u00d8\u00aa\u00d8\u00ae\u00d8\u00af\u00d9\u0085",
        "value": "\u00d9\u008a\u00d8\u00b3\u00d8\u00b1\u00d9\u0089 \u00d8\u00a7\u00d9\u0084\u00d8\u00ad\u00d9\u0084\u00d9\u0088\u00d9\u0087"
      }
    ],
    "fbid": "122114412566604884",
    "ent_name": "EntImporteeJoinNotif"
  },
  {
    "media": [
      
    ],
    "label_values": [
      {
        "ent_field_name": "Name",
        "label": "\u00d8\u00a7\u00d9\u0084\u00d9\u0085\u00d8\u00b3\u00d8\u00aa\u00d8\u00ae\u00d8\u00af\u00d9\u0085",
        "value": "Braah Braah"
      }
    ],
    "fbid": "122188703300131710",
    "ent_name": "EntImporteeJoinNotif"
  },
  {
    "media": [
      
    ],
    "label_values": [
      {
        "ent_field_name": "Name",
        "label": "\u00d8\u00a7\u00d9\u0084\u00d9\u0085\u00d8\u00b3\u00d8\u00aa\u00d8\u00ae\u00d8\u00af\u00d9\u0085",
        "value": "\u00d8\u00a7\u00d9\u008a\u00d9\u0088\u00d8\u00aa\u00d9\u0087 \u00d8\u00a7\u00d9\u008a\u00d9\u0088\u00d8\u00aa\u00d9\u0087"
      }
    ],
    "fbid": "122130310316465969",
    "ent_name": "EntImporteeJoinNotif"
  },
  {
    "media": [
      
    ],
    "label_values": [
      {
        "ent_field_name": "Name",
        "label": "\u00d8\u00a7\u00d9\u0084\u00d9\u0085\u00d8\u00b3\u00d8\u00aa\u00d8\u00ae\u00d8\u00af\u00d9\u0085",
        "value": "\u00d8\u00b9\u00d9\u0084\u00d8\u00a6 \u00d9\u0085\u00d8\u00a7\u00d9\u0087\u00d8\u00b1"
      }
    ],
    "fbid": "122118616142589145",
    "ent_name": "EntImporteeJoinNotif"
  },
  {
    "media": [
      
    ],
    "label_values": [
      {
        "ent_field_name": "Name",
        "label": "\u00d8\u00a7\u00d9\u0084\u00d9\u0085\u00d8\u00b3\u00d8\u00aa\u00d8\u00ae\u00d8\u00af\u00d9\u0085",
        "value": "Foreverl Ivinga"
      }
    ],
    "fbid": "472998552493019",
    "ent_name": "EntImporteeJoinNotif"
  },
  {
    "media": [
      
    ],
    "label_values": [
      {
        "ent_field_name": "Name",
        "label": "\u00d8\u00a7\u00d9\u0084\u00d9\u0085\u00d8\u00b3\u00d8\u00aa\u00d8\u00ae\u00d8\u00af\u00d9\u0085",
        "value": "\u00d9\u0083\u00d8\u00b0\u00d8\u00a8\u00d9\u0087 \u00d8\u00a7\u00d8\u00a8\u00d8\u00b1\u00d9\u008a\u00d9\u0084."
      }
    ],
    "fbid": "122202604304080798",
    "ent_name": "EntImporteeJoinNotif"
  },
  {
    "media": [
      
    ],
    "label_values": [
      {
        "ent_field_name": "Name",
        "label": "\u00d8\u00a7\u00d9\u0084\u00d9\u0085\u00d8\u00b3\u00d8\u00aa\u00d8\u00ae\u00d8\u00af\u00d9\u0085",
        "value": "Hanan Hamed"
      }
    ],
    "fbid": "817049124446448",
    "ent_name": "EntImporteeJoinNotif"
  },
  {
    "media": [
      
    ],
    "label_values": [
      {
        "ent_field_name": "Name",
        "label": "\u00d8\u00a7\u00d9\u0084\u00d9\u0085\u00d8\u00b3\u00d8\u00aa\u00d8\u00ae\u00d8\u00af\u00d9\u0085",
        "value": "\u00d8\u00a7\u00d8\u00b3\u00d9\u0084\u00d8\u00a7\u00d9\u0085 \u00d8\u00b5\u00d8\u00a7\u00d8\u00a8\u00d8\u00b1 \u00d9\u0085\u00d8\u00a8\u00d8\u00a7\u00d8\u00b1\u00d9\u0083"
      }
    ],
    "fbid": "122119808678595083",
    "ent_name": "EntImporteeJoinNotif"
  },
  {
    "media": [
      
    ],
    "label_values": [
      {
        "ent_field_name": "Name",
        "label": "\u00d8\u00a7\u00d9\u0084\u00d9\u0085\u00d8\u00b3\u00d8\u00aa\u00d8\u00ae\u00d8\u00af\u00d9\u0085",
        "value": "\u00d9\u0085\u00d8\u00ad\u00d9\u0085\u00d8\u00af \u00d8\u00a7\u00d9\u0084\u00d8\u00b9\u00d9\u0085\u00d9\u0088\u00d8\u00af\u00d9\u008a"
      }
    ],
    "fbid": "484995457935102",
    "ent_name": "EntImporteeJoinNotif"
  },
  {
    "media": [
      
    ],
    "label_values": [
      {
        "ent_field_name": "Name",
        "label": "\u00d8\u00a7\u00d9\u0084\u00d9\u0085\u00d8\u00b3\u00d8\u00aa\u00d8\u00ae\u00d8\u00af\u00d9\u0085",
        "value": "Princess Rital"
      }
    ],
    "fbid": "549050981340414",
    "ent_name": "EntImporteeJoinNotif"
  },
  {
    "media": [
      
    ],
    "label_values": [
      {
        "ent_field_name": "Name",
        "label": "\u00d8\u00a7\u00d9\u0084\u00d9\u0085\u00d8\u00b3\u00d8\u00aa\u00d8\u00ae\u00d8\u00af\u00d9\u0085",
        "value": "\u00d9\u0085\u00d8\u00ac\u00d8\u00a7\u00d9\u0087\u00d8\u00af \u00d9\u0081\u00d9\u008a \u00d8\u00b9\u00d8\u00b5\u00d8\u00b1 \u00d8\u00a7\u00d9\u0084\u00d8\u00ad\u00d8\u00b3\u00d9\u008a\u00d9\u0086"
      }
    ],
    "fbid": "122128876202515035",
    "ent_name": "EntImporteeJoinNotif"
  },
  {
    "media": [
      
    ],
    "label_values": [
      {
        "ent_field_name": "Name",
        "label": "\u00d8\u00a7\u00d9\u0084\u00d9\u0085\u00d8\u00b3\u00d8\u00aa\u00d8\u00ae\u00d8\u00af\u00d9\u0085",
        "value": "\u00d8\u00b9\u00d8\u00a8\u00d8\u00af\u00d9\u0087 \u00d8\u00b3\u00d8\u00b9\u00d8\u00af\u00d9\u008a \u00d8\u00a7\u00d9\u0084\u00d8\u00b3\u00d8\u00b9\u00d8\u00af\u00d9\u008a"
      }
    ],
    "fbid": "122205433730063872",
    "ent_name": "EntImporteeJoinNotif"
  },
  {
    "media": [
      
    ],
    "label_values": [
      {
        "ent_field_name": "Name",
        "label": "\u00d8\u00a7\u00d9\u0084\u00d9\u0085\u00d8\u00b3\u00d8\u00aa\u00d8\u00ae\u00d8\u00af\u00d9\u0085",
        "value": "\u00d9\u0087\u00d8\u00af\u00d9\u008a\u00d9\u0084 \u00d8\u00a7\u00d9\u0084\u00d8\u00ae\u00d9\u0088\u00d9\u0084\u00d8\u00a7\u00d9\u0086\u00d9\u008a"
      }
    ],
    "fbid": "122198480486199639",
    "ent_name": "EntImporteeJoinNotif"
  },
  {
    "media": [
      
    ],
    "label_values": [
      {
        "ent_field_name": "Name",
        "label": "\u00d8\u00a7\u00d9\u0084\u00d9\u0085\u00d8\u00b3\u00d8\u00aa\u00d8\u00ae\u00d8\u00af\u00d9\u0085",
        "value": "Shaima Alabdli"
      }
    ],
    "fbid": "122127741854514344",
    "ent_name": "EntImporteeJoinNotif"
  },
  {
    "media": [
      
    ],
    "label_values": [
      {
        "ent_field_name": "Name",
        "label": "\u00d8\u00a7\u00d9\u0084\u00d9\u0085\u00d8\u00b3\u00d8\u00aa\u00d8\u00ae\u00d8\u00af\u00d9\u0085",
        "value": "Hayat Alwakdy"
      }
    ],
    "fbid": "550833804525889",
    "ent_name": "EntImporteeJoinNotif"
  },
  {
    "media": [
      
    ],
    "label_values": [
      {
        "ent_field_name": "Name",
        "label": "\u00d8\u00a7\u00d9\u0084\u00d9\u0085\u00d8\u00b3\u00d8\u00aa\u00d8\u00ae\u00d8\u00af\u00d9\u0085",
        "value": "Sama Meshal"
      }
    ],
    "fbid": "122179318892127154",
    "ent_name": "EntImporteeJoinNotif"
  },
  {
    "media": [
      
    ],
    "label_values": [
      {
        "ent_field_name": "Name",
        "label": "\u00d8\u00a7\u00d9\u0084\u00d9\u0085\u00d8\u00b3\u00d8\u00aa\u00d8\u00ae\u00d8\u00af\u00d9\u0085",
        "value": "\u00d8\u00a7\u00d9\u0086\u00d8\u00aa\u00d8\u00b5\u00d8\u00a7\u00d8\u00b1 \u00d8\u00a7\u00d9\u0084\u00d9\u0081\u00d9\u0082\u00d9\u008a\u00d9\u0087"
      }
    ],
    "fbid": "564738773172050",
    "ent_name": "EntImporteeJoinNotif"
  },
  {
    "media": [
      
    ],
    "label_values": [
      {
        "ent_field_name": "Name",
        "label": "\u00d8\u00a7\u00d9\u0084\u00d9\u0085\u00d8\u00b3\u00d8\u00aa\u00d8\u00ae\u00d8\u00af\u00d9\u0085",
        "value": "\u00d8\u00a7\u00d9\u0087\u00d9\u0084\u00d9\u008a\u00d9\u0086 \u00d8\u00a7\u00d9\u0087\u00d9\u0084\u00d9\u008a\u00d9\u0086"
      }
    ],
    "fbid": "521773910838496",
    "ent_name": "EntImporteeJoinNotif"
  },
  {
    "media": [
      
    ],
    "label_values": [
      {
        "ent_field_name": "Name",
        "label": "\u00d8\u00a7\u00d9\u0084\u00d9\u0085\u00d8\u00b3\u00d8\u00aa\u00d8\u00ae\u00d8\u00af\u00d9\u0085",
        "value": "Entezar Al-Arwmy"
      }
    ],
    "fbid": "122129836352461580",
    "ent_name": "EntImporteeJoinNotif"
  },
  {
    "media": [
      
    ],
    "label_values": [
      {
        "ent_field_name": "Name",
        "label": "\u00d8\u00a7\u00d9\u0084\u00d9\u0085\u00d8\u00b3\u00d8\u00aa\u00d8\u00ae\u00d8\u00af\u00d9\u0085",
        "value": "\u00d9\u0087\u00d8\u00a7\u00d9\u0081\u00d9\u008a \u00d9\u0085\u00d9\u0088\u00d8\u00af\u00d9\u008a"
      }
    ],
    "fbid": "972552938068099",
    "ent_name": "EntImporteeJoinNotif"
  },
  {
    "media": [
      
    ],
    "label_values": [
      {
        "ent_field_name": "Name",
        "label": "\u00d8\u00a7\u00d9\u0084\u00d9\u0085\u00d8\u00b3\u00d8\u00aa\u00d8\u00ae\u00d8\u00af\u00d9\u0085",
        "value": "\u00d8\u00b5\u00d9\u0081\u00d8\u00a7\u00d8\u00a1 \u00d8\u00a7\u00d9\u0084\u00d8\u00b3\u00d8\u00a7\u00d9\u0085\u00d8\u00b9\u00d9\u008a"
      }
    ],
    "fbid": "589557710391916",
    "ent_name": "EntImporteeJoinNotif"
  },
  {
    "media": [
      
    ],
    "label_values": [
      {
        "ent_field_name": "Name",
        "label": "\u00d8\u00a7\u00d9\u0084\u00d9\u0085\u00d8\u00b3\u00d8\u00aa\u00d8\u00ae\u00d8\u00af\u00d9\u0085",
        "value": "\u00d8\u00b1\u00d9\u0088\u00d8\u00a7\u00d9\u0086 \u00d8\u00a7\u00d8\u00ad\u00d9\u0085\u00d8\u00af"
      }
    ],
    "fbid": "122123722730549679",
    "ent_name": "EntImporteeJoinNotif"
  },
  {
    "media": [
      
    ],
    "label_values": [
      {
        "ent_field_name": "Name",
        "label": "\u00d8\u00a7\u00d9\u0084\u00d9\u0085\u00d8\u00b3\u00d8\u00aa\u00d8\u00ae\u00d8\u00af\u00d9\u0085",
        "value": "Wafa Ali"
      }
    ],
    "fbid": "122096151050667957",
    "ent_name": "EntImporteeJoinNotif"
  },
  {
    "media": [
      
    ],
    "label_values": [
      {
        "ent_field_name": "Name",
        "label": "\u00d8\u00a7\u00d9\u0084\u00d9\u0085\u00d8\u00b3\u00d8\u00aa\u00d8\u00ae\u00d8\u00af\u00d9\u0085",
        "value": "\u00d8\u00b1\u00d9\u0088\u00d8\u00b2\u00d9\u008a \u00d8\u00a7\u00d9\u0084\u00d8\u00b9\u00d9\u0086\u00d9\u008a\u00d8\u00af\u00d9\u0087\u00d9\u0087"
      }
    ],
    "fbid": "122097629144666470",
    "ent_name": "EntImporteeJoinNotif"
  },
  {
    "media": [
      
    ],
    "label_values": [
      {
        "ent_field_name": "Name",
        "label": "\u00d8\u00a7\u00d9\u0084\u00d9\u0085\u00d8\u00b3\u00d8\u00aa\u00d8\u00ae\u00d8\u00af\u00d9\u0085",
        "value": "\u00d8\u00b3\u00d8\u00a7\u00d9\u0084\u00d9\u008a \u00d8\u00a7\u00d9\u0084\u00d9\u0082\u00d8\u00a8\u00d8\u00a7\u00d8\u00b7\u00d9\u008a"
      }
    ],
    "fbid": "122100835994653494",
    "ent_name": "EntImporteeJoinNotif"
  },
  {
    "media": [
      
    ],
    "label_values": [
      {
        "ent_field_name": "Name",
        "label": "\u00d8\u00a7\u00d9\u0084\u00d9\u0085\u00d8\u00b3\u00d8\u00aa\u00d8\u00ae\u00d8\u00af\u00d9\u0085",
        "value": "\u00d9\u0085\u00d8\u00ac\u00d9\u0087\u00d9\u0088\u00d9\u0084\u00d9\u0087 \u00d8\u00a7\u00d9\u0084\u00d9\u0087\u00d9\u0088\u00d9\u008a\u00d9\u0087. \u00d8\u00a7\u00d9\u0084\u00d9\u0085\u00d8\u00ac\u00d9\u0087\u00d9\u0088\u00d9\u0084\u00d9\u008a\u00d9\u0086"
      }
    ],
    "fbid": "122120743118552238",
    "ent_name": "EntImporteeJoinNotif"
  },
  {
    "media": [
      
    ],
    "label_values": [
      {
        "ent_field_name": "Name",
        "label": "\u00d8\u00a7\u00d9\u0084\u00d9\u0085\u00d8\u00b3\u00d8\u00aa\u00d8\u00ae\u00d8\u00af\u00d9\u0085",
        "value": "\u00d8\u00ab\u00d9\u0085\u00d8\u00a7\u00d9\u0086\u00d9\u0088\u00d8\u00ab\u00d9\u0084\u00d8\u00a7\u00d8\u00ab\u00d9\u008a\u00d9\u0086 \u00d8\u00ab\u00d9\u0085\u00d8\u00a7\u00d9\u0086\u00d9\u0088\u00d8\u00ab\u00d9\u0084\u00d8\u00a7\u00d8\u00ab\u00d9\u008a\u00d9\u0086"
      }
    ],
    "fbid": "122137964936344804",
    "ent_name": "EntImporteeJoinNotif"
  },
  {
    "media": [
      
    ],
    "label_values": [
      {
        "ent_field_name": "Name",
        "label": "\u00d8\u00a7\u00d9\u0084\u00d9\u0085\u00d8\u00b3\u00d8\u00aa\u00d8\u00ae\u00d8\u00af\u00d9\u0085",
        "value": "Hoor Hoor"
      }
    ],
    "fbid": "122100699266611507",
    "ent_name": "EntImporteeJoinNotif"
  },
  {
    "media": [
      
    ],
    "label_values": [
      {
        "ent_field_name": "Name",
        "label": "\u00d8\u00a7\u00d9\u0084\u00d9\u0085\u00d8\u00b3\u00d8\u00aa\u00d8\u00ae\u00d8\u00af\u00d9\u0085",
        "value": "Halah Fot"
      }
    ],
    "fbid": "122095317218609062",
    "ent_name": "EntImporteeJoinNotif"
  },
  {
    "media": [
      
    ],
    "label_values": [
      {
        "ent_field_name": "Name",
        "label": "\u00d8\u00a7\u00d9\u0084\u00d9\u0085\u00d8\u00b3\u00d8\u00aa\u00d8\u00ae\u00d8\u00af\u00d9\u0085",
        "value": "\u00d8\u00b1\u00d9\u0086\u00d8\u00af \u00d9\u0085\u00d8\u00ba\u00d9\u008a\u00d8\u00b1\u00d9\u0087\u00d8\u00a7."
      }
    ],
    "fbid": "122104215308540836",
    "ent_name": "EntImporteeJoinNotif"
  },
  {
    "media": [
      
    ],
    "label_values": [
      {
        "ent_field_name": "Name",
        "label": "\u00d8\u00a7\u00d9\u0084\u00d9\u0085\u00d8\u00b3\u00d8\u00aa\u00d8\u00ae\u00d8\u00af\u00d9\u0085",
        "value": "Lujeen Jwir"
      }
    ],
    "fbid": "122107178018529721",
    "ent_name": "EntImporteeJoinNotif"
  },
  {
    "media": [
      
    ],
    "label_values": [
      {
        "ent_field_name": "Name",
        "label": "\u00d8\u00a7\u00d9\u0084\u00d9\u0085\u00d8\u00b3\u00d8\u00aa\u00d8\u00ae\u00d8\u00af\u00d9\u0085",
        "value": "\u00d9\u0084\u00d8\u00a7\u00d8\u00b1\u00d9\u008a\u00d9\u0086 \u00d9\u0085\u00d8\u00ad\u00d9\u0085\u00d8\u00af"
      }
    ],
    "fbid": "122101794620529597",
    "ent_name": "EntImporteeJoinNotif"
  },
  {
    "media": [
      
    ],
    "label_values": [
      {
        "ent_field_name": "Name",
        "label": "\u00d8\u00a7\u00d9\u0084\u00d9\u0085\u00d8\u00b3\u00d8\u00aa\u00d8\u00ae\u00d8\u00af\u00d9\u0085",
        "value": "\u00c5\u009ailin Sameer"
      }
    ],
    "fbid": "122170711466177252",
    "ent_name": "EntImporteeJoinNotif"
  },
  {
    "media": [
      
    ],
    "label_values": [
      {
        "ent_field_name": "Name",
        "label": "\u00d8\u00a7\u00d9\u0084\u00d9\u0085\u00d8\u00b3\u00d8\u00aa\u00d8\u00ae\u00d8\u00af\u00d9\u0085",
        "value": "\u00d9\u0085\u00d8\u00a7\u00d8\u00b1\u00d9\u008a\u00d8\u00a7 \u00d9\u0085\u00d8\u00ad\u00d9\u0085\u00d8\u00af"
      }
    ],
    "fbid": "122093456276476068",
    "ent_name": "EntImporteeJoinNotif"
  },
  {
    "media": [
      
    ],
    "label_values": [
      {
        "ent_field_name": "Name",
        "label": "\u00d8\u00a7\u00d9\u0084\u00d9\u0085\u00d8\u00b3\u00d8\u00aa\u00d8\u00ae\u00d8\u00af\u00d9\u0085",
        "value": "Arzag Mhmamd"
      }
    ],
    "fbid": "122097831602362194",
    "ent_name": "EntImporteeJoinNotif"
  },
  {
    "media": [
      
    ],
    "label_values": [
      {
        "ent_field_name": "Name",
        "label": "\u00d8\u00a7\u00d9\u0084\u00d9\u0085\u00d8\u00b3\u00d8\u00aa\u00d8\u00ae\u00d8\u00af\u00d9\u0085",
        "value": "\u00d8\u00b3\u00d8\u00b9\u00d9\u008a\u00d8\u00af\u00d8\u00ad\u00d9\u0085\u00d8\u00af\u00d8\u00ba\u00d8\u00a7\u00d9\u0084 \u00d9\u0084\u00d8\u00b5\u00d8\u00a8\u00d9\u008a\u00d8\u00ad\u00d9\u008a"
      }
    ],
    "fbid": "122152337426204946",
    "ent_name": "EntImporteeJoinNotif"
  },
  {
    "media": [
      
    ],
    "label_values": [
      {
        "ent_field_name": "Name",
        "label": "\u00d8\u00a7\u00d9\u0084\u00d9\u0085\u00d8\u00b3\u00d8\u00aa\u00d8\u00ae\u00d8\u00af\u00d9\u0085",
        "value": "Jiajia XU"
      }
    ],
    "fbid": "484506807339702",
    "ent_name": "EntImporteeJoinNotif"
  }
]