{
  "media": [
    
  ],
  "label_values": [
    {
      "ent_field_name": "Bitmask",
      "label": "\u00d8\u00a7\u00d9\u0084\u00d8\u00a3\u00d8\u00b0\u00d9\u0088\u00d9\u0086\u00d8\u00a7\u00d8\u00aa",
      "vec": [
        {
          "value": "\u00d8\u00a7\u00d9\u0084\u00d8\u00a3\u00d8\u00b3\u00d8\u00a7\u00d8\u00b3"
        }
      ]
    },
    {
      "ent_field_name": "CreatedTime",
      "label": "\u00d9\u0088\u00d9\u0082\u00d8\u00aa \u00d8\u00a7\u00d9\u0084\u00d8\u00a5\u00d9\u0086\u00d8\u00b4\u00d8\u00a7\u00d8\u00a1",
      "timestamp_value": 1715896356
    }
  ],
  "fbid": "122093309894333708",
  "ent_name": "EntPlatformBasePermission"
}