{
  "timestamp": 1715968000,
  "media": [
    
  ],
  "label_values": [
    {
      "ent_field_name": "AccountAssociationState",
      "label": "\u00d8\u00ad\u00d8\u00a7\u00d9\u0084\u00d8\u00a9 \u00d8\u00a7\u00d9\u0082\u00d8\u00aa\u00d8\u00b1\u00d8\u00a7\u00d9\u0086 \u00d8\u00a7\u00d9\u0084\u00d8\u00ad\u00d8\u00b3\u00d8\u00a7\u00d8\u00a8",
      "value": "\u00d8\u00a7\u00d9\u0082\u00d8\u00aa\u00d8\u00b1\u00d8\u00a7\u00d9\u0086 \u00d8\u00a7\u00d9\u0084\u00d8\u00ad\u00d8\u00b3\u00d8\u00a7\u00d8\u00a8 \u00d9\u0085\u00d9\u0085\u00d9\u0083\u00d9\u0091\u00d9\u0086"
    },
    {
      "ent_field_name": "LastSIDUpdateTime",
      "label": "\u00e2\u0080\u008eLatest last activity time\u00e2\u0080\u008e",
      "timestamp_value": 0
    },
    {
      "ent_field_name": "SIDUpdateCount",
      "label": "\u00e2\u0080\u008eCombined number of times you've used these privacy settings\u00e2\u0080\u008e",
      "value": "0"
    },
    {
      "ent_field_name": "ClearHistoryActionCount",
      "label": "\u00e2\u0080\u008eNumber of times you used clear history settings\u00e2\u0080\u008e",
      "value": "0"
    },
    {
      "ent_field_name": "DisableAccountAssociationActionCount",
      "label": "\u00e2\u0080\u008eNumber of times you used disabling account association settings\u00e2\u0080\u008e",
      "value": "0"
    },
    {
      "ent_field_name": "EnableAccountAssociationActionCount",
      "label": "\u00e2\u0080\u008eNumber of times you used enabling account association settings\u00e2\u0080\u008e",
      "value": "0"
    },
    {
      "ent_field_name": "AccountAssociationStatusByDS",
      "label": "\u00d8\u00ad\u00d8\u00a7\u00d9\u0084\u00d8\u00a7\u00d8\u00aa \u00d8\u00a7\u00d9\u0082\u00d8\u00aa\u00d8\u00b1\u00d8\u00a7\u00d9\u0086 \u00d8\u00a7\u00d9\u0084\u00d8\u00ad\u00d8\u00b3\u00d8\u00a7\u00d8\u00a8 \u00d8\u00a7\u00d9\u0084\u00d8\u00a3\u00d8\u00ae\u00d9\u008a\u00d8\u00b1\u00d8\u00a9 \u00d8\u00a3\u00d9\u0088 \u00d8\u00a7\u00d9\u0084\u00d9\u0082\u00d8\u00a7\u00d8\u00af\u00d9\u0085\u00d8\u00a9",
      "dict": [
        
      ]
    },
    {
      "ent_field_name": "BlockedCategoriesWithTimestamp",
      "label": "\u00d9\u0088\u00d9\u0082\u00d8\u00aa \u00d8\u00a7\u00d9\u0084\u00d8\u00ad\u00d8\u00b8\u00d8\u00b1 \u00d9\u0088\u00d9\u0085\u00d8\u00a7 \u00d8\u00aa\u00d9\u0085 \u00d8\u00ad\u00d8\u00b8\u00d8\u00b1\u00d9\u0087",
      "dict": [
        
      ]
    }
  ],
  "fbid": "122093929268333708",
  "ent_name": "EntClearHistoryControls"
}