{
  "media": [
    
  ],
  "label_values": [
    {
      "ent_field_name": "PrivacyJurisdictions",
      "label": "\u00d8\u00a7\u00d9\u0084\u00d8\u00a7\u00d8\u00ae\u00d8\u00aa\u00d8\u00b5\u00d8\u00a7\u00d8\u00b5 \u00d8\u00a7\u00d9\u0084\u00d9\u0082\u00d8\u00b6\u00d8\u00a7\u00d8\u00a6\u00d9\u008a \u00d9\u0084\u00d9\u0084\u00d8\u00ae\u00d8\u00b5\u00d9\u0088\u00d8\u00b5\u00d9\u008a\u00d8\u00a9",
      "vec": [
        {
          "ent_field_name": "",
          "value": "YE"
        }
      ]
    },
    {
      "ent_field_name": "RegionPrivacyJurisdiction",
      "label": "\u00d8\u00a7\u00d9\u0084\u00d8\u00a7\u00d8\u00ae\u00d8\u00aa\u00d8\u00b5\u00d8\u00a7\u00d8\u00b5 \u00d8\u00a7\u00d9\u0084\u00d9\u0082\u00d8\u00b6\u00d8\u00a7\u00d8\u00a6\u00d9\u008a \u00d9\u0084\u00d8\u00ae\u00d8\u00b5\u00d9\u0088\u00d8\u00b5\u00d9\u008a\u00d8\u00a9 \u00d8\u00a7\u00d9\u0084\u00d9\u0085\u00d9\u0086\u00d8\u00b7\u00d9\u0082\u00d8\u00a9",
      "value": ""
    }
  ],
  "fbid": "61560011240777",
  "ent_name": "EntDimPrivacyJurisdictions"
}