{
  "following_v3": [
    {
      "name": "Dawud Bin Nuur",
      "timestamp": 1721424213
    },
    {
      "name": "\u00d8\u00ae\u00d8\u00a8\u00d8\u00b2 \u00d9\u008a\u00d8\u00a7\u00d8\u00a8\u00d8\u00b3",
      "timestamp": 1719563563
    },
    {
      "name": "\u00e0\u00a4\u00b8\u00e0\u00a5\u0081\u00e0\u00a4\u00ae\u00e0\u00a4\u00bf\u00e0\u00a4\u00a4 \u00e0\u00a4\u00a7\u00e0\u00a4\u00b8\u00e0\u00a5\u008d\u00e0\u00a4\u00ae\u00e0\u00a4\u00be\u00e0\u00a4\u00a8\u00e0\u00a4\u00be \u00e0\u00a4\u00b8\u00e0\u00a5\u0081\u00e0\u00a4\u00ae\u00e0\u00a4\u00bf\u00e0\u00a4\u00a4 \u00e0\u00a4\u00a7\u00e0\u00a4\u00b8\u00e0\u00a5\u008d\u00e0\u00a4\u00ae\u00e0\u00a4\u00be\u00e0\u00a4\u00a8\u00e0\u00a4\u00be",
      "timestamp": 1716711326
    },
    {
      "name": "Asim Fadool Almoula",
      "timestamp": 1716711087
    },
    {
      "name": "\u00d8\u00b7\u00d9\u008a\u00d8\u00a8 \u00d9\u0088\u00d9\u008a\u00d8\u00a7\u00d9\u0083",
      "timestamp": 1716708657
    },
    {
      "name": "\u00d8\u00a7\u00d8\u00a8\u00d9\u0088 \u00d9\u0086\u00d9\u0088\u00d8\u00a7\u00d9\u0081 \u00d8\u00a7\u00d8\u00a8\u00d9\u0088 \u00d9\u0086\u00d9\u0088\u00d8\u00a7\u00d9\u0081",
      "timestamp": 1716651801
    },
    {
      "name": "\u00d9\u0084\u00d9\u0088\u00d8\u00b3\u00d9\u008a\u00d9\u0081\u00d8\u00b1-lucifer",
      "timestamp": 1716643182
    },
    {
      "name": "Rhaf Ali",
      "timestamp": 1716632048
    },
    {
      "name": "ROony Almaqtary",
      "timestamp": 1716631697
    },
    {
      "name": "NA ED",
      "timestamp": 1716630060
    },
    {
      "name": "Mohammed Ali Almahni",
      "timestamp": 1716630051
    },
    {
      "name": "Sheroo Waleed",
      "timestamp": 1716630041
    },
    {
      "name": "\u00d8\u00ba\u00d9\u008a\u00d9\u0086 \u00ef\u00b9\u00be\u00d9\u00ad\u00ef\u00b9\u00be",
      "timestamp": 1716630036
    },
    {
      "name": "\u00d8\u00b1\u00d9\u0087\u00d9\u0081 \u00d9\u0085\u00d8\u00ad\u00d9\u0085\u00d8\u00af",
      "timestamp": 1716630022
    }
  ]
}