{
  "datr_stats_v2": {
    "Z25i********************": [
      1734504041
    ],
    "myZa********************": [
      1734504011,
      1734504041,
      1734504014
    ],
    "DY5b********************": [
      1734123309
    ],
    "gX5b********************": [
      1734049409
    ],
    "hzVL********************": [
      1734032381,
      1733945569,
      1733856668,
      1733770069,
      1733683466,
      1733561430,
      1733474870,
      1733388440,
      1733299214,
      1733212214,
      1733087141,
      1733000290
    ],
    "EJZH********************": [
      1732910382,
      1732821576
    ],
    "3YxF********************": [
      1732735030
    ],
    "nHny********************": [
      1732560234,
      1732473833,
      1732386052,
      1732298922,
      1732212347,
      1732125752,
      1732039351,
      1731952042,
      1731865620,
      1731778769,
      1731683741,
      1731583261,
      1731496417,
      1731407254,
      1731318767,
      1731230562,
      1731101578,
      1731013850,
      1730927317,
      1730840448,
      1730752398,
      1730665275,
      1730574949,
      1730487073,
      1730400592,
      1730224190,
      1730136901,
      1730050380,
      1729963720,
      1729877127,
      1729790461,
      1729701966,
      1729615494,
      1729515704,
      1729429099,
      1729341844,
      1729253599,
      1729167152,
      1729080165,
      1728990706,
      1728904105,
      1728816555,
      1728729986,
      1728643470,
      1728556982,
      1728470354,
      1728382316,
      1728293073,
      1728202184,
      1728115714,
      1728024382,
      1727925467,
      1727816446,
      1727727952,
      1727641360,
      1727554431,
      1727467273,
      1727377435,
      1727288733,
      1727199799
    ],
    "dYPl********************": [
      1727113367,
      1727026625,
      1726940125,
      1726845598,
      1726753088,
      1726665463,
      1726578063,
      1726490576,
      1726400926
    ],
    "vq3k********************": [
      1726311031,
      1726263485,
      1726263263
    ],
    "aQ_e********************": [
      1726222843,
      1726134836,
      1726040498
    ],
    "FA_e********************": [
      1725951654
    ],
    "teqk********************": [
      1725828816,
      1723373295
    ],
    "PRjK********************": [
      1724783027,
      1724693537,
      1724606844
    ],
    "_5a4********************": [
      1724520420,
      1724433883,
      1724345601,
      1724258084,
      1724171149,
      1724082137,
      1723995638,
      1723907773,
      1723821246,
      1723734702,
      1723645041,
      1723554754,
      1723467846,
      1723373313,
      1723373332
    ],
    "Epe4********************": [
      1723373332
    ],
    "WYKy********************": [
      1723203314,
      1723110462,
      1723023999
    ],
    "0jOq********************": [
      1722935575,
      1722846252,
      1722721219,
      1722633051,
      1722541742,
      1722454816
    ],
    "0r-n********************": [
      1722367989,
      1722280865
    ],
    "E-uk********************": [
      1722192582,
      1722106087
    ],
    "Hkah********************": [
      1722019499,
      1721933073
    ],
    "eEWh********************": [
      1721845113
    ],
    "OyNn********************": [
      1721845098
    ],
    "YTOe********************": [
      1721816977,
      1721729381
    ],
    "ZAGe********************": [
      1721642203
    ],
    "8jKc********************": [
      1721555360
    ],
    "ZOGX********************": [
      1721468591,
      1721375232,
      1721286812
    ],
    "ZnOK********************": [
      1721200022,
      1721113179,
      1721024844,
      1720906726,
      1720820190,
      1720733130,
      1720646581,
      1720559871,
      1720471081,
      1720382754
    ],
    "VyKJ********************": [
      1720296123,
      1720296122
    ],
    "xOCG********************": [
      1720204515,
      1720117020
    ],
    "jzqE********************": [
      1720030107
    ],
    "YjqE********************": [
      1719941744,
      1719941748
    ],
    "l5GC********************": [
      1719860093
    ],
    "BsN-********************": [
      1719772192,
      1719685517,
      1719598907
    ],
    "0Tx9********************": [
      1719512025
    ],
    "2vB7********************": [
      1719424903
    ],
    "n3V5********************": [
      1719337996,
      1719249550
    ],
    "swB4********************": [
      1719162660
    ],
    "r_B1********************": [
      1719075799
    ],
    "XFl1********************": [
      1718988372
    ],
    "ZzF0********************": [
      1718901908
    ],
    "OHtx********************": [
      1718815162,
      1718728620
    ],
    "HUZv********************": [
      1718640906
    ],
    "JGNu********************": [
      1718554208
    ],
    "zq1t********************": [
      1718467129
    ],
    "DLdq********************": [
      1718380691,
      1718283475
    ],
    "koJp********************": [
      1718196892
    ],
    "m5Vo********************": [
      1718130076
    ],
    "kCRo********************": [
      1718108098
    ],
    "utRm********************": [
      1718015163
    ],
    "2KVk********************": [
      1717936767
    ],
    "9jdk********************": [
      1717843959
    ],
    "yNli********************": [
      1717773699
    ],
    "Bnth********************": [
      1717687068
    ],
    "2XVh********************": [
      1717663197,
      1717663196
    ],
    "mYFg********************": [
      1717600665
    ],
    "JIBG********************": [
      1717600656,
      1715896368,
      1715896365,
      1715896363,
      1715968171,
      1715968063
    ],
    "_lZg********************": [
      1717590663
    ],
    "d_5d********************": [
      1717503752
    ],
    "kWtd********************": [
      1717414380
    ],
    "zZFb********************": [
      1717318891
    ],
    "lQxa********************": [
      1717229279
    ],
    "23VZ********************": [
      1717138907
    ],
    "YxhW********************": [
      1717095135,
      1717005655,
      1716918371
    ],
    "HJpY********************": [
      1717083612
    ],
    "lBhW********************": [
      1716997181
    ],
    "YhhW********************": [
      1716918370
    ],
    "YeZV********************": [
      1716907506
    ],
    "AoxU********************": [
      1716819932
    ],
    "J0JT********************": [
      1716732731
    ],
    "tOVR********************": [
      1716646331
    ],
    "6p9P********************": [
      1716559052,
      1716629162
    ],
    "cGFM********************": [
      1716470418,
      1716478671
    ],
    "qwtL********************": [
      1716281564
    ],
    "qZhH********************": [
      1716192357,
      1716072187,
      1715984487
    ],
    "olxg********************": [
      1717591335
    ],
    "xAlb********************": [
      1717261646,
      1717246453,
      1717246452
    ],
    "5lhY********************": [
      1717066472
    ],
    "FxhW********************": [
      1716918373,
      1716918372
    ],
    "JEZT********************": [
      1716733619
    ],
    "w7FR********************": [
      1716630225
    ]
  }
}