[
  {
    "media": [
      
    ],
    "label_values": [
      {
        "ent_field_name": "AutoLoginTime",
        "label": "\u00d9\u0088\u00d9\u0082\u00d8\u00aa \u00d8\u00aa\u00d8\u00b3\u00d8\u00ac\u00d9\u008a\u00d9\u0084 \u00d8\u00a7\u00d9\u0084\u00d8\u00af\u00d8\u00ae\u00d9\u0088\u00d9\u0084",
        "timestamp_value": 0
      },
      {
        "ent_field_name": "HashedCookieValue",
        "label": "\u00d9\u0085\u00d9\u0084\u00d9\u0081 \u00d8\u00aa\u00d8\u00b9\u00d8\u00b1\u00d9\u008a\u00d9\u0081 \u00d8\u00a7\u00d8\u00b1\u00d8\u00aa\u00d8\u00a8\u00d8\u00a7\u00d8\u00b7 \u00d8\u00a7\u00d9\u0084\u00d9\u0085\u00d8\u00aa\u00d8\u00b5\u00d9\u0081\u00d8\u00ad",
        "value": "df6de46937f86dea438481c83b09c0cd9c0d18ea17401ec44dfd62c3f0e136df"
      }
    ],
    "fbid": "122151746462333708",
    "ent_name": "EntDeviceLoginUser"
  },
  {
    "media": [
      
    ],
    "label_values": [
      {
        "ent_field_name": "AutoLoginTime",
        "label": "\u00d9\u0088\u00d9\u0082\u00d8\u00aa \u00d8\u00aa\u00d8\u00b3\u00d8\u00ac\u00d9\u008a\u00d9\u0084 \u00d8\u00a7\u00d9\u0084\u00d8\u00af\u00d8\u00ae\u00d9\u0088\u00d9\u0084",
        "timestamp_value": 0
      },
      {
        "ent_field_name": "HashedCookieValue",
        "label": "\u00d9\u0085\u00d9\u0084\u00d9\u0081 \u00d8\u00aa\u00d8\u00b9\u00d8\u00b1\u00d9\u008a\u00d9\u0081 \u00d8\u00a7\u00d8\u00b1\u00d8\u00aa\u00d8\u00a8\u00d8\u00a7\u00d8\u00b7 \u00d8\u00a7\u00d9\u0084\u00d9\u0085\u00d8\u00aa\u00d8\u00b5\u00d9\u0081\u00d8\u00ad",
        "value": "5551130002d40718d45589ee53ea947b1a9cafdf17761bdfbdabe2a9ad1c817f"
      }
    ],
    "fbid": "122151742526333708",
    "ent_name": "EntDeviceLoginUser"
  },
  {
    "media": [
      
    ],
    "label_values": [
      {
        "ent_field_name": "AutoLoginTime",
        "label": "\u00d9\u0088\u00d9\u0082\u00d8\u00aa \u00d8\u00aa\u00d8\u00b3\u00d8\u00ac\u00d9\u008a\u00d9\u0084 \u00d8\u00a7\u00d9\u0084\u00d8\u00af\u00d8\u00ae\u00d9\u0088\u00d9\u0084",
        "timestamp_value": 0
      },
      {
        "ent_field_name": "HashedCookieValue",
        "label": "\u00d9\u0085\u00d9\u0084\u00d9\u0081 \u00d8\u00aa\u00d8\u00b9\u00d8\u00b1\u00d9\u008a\u00d9\u0081 \u00d8\u00a7\u00d8\u00b1\u00d8\u00aa\u00d8\u00a8\u00d8\u00a7\u00d8\u00b7 \u00d8\u00a7\u00d9\u0084\u00d9\u0085\u00d8\u00aa\u00d8\u00b5\u00d9\u0081\u00d8\u00ad",
        "value": "95bc65bf21878b64e4a14be35fc39e7097fd3fd965e285bd42464dabb02a38ac"
      }
    ],
    "fbid": "122151741920333708",
    "ent_name": "EntDeviceLoginUser"
  },
  {
    "media": [
      
    ],
    "label_values": [
      {
        "ent_field_name": "AutoLoginTime",
        "label": "\u00d9\u0088\u00d9\u0082\u00d8\u00aa \u00d8\u00aa\u00d8\u00b3\u00d8\u00ac\u00d9\u008a\u00d9\u0084 \u00d8\u00a7\u00d9\u0084\u00d8\u00af\u00d8\u00ae\u00d9\u0088\u00d9\u0084",
        "timestamp_value": 0
      },
      {
        "ent_field_name": "HashedCookieValue",
        "label": "\u00d9\u0085\u00d9\u0084\u00d9\u0081 \u00d8\u00aa\u00d8\u00b9\u00d8\u00b1\u00d9\u008a\u00d9\u0081 \u00d8\u00a7\u00d8\u00b1\u00d8\u00aa\u00d8\u00a8\u00d8\u00a7\u00d8\u00b7 \u00d8\u00a7\u00d9\u0084\u00d9\u0085\u00d8\u00aa\u00d8\u00b5\u00d9\u0081\u00d8\u00ad",
        "value": "677e2c288f44498a69b8fb9996e4a69b0aa62620e1b741477232dea4b1f8cdb0"
      }
    ],
    "fbid": "122151729590333708",
    "ent_name": "EntDeviceLoginUser"
  },
  {
    "media": [
      
    ],
    "label_values": [
      {
        "ent_field_name": "AutoLoginTime",
        "label": "\u00d9\u0088\u00d9\u0082\u00d8\u00aa \u00d8\u00aa\u00d8\u00b3\u00d8\u00ac\u00d9\u008a\u00d9\u0084 \u00d8\u00a7\u00d9\u0084\u00d8\u00af\u00d8\u00ae\u00d9\u0088\u00d9\u0084",
        "timestamp_value": 0
      },
      {
        "ent_field_name": "HashedCookieValue",
        "label": "\u00d9\u0085\u00d9\u0084\u00d9\u0081 \u00d8\u00aa\u00d8\u00b9\u00d8\u00b1\u00d9\u008a\u00d9\u0081 \u00d8\u00a7\u00d8\u00b1\u00d8\u00aa\u00d8\u00a8\u00d8\u00a7\u00d8\u00b7 \u00d8\u00a7\u00d9\u0084\u00d9\u0085\u00d8\u00aa\u00d8\u00b5\u00d9\u0081\u00d8\u00ad",
        "value": "f0924f98f3ab099847412853e49ef409ddadf0ef0804b6170fb7d7c93cdca3d7"
      }
    ],
    "fbid": "122150723864333708",
    "ent_name": "EntDeviceLoginUser"
  },
  {
    "media": [
      
    ],
    "label_values": [
      {
        "ent_field_name": "AutoLoginTime",
        "label": "\u00d9\u0088\u00d9\u0082\u00d8\u00aa \u00d8\u00aa\u00d8\u00b3\u00d8\u00ac\u00d9\u008a\u00d9\u0084 \u00d8\u00a7\u00d9\u0084\u00d8\u00af\u00d8\u00ae\u00d9\u0088\u00d9\u0084",
        "timestamp_value": 0
      },
      {
        "ent_field_name": "HashedCookieValue",
        "label": "\u00d9\u0085\u00d9\u0084\u00d9\u0081 \u00d8\u00aa\u00d8\u00b9\u00d8\u00b1\u00d9\u008a\u00d9\u0081 \u00d8\u00a7\u00d8\u00b1\u00d8\u00aa\u00d8\u00a8\u00d8\u00a7\u00d8\u00b7 \u00d8\u00a7\u00d9\u0084\u00d9\u0085\u00d8\u00aa\u00d8\u00b5\u00d9\u0081\u00d8\u00ad",
        "value": "34b273d0931db2178d844e4003d352f78e0998ed39ac56d261d2df5ca65fc9cd"
      }
    ],
    "fbid": "122148676328333708",
    "ent_name": "EntDeviceLoginUser"
  },
  {
    "media": [
      
    ],
    "label_values": [
      {
        "ent_field_name": "AutoLoginTime",
        "label": "\u00d9\u0088\u00d9\u0082\u00d8\u00aa \u00d8\u00aa\u00d8\u00b3\u00d8\u00ac\u00d9\u008a\u00d9\u0084 \u00d8\u00a7\u00d9\u0084\u00d8\u00af\u00d8\u00ae\u00d9\u0088\u00d9\u0084",
        "timestamp_value": 0
      },
      {
        "ent_field_name": "HashedCookieValue",
        "label": "\u00d9\u0085\u00d9\u0084\u00d9\u0081 \u00d8\u00aa\u00d8\u00b9\u00d8\u00b1\u00d9\u008a\u00d9\u0081 \u00d8\u00a7\u00d8\u00b1\u00d8\u00aa\u00d8\u00a8\u00d8\u00a7\u00d8\u00b7 \u00d8\u00a7\u00d9\u0084\u00d9\u0085\u00d8\u00aa\u00d8\u00b5\u00d9\u0081\u00d8\u00ad",
        "value": "f5201936f3ce3e9d18fc272f9eeebb7c7dbb75e037e85aca6d56b96be73c59e8"
      }
    ],
    "fbid": "122148115922333708",
    "ent_name": "EntDeviceLoginUser"
  },
  {
    "media": [
      
    ],
    "label_values": [
      {
        "ent_field_name": "AutoLoginTime",
        "label": "\u00d9\u0088\u00d9\u0082\u00d8\u00aa \u00d8\u00aa\u00d8\u00b3\u00d8\u00ac\u00d9\u008a\u00d9\u0084 \u00d8\u00a7\u00d9\u0084\u00d8\u00af\u00d8\u00ae\u00d9\u0088\u00d9\u0084",
        "timestamp_value": 0
      },
      {
        "ent_field_name": "HashedCookieValue",
        "label": "\u00d9\u0085\u00d9\u0084\u00d9\u0081 \u00d8\u00aa\u00d8\u00b9\u00d8\u00b1\u00d9\u008a\u00d9\u0081 \u00d8\u00a7\u00d8\u00b1\u00d8\u00aa\u00d8\u00a8\u00d8\u00a7\u00d8\u00b7 \u00d8\u00a7\u00d9\u0084\u00d9\u0085\u00d8\u00aa\u00d8\u00b5\u00d9\u0081\u00d8\u00ad",
        "value": "d95d444efa853ae98c014c6ed7a218a91903986cae1f96e8c9c0228856a9c320"
      }
    ],
    "fbid": "122147795732333708",
    "ent_name": "EntDeviceLoginUser"
  },
  {
    "media": [
      
    ],
    "label_values": [
      {
        "ent_field_name": "AutoLoginTime",
        "label": "\u00d9\u0088\u00d9\u0082\u00d8\u00aa \u00d8\u00aa\u00d8\u00b3\u00d8\u00ac\u00d9\u008a\u00d9\u0084 \u00d8\u00a7\u00d9\u0084\u00d8\u00af\u00d8\u00ae\u00d9\u0088\u00d9\u0084",
        "timestamp_value": 0
      },
      {
        "ent_field_name": "HashedCookieValue",
        "label": "\u00d9\u0085\u00d9\u0084\u00d9\u0081 \u00d8\u00aa\u00d8\u00b9\u00d8\u00b1\u00d9\u008a\u00d9\u0081 \u00d8\u00a7\u00d8\u00b1\u00d8\u00aa\u00d8\u00a8\u00d8\u00a7\u00d8\u00b7 \u00d8\u00a7\u00d9\u0084\u00d9\u0085\u00d8\u00aa\u00d8\u00b5\u00d9\u0081\u00d8\u00ad",
        "value": "8effb432c7e49fb8688e3b89702fc32cf86ad17166eb60a964bfc4e5e879283e"
      }
    ],
    "fbid": "122147795540333708",
    "ent_name": "EntDeviceLoginUser"
  },
  {
    "media": [
      
    ],
    "label_values": [
      {
        "ent_field_name": "AutoLoginTime",
        "label": "\u00d9\u0088\u00d9\u0082\u00d8\u00aa \u00d8\u00aa\u00d8\u00b3\u00d8\u00ac\u00d9\u008a\u00d9\u0084 \u00d8\u00a7\u00d9\u0084\u00d8\u00af\u00d8\u00ae\u00d9\u0088\u00d9\u0084",
        "timestamp_value": 0
      },
      {
        "ent_field_name": "HashedCookieValue",
        "label": "\u00d9\u0085\u00d9\u0084\u00d9\u0081 \u00d8\u00aa\u00d8\u00b9\u00d8\u00b1\u00d9\u008a\u00d9\u0081 \u00d8\u00a7\u00d8\u00b1\u00d8\u00aa\u00d8\u00a8\u00d8\u00a7\u00d8\u00b7 \u00d8\u00a7\u00d9\u0084\u00d9\u0085\u00d8\u00aa\u00d8\u00b5\u00d9\u0081\u00d8\u00ad",
        "value": "4c637a4b3dc19287071f7ec381e570fd390c8b50e2b0fbd60d19baffb0bbe329"
      }
    ],
    "fbid": "122135550188333708",
    "ent_name": "EntDeviceLoginUser"
  },
  {
    "media": [
      
    ],
    "label_values": [
      {
        "ent_field_name": "AutoLoginTime",
        "label": "\u00d9\u0088\u00d9\u0082\u00d8\u00aa \u00d8\u00aa\u00d8\u00b3\u00d8\u00ac\u00d9\u008a\u00d9\u0084 \u00d8\u00a7\u00d9\u0084\u00d8\u00af\u00d8\u00ae\u00d9\u0088\u00d9\u0084",
        "timestamp_value": 0
      },
      {
        "ent_field_name": "HashedCookieValue",
        "label": "\u00d9\u0085\u00d9\u0084\u00d9\u0081 \u00d8\u00aa\u00d8\u00b9\u00d8\u00b1\u00d9\u008a\u00d9\u0081 \u00d8\u00a7\u00d8\u00b1\u00d8\u00aa\u00d8\u00a8\u00d8\u00a7\u00d8\u00b7 \u00d8\u00a7\u00d9\u0084\u00d9\u0085\u00d8\u00aa\u00d8\u00b5\u00d9\u0081\u00d8\u00ad",
        "value": "052ca4c456e928a6bc26a0805497b05ad53bd0637da3264d9c56d98fbdde6804"
      }
    ],
    "fbid": "122135460182333708",
    "ent_name": "EntDeviceLoginUser"
  },
  {
    "media": [
      
    ],
    "label_values": [
      {
        "ent_field_name": "AutoLoginTime",
        "label": "\u00d9\u0088\u00d9\u0082\u00d8\u00aa \u00d8\u00aa\u00d8\u00b3\u00d8\u00ac\u00d9\u008a\u00d9\u0084 \u00d8\u00a7\u00d9\u0084\u00d8\u00af\u00d8\u00ae\u00d9\u0088\u00d9\u0084",
        "timestamp_value": 0
      },
      {
        "ent_field_name": "HashedCookieValue",
        "label": "\u00d9\u0085\u00d9\u0084\u00d9\u0081 \u00d8\u00aa\u00d8\u00b9\u00d8\u00b1\u00d9\u008a\u00d9\u0081 \u00d8\u00a7\u00d8\u00b1\u00d8\u00aa\u00d8\u00a8\u00d8\u00a7\u00d8\u00b7 \u00d8\u00a7\u00d9\u0084\u00d9\u0085\u00d8\u00aa\u00d8\u00b5\u00d9\u0081\u00d8\u00ad",
        "value": "45ea8d437d1115a95f53ed3fe94d2778abc775fc1af6284ec45266d8ee6c967e"
      }
    ],
    "fbid": "122133127850333708",
    "ent_name": "EntDeviceLoginUser"
  },
  {
    "media": [
      
    ],
    "label_values": [
      {
        "ent_field_name": "AutoLoginTime",
        "label": "\u00d9\u0088\u00d9\u0082\u00d8\u00aa \u00d8\u00aa\u00d8\u00b3\u00d8\u00ac\u00d9\u008a\u00d9\u0084 \u00d8\u00a7\u00d9\u0084\u00d8\u00af\u00d8\u00ae\u00d9\u0088\u00d9\u0084",
        "timestamp_value": 0
      },
      {
        "ent_field_name": "HashedCookieValue",
        "label": "\u00d9\u0085\u00d9\u0084\u00d9\u0081 \u00d8\u00aa\u00d8\u00b9\u00d8\u00b1\u00d9\u008a\u00d9\u0081 \u00d8\u00a7\u00d8\u00b1\u00d8\u00aa\u00d8\u00a8\u00d8\u00a7\u00d8\u00b7 \u00d8\u00a7\u00d9\u0084\u00d9\u0085\u00d8\u00aa\u00d8\u00b5\u00d9\u0081\u00d8\u00ad",
        "value": "9fdd396868044120cbce0827a1ecf725f50c3c72d7dd0047da1846c312a63417"
      }
    ],
    "fbid": "122124681770333708",
    "ent_name": "EntDeviceLoginUser"
  },
  {
    "media": [
      
    ],
    "label_values": [
      {
        "ent_field_name": "AutoLoginTime",
        "label": "\u00d9\u0088\u00d9\u0082\u00d8\u00aa \u00d8\u00aa\u00d8\u00b3\u00d8\u00ac\u00d9\u008a\u00d9\u0084 \u00d8\u00a7\u00d9\u0084\u00d8\u00af\u00d8\u00ae\u00d9\u0088\u00d9\u0084",
        "timestamp_value": 0
      },
      {
        "ent_field_name": "HashedCookieValue",
        "label": "\u00d9\u0085\u00d9\u0084\u00d9\u0081 \u00d8\u00aa\u00d8\u00b9\u00d8\u00b1\u00d9\u008a\u00d9\u0081 \u00d8\u00a7\u00d8\u00b1\u00d8\u00aa\u00d8\u00a8\u00d8\u00a7\u00d8\u00b7 \u00d8\u00a7\u00d9\u0084\u00d9\u0085\u00d8\u00aa\u00d8\u00b5\u00d9\u0081\u00d8\u00ad",
        "value": "82593bf12713176bb9759453759df5f1eeab00ed5e236b4a4767ed0a3e30c878"
      }
    ],
    "fbid": "122122782134333708",
    "ent_name": "EntDeviceLoginUser"
  },
  {
    "media": [
      
    ],
    "label_values": [
      {
        "ent_field_name": "AutoLoginTime",
        "label": "\u00d9\u0088\u00d9\u0082\u00d8\u00aa \u00d8\u00aa\u00d8\u00b3\u00d8\u00ac\u00d9\u008a\u00d9\u0084 \u00d8\u00a7\u00d9\u0084\u00d8\u00af\u00d8\u00ae\u00d9\u0088\u00d9\u0084",
        "timestamp_value": 0
      },
      {
        "ent_field_name": "HashedCookieValue",
        "label": "\u00d9\u0085\u00d9\u0084\u00d9\u0081 \u00d8\u00aa\u00d8\u00b9\u00d8\u00b1\u00d9\u008a\u00d9\u0081 \u00d8\u00a7\u00d8\u00b1\u00d8\u00aa\u00d8\u00a8\u00d8\u00a7\u00d8\u00b7 \u00d8\u00a7\u00d9\u0084\u00d9\u0085\u00d8\u00aa\u00d8\u00b5\u00d9\u0081\u00d8\u00ad",
        "value": "7264d14246ba33959a6bfd13ced83dfd6e385756d5a04cd8a65f4bc1ec807619"
      }
    ],
    "fbid": "122122327478333708",
    "ent_name": "EntDeviceLoginUser"
  },
  {
    "media": [
      
    ],
    "label_values": [
      {
        "ent_field_name": "AutoLoginTime",
        "label": "\u00d9\u0088\u00d9\u0082\u00d8\u00aa \u00d8\u00aa\u00d8\u00b3\u00d8\u00ac\u00d9\u008a\u00d9\u0084 \u00d8\u00a7\u00d9\u0084\u00d8\u00af\u00d8\u00ae\u00d9\u0088\u00d9\u0084",
        "timestamp_value": 0
      },
      {
        "ent_field_name": "HashedCookieValue",
        "label": "\u00d9\u0085\u00d9\u0084\u00d9\u0081 \u00d8\u00aa\u00d8\u00b9\u00d8\u00b1\u00d9\u008a\u00d9\u0081 \u00d8\u00a7\u00d8\u00b1\u00d8\u00aa\u00d8\u00a8\u00d8\u00a7\u00d8\u00b7 \u00d8\u00a7\u00d9\u0084\u00d9\u0085\u00d8\u00aa\u00d8\u00b5\u00d9\u0081\u00d8\u00ad",
        "value": "28ea0f33eb3068db546717b3b8aed920380342a16d2119f2fa261f2ae1905366"
      }
    ],
    "fbid": "122121164906333708",
    "ent_name": "EntDeviceLoginUser"
  },
  {
    "media": [
      
    ],
    "label_values": [
      {
        "ent_field_name": "AutoLoginTime",
        "label": "\u00d9\u0088\u00d9\u0082\u00d8\u00aa \u00d8\u00aa\u00d8\u00b3\u00d8\u00ac\u00d9\u008a\u00d9\u0084 \u00d8\u00a7\u00d9\u0084\u00d8\u00af\u00d8\u00ae\u00d9\u0088\u00d9\u0084",
        "timestamp_value": 0
      },
      {
        "ent_field_name": "HashedCookieValue",
        "label": "\u00d9\u0085\u00d9\u0084\u00d9\u0081 \u00d8\u00aa\u00d8\u00b9\u00d8\u00b1\u00d9\u008a\u00d9\u0081 \u00d8\u00a7\u00d8\u00b1\u00d8\u00aa\u00d8\u00a8\u00d8\u00a7\u00d8\u00b7 \u00d8\u00a7\u00d9\u0084\u00d9\u0085\u00d8\u00aa\u00d8\u00b5\u00d9\u0081\u00d8\u00ad",
        "value": "295ef9cedc059b27db979d32eaf2fbda761f67611fd5949e6b42837c69ed9991"
      }
    ],
    "fbid": "122120947892333708",
    "ent_name": "EntDeviceLoginUser"
  },
  {
    "media": [
      
    ],
    "label_values": [
      {
        "ent_field_name": "AutoLoginTime",
        "label": "\u00d9\u0088\u00d9\u0082\u00d8\u00aa \u00d8\u00aa\u00d8\u00b3\u00d8\u00ac\u00d9\u008a\u00d9\u0084 \u00d8\u00a7\u00d9\u0084\u00d8\u00af\u00d8\u00ae\u00d9\u0088\u00d9\u0084",
        "timestamp_value": 0
      },
      {
        "ent_field_name": "HashedCookieValue",
        "label": "\u00d9\u0085\u00d9\u0084\u00d9\u0081 \u00d8\u00aa\u00d8\u00b9\u00d8\u00b1\u00d9\u008a\u00d9\u0081 \u00d8\u00a7\u00d8\u00b1\u00d8\u00aa\u00d8\u00a8\u00d8\u00a7\u00d8\u00b7 \u00d8\u00a7\u00d9\u0084\u00d9\u0085\u00d8\u00aa\u00d8\u00b5\u00d9\u0081\u00d8\u00ad",
        "value": "94f609547f68831b409d03c244be2c234fea4caa15a6ece894abe7da6af14611"
      }
    ],
    "fbid": "122120206742333708",
    "ent_name": "EntDeviceLoginUser"
  },
  {
    "media": [
      
    ],
    "label_values": [
      {
        "ent_field_name": "AutoLoginTime",
        "label": "\u00d9\u0088\u00d9\u0082\u00d8\u00aa \u00d8\u00aa\u00d8\u00b3\u00d8\u00ac\u00d9\u008a\u00d9\u0084 \u00d8\u00a7\u00d9\u0084\u00d8\u00af\u00d8\u00ae\u00d9\u0088\u00d9\u0084",
        "timestamp_value": 0
      },
      {
        "ent_field_name": "HashedCookieValue",
        "label": "\u00d9\u0085\u00d9\u0084\u00d9\u0081 \u00d8\u00aa\u00d8\u00b9\u00d8\u00b1\u00d9\u008a\u00d9\u0081 \u00d8\u00a7\u00d8\u00b1\u00d8\u00aa\u00d8\u00a8\u00d8\u00a7\u00d8\u00b7 \u00d8\u00a7\u00d9\u0084\u00d9\u0085\u00d8\u00aa\u00d8\u00b5\u00d9\u0081\u00d8\u00ad",
        "value": "c0159c0fb6ddf31d3e4384d70e3a938c786644a44bbefe84dd038bbbba826640"
      }
    ],
    "fbid": "122117667230333708",
    "ent_name": "EntDeviceLoginUser"
  },
  {
    "media": [
      
    ],
    "label_values": [
      {
        "ent_field_name": "AutoLoginTime",
        "label": "\u00d9\u0088\u00d9\u0082\u00d8\u00aa \u00d8\u00aa\u00d8\u00b3\u00d8\u00ac\u00d9\u008a\u00d9\u0084 \u00d8\u00a7\u00d9\u0084\u00d8\u00af\u00d8\u00ae\u00d9\u0088\u00d9\u0084",
        "timestamp_value": 0
      },
      {
        "ent_field_name": "HashedCookieValue",
        "label": "\u00d9\u0085\u00d9\u0084\u00d9\u0081 \u00d8\u00aa\u00d8\u00b9\u00d8\u00b1\u00d9\u008a\u00d9\u0081 \u00d8\u00a7\u00d8\u00b1\u00d8\u00aa\u00d8\u00a8\u00d8\u00a7\u00d8\u00b7 \u00d8\u00a7\u00d9\u0084\u00d9\u0085\u00d8\u00aa\u00d8\u00b5\u00d9\u0081\u00d8\u00ad",
        "value": "8b45f56fc38864030042fc4e77166716037aeee2e17d7bce210feb77ba6fa059"
      }
    ],
    "fbid": "122117300540333708",
    "ent_name": "EntDeviceLoginUser"
  },
  {
    "media": [
      
    ],
    "label_values": [
      {
        "ent_field_name": "AutoLoginTime",
        "label": "\u00d9\u0088\u00d9\u0082\u00d8\u00aa \u00d8\u00aa\u00d8\u00b3\u00d8\u00ac\u00d9\u008a\u00d9\u0084 \u00d8\u00a7\u00d9\u0084\u00d8\u00af\u00d8\u00ae\u00d9\u0088\u00d9\u0084",
        "timestamp_value": 0
      },
      {
        "ent_field_name": "HashedCookieValue",
        "label": "\u00d9\u0085\u00d9\u0084\u00d9\u0081 \u00d8\u00aa\u00d8\u00b9\u00d8\u00b1\u00d9\u008a\u00d9\u0081 \u00d8\u00a7\u00d8\u00b1\u00d8\u00aa\u00d8\u00a8\u00d8\u00a7\u00d8\u00b7 \u00d8\u00a7\u00d9\u0084\u00d9\u0085\u00d8\u00aa\u00d8\u00b5\u00d9\u0081\u00d8\u00ad",
        "value": "b8258c2af59c159c9c3fbb2621316247d20dfd85b282a9dd8ba6c2bb68d10e3a"
      }
    ],
    "fbid": "122115767474333708",
    "ent_name": "EntDeviceLoginUser"
  },
  {
    "media": [
      
    ],
    "label_values": [
      {
        "ent_field_name": "AutoLoginTime",
        "label": "\u00d9\u0088\u00d9\u0082\u00d8\u00aa \u00d8\u00aa\u00d8\u00b3\u00d8\u00ac\u00d9\u008a\u00d9\u0084 \u00d8\u00a7\u00d9\u0084\u00d8\u00af\u00d8\u00ae\u00d9\u0088\u00d9\u0084",
        "timestamp_value": 0
      },
      {
        "ent_field_name": "HashedCookieValue",
        "label": "\u00d9\u0085\u00d9\u0084\u00d9\u0081 \u00d8\u00aa\u00d8\u00b9\u00d8\u00b1\u00d9\u008a\u00d9\u0081 \u00d8\u00a7\u00d8\u00b1\u00d8\u00aa\u00d8\u00a8\u00d8\u00a7\u00d8\u00b7 \u00d8\u00a7\u00d9\u0084\u00d9\u0085\u00d8\u00aa\u00d8\u00b5\u00d9\u0081\u00d8\u00ad",
        "value": "087e1f0ea2ffa48765d82ac5530748d65ccde5bba16da3ee7f89ee941f55ab0e"
      }
    ],
    "fbid": "122115359360333708",
    "ent_name": "EntDeviceLoginUser"
  },
  {
    "media": [
      
    ],
    "label_values": [
      {
        "ent_field_name": "AutoLoginTime",
        "label": "\u00d9\u0088\u00d9\u0082\u00d8\u00aa \u00d8\u00aa\u00d8\u00b3\u00d8\u00ac\u00d9\u008a\u00d9\u0084 \u00d8\u00a7\u00d9\u0084\u00d8\u00af\u00d8\u00ae\u00d9\u0088\u00d9\u0084",
        "timestamp_value": 0
      },
      {
        "ent_field_name": "HashedCookieValue",
        "label": "\u00d9\u0085\u00d9\u0084\u00d9\u0081 \u00d8\u00aa\u00d8\u00b9\u00d8\u00b1\u00d9\u008a\u00d9\u0081 \u00d8\u00a7\u00d8\u00b1\u00d8\u00aa\u00d8\u00a8\u00d8\u00a7\u00d8\u00b7 \u00d8\u00a7\u00d9\u0084\u00d9\u0085\u00d8\u00aa\u00d8\u00b5\u00d9\u0081\u00d8\u00ad",
        "value": "598297b25b97bffd3befae17cbc87cd6ee297fc7dded8d318b81844b25ff6344"
      }
    ],
    "fbid": "122114878538333708",
    "ent_name": "EntDeviceLoginUser"
  },
  {
    "media": [
      
    ],
    "label_values": [
      {
        "ent_field_name": "AutoLoginTime",
        "label": "\u00d9\u0088\u00d9\u0082\u00d8\u00aa \u00d8\u00aa\u00d8\u00b3\u00d8\u00ac\u00d9\u008a\u00d9\u0084 \u00d8\u00a7\u00d9\u0084\u00d8\u00af\u00d8\u00ae\u00d9\u0088\u00d9\u0084",
        "timestamp_value": 0
      },
      {
        "ent_field_name": "HashedCookieValue",
        "label": "\u00d9\u0085\u00d9\u0084\u00d9\u0081 \u00d8\u00aa\u00d8\u00b9\u00d8\u00b1\u00d9\u008a\u00d9\u0081 \u00d8\u00a7\u00d8\u00b1\u00d8\u00aa\u00d8\u00a8\u00d8\u00a7\u00d8\u00b7 \u00d8\u00a7\u00d9\u0084\u00d9\u0085\u00d8\u00aa\u00d8\u00b5\u00d9\u0081\u00d8\u00ad",
        "value": "8416f9455dca1476a6608801590898e470204747b0ee377b89a7c03ca716b3a8"
      }
    ],
    "fbid": "122114615312333708",
    "ent_name": "EntDeviceLoginUser"
  },
  {
    "media": [
      
    ],
    "label_values": [
      {
        "ent_field_name": "AutoLoginTime",
        "label": "\u00d9\u0088\u00d9\u0082\u00d8\u00aa \u00d8\u00aa\u00d8\u00b3\u00d8\u00ac\u00d9\u008a\u00d9\u0084 \u00d8\u00a7\u00d9\u0084\u00d8\u00af\u00d8\u00ae\u00d9\u0088\u00d9\u0084",
        "timestamp_value": 0
      },
      {
        "ent_field_name": "HashedCookieValue",
        "label": "\u00d9\u0085\u00d9\u0084\u00d9\u0081 \u00d8\u00aa\u00d8\u00b9\u00d8\u00b1\u00d9\u008a\u00d9\u0081 \u00d8\u00a7\u00d8\u00b1\u00d8\u00aa\u00d8\u00a8\u00d8\u00a7\u00d8\u00b7 \u00d8\u00a7\u00d9\u0084\u00d9\u0085\u00d8\u00aa\u00d8\u00b5\u00d9\u0081\u00d8\u00ad",
        "value": "8a6a582791d2badead8925359ae41f361e3455906957e42cc99e91953dd1b650"
      }
    ],
    "fbid": "122114110718333708",
    "ent_name": "EntDeviceLoginUser"
  },
  {
    "media": [
      
    ],
    "label_values": [
      {
        "ent_field_name": "AutoLoginTime",
        "label": "\u00d9\u0088\u00d9\u0082\u00d8\u00aa \u00d8\u00aa\u00d8\u00b3\u00d8\u00ac\u00d9\u008a\u00d9\u0084 \u00d8\u00a7\u00d9\u0084\u00d8\u00af\u00d8\u00ae\u00d9\u0088\u00d9\u0084",
        "timestamp_value": 0
      },
      {
        "ent_field_name": "HashedCookieValue",
        "label": "\u00d9\u0085\u00d9\u0084\u00d9\u0081 \u00d8\u00aa\u00d8\u00b9\u00d8\u00b1\u00d9\u008a\u00d9\u0081 \u00d8\u00a7\u00d8\u00b1\u00d8\u00aa\u00d8\u00a8\u00d8\u00a7\u00d8\u00b7 \u00d8\u00a7\u00d9\u0084\u00d9\u0085\u00d8\u00aa\u00d8\u00b5\u00d9\u0081\u00d8\u00ad",
        "value": "4eb4bccd4fab7527c4f947a61a6d2e4186cfd12c7d903dcc7f65abdffba7a396"
      }
    ],
    "fbid": "122114105732333708",
    "ent_name": "EntDeviceLoginUser"
  },
  {
    "media": [
      
    ],
    "label_values": [
      {
        "ent_field_name": "AutoLoginTime",
        "label": "\u00d9\u0088\u00d9\u0082\u00d8\u00aa \u00d8\u00aa\u00d8\u00b3\u00d8\u00ac\u00d9\u008a\u00d9\u0084 \u00d8\u00a7\u00d9\u0084\u00d8\u00af\u00d8\u00ae\u00d9\u0088\u00d9\u0084",
        "timestamp_value": 0
      },
      {
        "ent_field_name": "HashedCookieValue",
        "label": "\u00d9\u0085\u00d9\u0084\u00d9\u0081 \u00d8\u00aa\u00d8\u00b9\u00d8\u00b1\u00d9\u008a\u00d9\u0081 \u00d8\u00a7\u00d8\u00b1\u00d8\u00aa\u00d8\u00a8\u00d8\u00a7\u00d8\u00b7 \u00d8\u00a7\u00d9\u0084\u00d9\u0085\u00d8\u00aa\u00d8\u00b5\u00d9\u0081\u00d8\u00ad",
        "value": "bef3be18cb8c692f81f71d6d5bb94a281de18867c84f82c304d2a9023ef2a0e8"
      }
    ],
    "fbid": "122113889462333708",
    "ent_name": "EntDeviceLoginUser"
  },
  {
    "media": [
      
    ],
    "label_values": [
      {
        "ent_field_name": "AutoLoginTime",
        "label": "\u00d9\u0088\u00d9\u0082\u00d8\u00aa \u00d8\u00aa\u00d8\u00b3\u00d8\u00ac\u00d9\u008a\u00d9\u0084 \u00d8\u00a7\u00d9\u0084\u00d8\u00af\u00d8\u00ae\u00d9\u0088\u00d9\u0084",
        "timestamp_value": 0
      },
      {
        "ent_field_name": "HashedCookieValue",
        "label": "\u00d9\u0085\u00d9\u0084\u00d9\u0081 \u00d8\u00aa\u00d8\u00b9\u00d8\u00b1\u00d9\u008a\u00d9\u0081 \u00d8\u00a7\u00d8\u00b1\u00d8\u00aa\u00d8\u00a8\u00d8\u00a7\u00d8\u00b7 \u00d8\u00a7\u00d9\u0084\u00d9\u0085\u00d8\u00aa\u00d8\u00b5\u00d9\u0081\u00d8\u00ad",
        "value": "86593dbb0979306ab7ab208f44c5c639e23b9b86d57531e758bcd3bc9f871ff7"
      }
    ],
    "fbid": "122113191002333708",
    "ent_name": "EntDeviceLoginUser"
  },
  {
    "media": [
      
    ],
    "label_values": [
      {
        "ent_field_name": "AutoLoginTime",
        "label": "\u00d9\u0088\u00d9\u0082\u00d8\u00aa \u00d8\u00aa\u00d8\u00b3\u00d8\u00ac\u00d9\u008a\u00d9\u0084 \u00d8\u00a7\u00d9\u0084\u00d8\u00af\u00d8\u00ae\u00d9\u0088\u00d9\u0084",
        "timestamp_value": 0
      },
      {
        "ent_field_name": "HashedCookieValue",
        "label": "\u00d9\u0085\u00d9\u0084\u00d9\u0081 \u00d8\u00aa\u00d8\u00b9\u00d8\u00b1\u00d9\u008a\u00d9\u0081 \u00d8\u00a7\u00d8\u00b1\u00d8\u00aa\u00d8\u00a8\u00d8\u00a7\u00d8\u00b7 \u00d8\u00a7\u00d9\u0084\u00d9\u0085\u00d8\u00aa\u00d8\u00b5\u00d9\u0081\u00d8\u00ad",
        "value": "19c1afef49a5f331081a4a26c41afa581eb6f630c009c84c168d81f3e315a270"
      }
    ],
    "fbid": "122112871022333708",
    "ent_name": "EntDeviceLoginUser"
  },
  {
    "media": [
      
    ],
    "label_values": [
      {
        "ent_field_name": "AutoLoginTime",
        "label": "\u00d9\u0088\u00d9\u0082\u00d8\u00aa \u00d8\u00aa\u00d8\u00b3\u00d8\u00ac\u00d9\u008a\u00d9\u0084 \u00d8\u00a7\u00d9\u0084\u00d8\u00af\u00d8\u00ae\u00d9\u0088\u00d9\u0084",
        "timestamp_value": 0
      },
      {
        "ent_field_name": "HashedCookieValue",
        "label": "\u00d9\u0085\u00d9\u0084\u00d9\u0081 \u00d8\u00aa\u00d8\u00b9\u00d8\u00b1\u00d9\u008a\u00d9\u0081 \u00d8\u00a7\u00d8\u00b1\u00d8\u00aa\u00d8\u00a8\u00d8\u00a7\u00d8\u00b7 \u00d8\u00a7\u00d9\u0084\u00d9\u0085\u00d8\u00aa\u00d8\u00b5\u00d9\u0081\u00d8\u00ad",
        "value": "3502aadbc16998ee39c28c73a7148c9be941f5109828b96a2b1ed2286c318eee"
      }
    ],
    "fbid": "122112592172333708",
    "ent_name": "EntDeviceLoginUser"
  },
  {
    "media": [
      
    ],
    "label_values": [
      {
        "ent_field_name": "AutoLoginTime",
        "label": "\u00d9\u0088\u00d9\u0082\u00d8\u00aa \u00d8\u00aa\u00d8\u00b3\u00d8\u00ac\u00d9\u008a\u00d9\u0084 \u00d8\u00a7\u00d9\u0084\u00d8\u00af\u00d8\u00ae\u00d9\u0088\u00d9\u0084",
        "timestamp_value": 0
      },
      {
        "ent_field_name": "HashedCookieValue",
        "label": "\u00d9\u0085\u00d9\u0084\u00d9\u0081 \u00d8\u00aa\u00d8\u00b9\u00d8\u00b1\u00d9\u008a\u00d9\u0081 \u00d8\u00a7\u00d8\u00b1\u00d8\u00aa\u00d8\u00a8\u00d8\u00a7\u00d8\u00b7 \u00d8\u00a7\u00d9\u0084\u00d9\u0085\u00d8\u00aa\u00d8\u00b5\u00d9\u0081\u00d8\u00ad",
        "value": "eb5aae37877757ebd784642eb29b10579914b237c88160819dc936d2781f79b6"
      }
    ],
    "fbid": "122112539390333708",
    "ent_name": "EntDeviceLoginUser"
  },
  {
    "media": [
      
    ],
    "label_values": [
      {
        "ent_field_name": "AutoLoginTime",
        "label": "\u00d9\u0088\u00d9\u0082\u00d8\u00aa \u00d8\u00aa\u00d8\u00b3\u00d8\u00ac\u00d9\u008a\u00d9\u0084 \u00d8\u00a7\u00d9\u0084\u00d8\u00af\u00d8\u00ae\u00d9\u0088\u00d9\u0084",
        "timestamp_value": 0
      },
      {
        "ent_field_name": "HashedCookieValue",
        "label": "\u00d9\u0085\u00d9\u0084\u00d9\u0081 \u00d8\u00aa\u00d8\u00b9\u00d8\u00b1\u00d9\u008a\u00d9\u0081 \u00d8\u00a7\u00d8\u00b1\u00d8\u00aa\u00d8\u00a8\u00d8\u00a7\u00d8\u00b7 \u00d8\u00a7\u00d9\u0084\u00d9\u0085\u00d8\u00aa\u00d8\u00b5\u00d9\u0081\u00d8\u00ad",
        "value": "a2d26e49070a8a8f47a88d22324fb3c4a5aa8aa0e6383175fdc0789a31417d05"
      }
    ],
    "fbid": "122112539360333708",
    "ent_name": "EntDeviceLoginUser"
  },
  {
    "media": [
      
    ],
    "label_values": [
      {
        "ent_field_name": "AutoLoginTime",
        "label": "\u00d9\u0088\u00d9\u0082\u00d8\u00aa \u00d8\u00aa\u00d8\u00b3\u00d8\u00ac\u00d9\u008a\u00d9\u0084 \u00d8\u00a7\u00d9\u0084\u00d8\u00af\u00d8\u00ae\u00d9\u0088\u00d9\u0084",
        "timestamp_value": 0
      },
      {
        "ent_field_name": "HashedCookieValue",
        "label": "\u00d9\u0085\u00d9\u0084\u00d9\u0081 \u00d8\u00aa\u00d8\u00b9\u00d8\u00b1\u00d9\u008a\u00d9\u0081 \u00d8\u00a7\u00d8\u00b1\u00d8\u00aa\u00d8\u00a8\u00d8\u00a7\u00d8\u00b7 \u00d8\u00a7\u00d9\u0084\u00d9\u0085\u00d8\u00aa\u00d8\u00b5\u00d9\u0081\u00d8\u00ad",
        "value": "85098fa4884a1b2cc24ee6f7b1823b1cf6ee283f5af98aaca342ce366285b456"
      }
    ],
    "fbid": "122112448454333708",
    "ent_name": "EntDeviceLoginUser"
  },
  {
    "media": [
      
    ],
    "label_values": [
      {
        "ent_field_name": "AutoLoginTime",
        "label": "\u00d9\u0088\u00d9\u0082\u00d8\u00aa \u00d8\u00aa\u00d8\u00b3\u00d8\u00ac\u00d9\u008a\u00d9\u0084 \u00d8\u00a7\u00d9\u0084\u00d8\u00af\u00d8\u00ae\u00d9\u0088\u00d9\u0084",
        "timestamp_value": 0
      },
      {
        "ent_field_name": "HashedCookieValue",
        "label": "\u00d9\u0085\u00d9\u0084\u00d9\u0081 \u00d8\u00aa\u00d8\u00b9\u00d8\u00b1\u00d9\u008a\u00d9\u0081 \u00d8\u00a7\u00d8\u00b1\u00d8\u00aa\u00d8\u00a8\u00d8\u00a7\u00d8\u00b7 \u00d8\u00a7\u00d9\u0084\u00d9\u0085\u00d8\u00aa\u00d8\u00b5\u00d9\u0081\u00d8\u00ad",
        "value": "249270289ef406afb16aec6e0188e27b0de716282d01050c6e60744e3caaf55a"
      }
    ],
    "fbid": "122112274160333708",
    "ent_name": "EntDeviceLoginUser"
  },
  {
    "media": [
      
    ],
    "label_values": [
      {
        "ent_field_name": "AutoLoginTime",
        "label": "\u00d9\u0088\u00d9\u0082\u00d8\u00aa \u00d8\u00aa\u00d8\u00b3\u00d8\u00ac\u00d9\u008a\u00d9\u0084 \u00d8\u00a7\u00d9\u0084\u00d8\u00af\u00d8\u00ae\u00d9\u0088\u00d9\u0084",
        "timestamp_value": 0
      },
      {
        "ent_field_name": "HashedCookieValue",
        "label": "\u00d9\u0085\u00d9\u0084\u00d9\u0081 \u00d8\u00aa\u00d8\u00b9\u00d8\u00b1\u00d9\u008a\u00d9\u0081 \u00d8\u00a7\u00d8\u00b1\u00d8\u00aa\u00d8\u00a8\u00d8\u00a7\u00d8\u00b7 \u00d8\u00a7\u00d9\u0084\u00d9\u0085\u00d8\u00aa\u00d8\u00b5\u00d9\u0081\u00d8\u00ad",
        "value": "1fab7d94325b9b81aecb1e1ec91ba0ec561c7acd334ecd9f6ff283df2af99ddc"
      }
    ],
    "fbid": "122111788166333708",
    "ent_name": "EntDeviceLoginUser"
  },
  {
    "media": [
      
    ],
    "label_values": [
      {
        "ent_field_name": "AutoLoginTime",
        "label": "\u00d9\u0088\u00d9\u0082\u00d8\u00aa \u00d8\u00aa\u00d8\u00b3\u00d8\u00ac\u00d9\u008a\u00d9\u0084 \u00d8\u00a7\u00d9\u0084\u00d8\u00af\u00d8\u00ae\u00d9\u0088\u00d9\u0084",
        "timestamp_value": 0
      },
      {
        "ent_field_name": "HashedCookieValue",
        "label": "\u00d9\u0085\u00d9\u0084\u00d9\u0081 \u00d8\u00aa\u00d8\u00b9\u00d8\u00b1\u00d9\u008a\u00d9\u0081 \u00d8\u00a7\u00d8\u00b1\u00d8\u00aa\u00d8\u00a8\u00d8\u00a7\u00d8\u00b7 \u00d8\u00a7\u00d9\u0084\u00d9\u0085\u00d8\u00aa\u00d8\u00b5\u00d9\u0081\u00d8\u00ad",
        "value": "a17e44ebbc2dabc2698efc43e66b0154b64a32941075c9b403911bcc0795af1f"
      }
    ],
    "fbid": "122111632622333708",
    "ent_name": "EntDeviceLoginUser"
  },
  {
    "media": [
      
    ],
    "label_values": [
      {
        "ent_field_name": "AutoLoginTime",
        "label": "\u00d9\u0088\u00d9\u0082\u00d8\u00aa \u00d8\u00aa\u00d8\u00b3\u00d8\u00ac\u00d9\u008a\u00d9\u0084 \u00d8\u00a7\u00d9\u0084\u00d8\u00af\u00d8\u00ae\u00d9\u0088\u00d9\u0084",
        "timestamp_value": 0
      },
      {
        "ent_field_name": "HashedCookieValue",
        "label": "\u00d9\u0085\u00d9\u0084\u00d9\u0081 \u00d8\u00aa\u00d8\u00b9\u00d8\u00b1\u00d9\u008a\u00d9\u0081 \u00d8\u00a7\u00d8\u00b1\u00d8\u00aa\u00d8\u00a8\u00d8\u00a7\u00d8\u00b7 \u00d8\u00a7\u00d9\u0084\u00d9\u0085\u00d8\u00aa\u00d8\u00b5\u00d9\u0081\u00d8\u00ad",
        "value": "2bd04bf23d06b1f2e6f145eb8811f801cb8fce83407950d9cad98823d74f6164"
      }
    ],
    "fbid": "122111406566333708",
    "ent_name": "EntDeviceLoginUser"
  },
  {
    "media": [
      
    ],
    "label_values": [
      {
        "ent_field_name": "AutoLoginTime",
        "label": "\u00d9\u0088\u00d9\u0082\u00d8\u00aa \u00d8\u00aa\u00d8\u00b3\u00d8\u00ac\u00d9\u008a\u00d9\u0084 \u00d8\u00a7\u00d9\u0084\u00d8\u00af\u00d8\u00ae\u00d9\u0088\u00d9\u0084",
        "timestamp_value": 0
      },
      {
        "ent_field_name": "HashedCookieValue",
        "label": "\u00d9\u0085\u00d9\u0084\u00d9\u0081 \u00d8\u00aa\u00d8\u00b9\u00d8\u00b1\u00d9\u008a\u00d9\u0081 \u00d8\u00a7\u00d8\u00b1\u00d8\u00aa\u00d8\u00a8\u00d8\u00a7\u00d8\u00b7 \u00d8\u00a7\u00d9\u0084\u00d9\u0085\u00d8\u00aa\u00d8\u00b5\u00d9\u0081\u00d8\u00ad",
        "value": "e7533d226bbf6a5f6efad3a720b8fe2851d90504a4f0591318d6f96c82ea0503"
      }
    ],
    "fbid": "122111260658333708",
    "ent_name": "EntDeviceLoginUser"
  },
  {
    "media": [
      
    ],
    "label_values": [
      {
        "ent_field_name": "AutoLoginTime",
        "label": "\u00d9\u0088\u00d9\u0082\u00d8\u00aa \u00d8\u00aa\u00d8\u00b3\u00d8\u00ac\u00d9\u008a\u00d9\u0084 \u00d8\u00a7\u00d9\u0084\u00d8\u00af\u00d8\u00ae\u00d9\u0088\u00d9\u0084",
        "timestamp_value": 0
      },
      {
        "ent_field_name": "HashedCookieValue",
        "label": "\u00d9\u0085\u00d9\u0084\u00d9\u0081 \u00d8\u00aa\u00d8\u00b9\u00d8\u00b1\u00d9\u008a\u00d9\u0081 \u00d8\u00a7\u00d8\u00b1\u00d8\u00aa\u00d8\u00a8\u00d8\u00a7\u00d8\u00b7 \u00d8\u00a7\u00d9\u0084\u00d9\u0085\u00d8\u00aa\u00d8\u00b5\u00d9\u0081\u00d8\u00ad",
        "value": "7037d1da256cc9113d3d62364b72fe038869daaa69798cef25ad8581fb939994"
      }
    ],
    "fbid": "122111068592333708",
    "ent_name": "EntDeviceLoginUser"
  },
  {
    "media": [
      
    ],
    "label_values": [
      {
        "ent_field_name": "AutoLoginTime",
        "label": "\u00d9\u0088\u00d9\u0082\u00d8\u00aa \u00d8\u00aa\u00d8\u00b3\u00d8\u00ac\u00d9\u008a\u00d9\u0084 \u00d8\u00a7\u00d9\u0084\u00d8\u00af\u00d8\u00ae\u00d9\u0088\u00d9\u0084",
        "timestamp_value": 0
      },
      {
        "ent_field_name": "HashedCookieValue",
        "label": "\u00d9\u0085\u00d9\u0084\u00d9\u0081 \u00d8\u00aa\u00d8\u00b9\u00d8\u00b1\u00d9\u008a\u00d9\u0081 \u00d8\u00a7\u00d8\u00b1\u00d8\u00aa\u00d8\u00a8\u00d8\u00a7\u00d8\u00b7 \u00d8\u00a7\u00d9\u0084\u00d9\u0085\u00d8\u00aa\u00d8\u00b5\u00d9\u0081\u00d8\u00ad",
        "value": "916a5aba81de421f304e423235921170e181e0f383d1edae0202ecae7b259a38"
      }
    ],
    "fbid": "122110216964333708",
    "ent_name": "EntDeviceLoginUser"
  },
  {
    "media": [
      
    ],
    "label_values": [
      {
        "ent_field_name": "AutoLoginTime",
        "label": "\u00d9\u0088\u00d9\u0082\u00d8\u00aa \u00d8\u00aa\u00d8\u00b3\u00d8\u00ac\u00d9\u008a\u00d9\u0084 \u00d8\u00a7\u00d9\u0084\u00d8\u00af\u00d8\u00ae\u00d9\u0088\u00d9\u0084",
        "timestamp_value": 0
      },
      {
        "ent_field_name": "HashedCookieValue",
        "label": "\u00d9\u0085\u00d9\u0084\u00d9\u0081 \u00d8\u00aa\u00d8\u00b9\u00d8\u00b1\u00d9\u008a\u00d9\u0081 \u00d8\u00a7\u00d8\u00b1\u00d8\u00aa\u00d8\u00a8\u00d8\u00a7\u00d8\u00b7 \u00d8\u00a7\u00d9\u0084\u00d9\u0085\u00d8\u00aa\u00d8\u00b5\u00d9\u0081\u00d8\u00ad",
        "value": "2e0c378523b20446656c0ba64c3c27a83f55d80fe6b1817cc52383c5e371c3dc"
      }
    ],
    "fbid": "122109873854333708",
    "ent_name": "EntDeviceLoginUser"
  },
  {
    "media": [
      
    ],
    "label_values": [
      {
        "ent_field_name": "AutoLoginTime",
        "label": "\u00d9\u0088\u00d9\u0082\u00d8\u00aa \u00d8\u00aa\u00d8\u00b3\u00d8\u00ac\u00d9\u008a\u00d9\u0084 \u00d8\u00a7\u00d9\u0084\u00d8\u00af\u00d8\u00ae\u00d9\u0088\u00d9\u0084",
        "timestamp_value": 0
      },
      {
        "ent_field_name": "HashedCookieValue",
        "label": "\u00d9\u0085\u00d9\u0084\u00d9\u0081 \u00d8\u00aa\u00d8\u00b9\u00d8\u00b1\u00d9\u008a\u00d9\u0081 \u00d8\u00a7\u00d8\u00b1\u00d8\u00aa\u00d8\u00a8\u00d8\u00a7\u00d8\u00b7 \u00d8\u00a7\u00d9\u0084\u00d9\u0085\u00d8\u00aa\u00d8\u00b5\u00d9\u0081\u00d8\u00ad",
        "value": "f013097373cda714bd1018de6ffe702362427cdcc927ea41bfdc54a85ee38a94"
      }
    ],
    "fbid": "122109513758333708",
    "ent_name": "EntDeviceLoginUser"
  },
  {
    "media": [
      
    ],
    "label_values": [
      {
        "ent_field_name": "AutoLoginTime",
        "label": "\u00d9\u0088\u00d9\u0082\u00d8\u00aa \u00d8\u00aa\u00d8\u00b3\u00d8\u00ac\u00d9\u008a\u00d9\u0084 \u00d8\u00a7\u00d9\u0084\u00d8\u00af\u00d8\u00ae\u00d9\u0088\u00d9\u0084",
        "timestamp_value": 0
      },
      {
        "ent_field_name": "HashedCookieValue",
        "label": "\u00d9\u0085\u00d9\u0084\u00d9\u0081 \u00d8\u00aa\u00d8\u00b9\u00d8\u00b1\u00d9\u008a\u00d9\u0081 \u00d8\u00a7\u00d8\u00b1\u00d8\u00aa\u00d8\u00a8\u00d8\u00a7\u00d8\u00b7 \u00d8\u00a7\u00d9\u0084\u00d9\u0085\u00d8\u00aa\u00d8\u00b5\u00d9\u0081\u00d8\u00ad",
        "value": "4fc47c3f4d5f24f7e58cc7fdeae310031646ea9e1dd8f064b29c7a161ecd4ff9"
      }
    ],
    "fbid": "122109513326333708",
    "ent_name": "EntDeviceLoginUser"
  },
  {
    "media": [
      
    ],
    "label_values": [
      {
        "ent_field_name": "AutoLoginTime",
        "label": "\u00d9\u0088\u00d9\u0082\u00d8\u00aa \u00d8\u00aa\u00d8\u00b3\u00d8\u00ac\u00d9\u008a\u00d9\u0084 \u00d8\u00a7\u00d9\u0084\u00d8\u00af\u00d8\u00ae\u00d9\u0088\u00d9\u0084",
        "timestamp_value": 0
      },
      {
        "ent_field_name": "HashedCookieValue",
        "label": "\u00d9\u0085\u00d9\u0084\u00d9\u0081 \u00d8\u00aa\u00d8\u00b9\u00d8\u00b1\u00d9\u008a\u00d9\u0081 \u00d8\u00a7\u00d8\u00b1\u00d8\u00aa\u00d8\u00a8\u00d8\u00a7\u00d8\u00b7 \u00d8\u00a7\u00d9\u0084\u00d9\u0085\u00d8\u00aa\u00d8\u00b5\u00d9\u0081\u00d8\u00ad",
        "value": "d8048ed3a9fc75f30eeeac3f07f831110dd5fc75ff6a550f370fe3d5aa54dd01"
      }
    ],
    "fbid": "122109298976333708",
    "ent_name": "EntDeviceLoginUser"
  },
  {
    "media": [
      
    ],
    "label_values": [
      {
        "ent_field_name": "AutoLoginTime",
        "label": "\u00d9\u0088\u00d9\u0082\u00d8\u00aa \u00d8\u00aa\u00d8\u00b3\u00d8\u00ac\u00d9\u008a\u00d9\u0084 \u00d8\u00a7\u00d9\u0084\u00d8\u00af\u00d8\u00ae\u00d9\u0088\u00d9\u0084",
        "timestamp_value": 0
      },
      {
        "ent_field_name": "HashedCookieValue",
        "label": "\u00d9\u0085\u00d9\u0084\u00d9\u0081 \u00d8\u00aa\u00d8\u00b9\u00d8\u00b1\u00d9\u008a\u00d9\u0081 \u00d8\u00a7\u00d8\u00b1\u00d8\u00aa\u00d8\u00a8\u00d8\u00a7\u00d8\u00b7 \u00d8\u00a7\u00d9\u0084\u00d9\u0085\u00d8\u00aa\u00d8\u00b5\u00d9\u0081\u00d8\u00ad",
        "value": "9d4746f07ff189bf00ac25b9e9fb2de812484af724f767a17053a8dd80284664"
      }
    ],
    "fbid": "122109254240333708",
    "ent_name": "EntDeviceLoginUser"
  },
  {
    "media": [
      
    ],
    "label_values": [
      {
        "ent_field_name": "AutoLoginTime",
        "label": "\u00d9\u0088\u00d9\u0082\u00d8\u00aa \u00d8\u00aa\u00d8\u00b3\u00d8\u00ac\u00d9\u008a\u00d9\u0084 \u00d8\u00a7\u00d9\u0084\u00d8\u00af\u00d8\u00ae\u00d9\u0088\u00d9\u0084",
        "timestamp_value": 0
      },
      {
        "ent_field_name": "HashedCookieValue",
        "label": "\u00d9\u0085\u00d9\u0084\u00d9\u0081 \u00d8\u00aa\u00d8\u00b9\u00d8\u00b1\u00d9\u008a\u00d9\u0081 \u00d8\u00a7\u00d8\u00b1\u00d8\u00aa\u00d8\u00a8\u00d8\u00a7\u00d8\u00b7 \u00d8\u00a7\u00d9\u0084\u00d9\u0085\u00d8\u00aa\u00d8\u00b5\u00d9\u0081\u00d8\u00ad",
        "value": "f41702f4ceadbfbc8b763fd94496950626c07d2af0930c1cb35b83ca15c0ec3b"
      }
    ],
    "fbid": "122109187244333708",
    "ent_name": "EntDeviceLoginUser"
  },
  {
    "media": [
      
    ],
    "label_values": [
      {
        "ent_field_name": "AutoLoginTime",
        "label": "\u00d9\u0088\u00d9\u0082\u00d8\u00aa \u00d8\u00aa\u00d8\u00b3\u00d8\u00ac\u00d9\u008a\u00d9\u0084 \u00d8\u00a7\u00d9\u0084\u00d8\u00af\u00d8\u00ae\u00d9\u0088\u00d9\u0084",
        "timestamp_value": 0
      },
      {
        "ent_field_name": "HashedCookieValue",
        "label": "\u00d9\u0085\u00d9\u0084\u00d9\u0081 \u00d8\u00aa\u00d8\u00b9\u00d8\u00b1\u00d9\u008a\u00d9\u0081 \u00d8\u00a7\u00d8\u00b1\u00d8\u00aa\u00d8\u00a8\u00d8\u00a7\u00d8\u00b7 \u00d8\u00a7\u00d9\u0084\u00d9\u0085\u00d8\u00aa\u00d8\u00b5\u00d9\u0081\u00d8\u00ad",
        "value": "00908444844cc0e639fdd3d3e7588e94053638e8c7930f49786189fa74beadd4"
      }
    ],
    "fbid": "122108994302333708",
    "ent_name": "EntDeviceLoginUser"
  },
  {
    "media": [
      
    ],
    "label_values": [
      {
        "ent_field_name": "AutoLoginTime",
        "label": "\u00d9\u0088\u00d9\u0082\u00d8\u00aa \u00d8\u00aa\u00d8\u00b3\u00d8\u00ac\u00d9\u008a\u00d9\u0084 \u00d8\u00a7\u00d9\u0084\u00d8\u00af\u00d8\u00ae\u00d9\u0088\u00d9\u0084",
        "timestamp_value": 0
      },
      {
        "ent_field_name": "HashedCookieValue",
        "label": "\u00d9\u0085\u00d9\u0084\u00d9\u0081 \u00d8\u00aa\u00d8\u00b9\u00d8\u00b1\u00d9\u008a\u00d9\u0081 \u00d8\u00a7\u00d8\u00b1\u00d8\u00aa\u00d8\u00a8\u00d8\u00a7\u00d8\u00b7 \u00d8\u00a7\u00d9\u0084\u00d9\u0085\u00d8\u00aa\u00d8\u00b5\u00d9\u0081\u00d8\u00ad",
        "value": "3abc44c204310ee2acf511b03b8293521ae24dde01988073394a8abdb1fb29e2"
      }
    ],
    "fbid": "122108918450333708",
    "ent_name": "EntDeviceLoginUser"
  },
  {
    "media": [
      
    ],
    "label_values": [
      {
        "ent_field_name": "AutoLoginTime",
        "label": "\u00d9\u0088\u00d9\u0082\u00d8\u00aa \u00d8\u00aa\u00d8\u00b3\u00d8\u00ac\u00d9\u008a\u00d9\u0084 \u00d8\u00a7\u00d9\u0084\u00d8\u00af\u00d8\u00ae\u00d9\u0088\u00d9\u0084",
        "timestamp_value": 0
      },
      {
        "ent_field_name": "HashedCookieValue",
        "label": "\u00d9\u0085\u00d9\u0084\u00d9\u0081 \u00d8\u00aa\u00d8\u00b9\u00d8\u00b1\u00d9\u008a\u00d9\u0081 \u00d8\u00a7\u00d8\u00b1\u00d8\u00aa\u00d8\u00a8\u00d8\u00a7\u00d8\u00b7 \u00d8\u00a7\u00d9\u0084\u00d9\u0085\u00d8\u00aa\u00d8\u00b5\u00d9\u0081\u00d8\u00ad",
        "value": "80736f5462e3c91ab838f04b1154605f7b3f1e405b5cecf9b09b7da39be8afe8"
      }
    ],
    "fbid": "122108622590333708",
    "ent_name": "EntDeviceLoginUser"
  },
  {
    "media": [
      
    ],
    "label_values": [
      {
        "ent_field_name": "AutoLoginTime",
        "label": "\u00d9\u0088\u00d9\u0082\u00d8\u00aa \u00d8\u00aa\u00d8\u00b3\u00d8\u00ac\u00d9\u008a\u00d9\u0084 \u00d8\u00a7\u00d9\u0084\u00d8\u00af\u00d8\u00ae\u00d9\u0088\u00d9\u0084",
        "timestamp_value": 0
      },
      {
        "ent_field_name": "HashedCookieValue",
        "label": "\u00d9\u0085\u00d9\u0084\u00d9\u0081 \u00d8\u00aa\u00d8\u00b9\u00d8\u00b1\u00d9\u008a\u00d9\u0081 \u00d8\u00a7\u00d8\u00b1\u00d8\u00aa\u00d8\u00a8\u00d8\u00a7\u00d8\u00b7 \u00d8\u00a7\u00d9\u0084\u00d9\u0085\u00d8\u00aa\u00d8\u00b5\u00d9\u0081\u00d8\u00ad",
        "value": "82ae765647f222548bc1bebfc327433ac05b270bdf2ebf98ab71263f35cd86fd"
      }
    ],
    "fbid": "122108458418333708",
    "ent_name": "EntDeviceLoginUser"
  },
  {
    "media": [
      
    ],
    "label_values": [
      {
        "ent_field_name": "AutoLoginTime",
        "label": "\u00d9\u0088\u00d9\u0082\u00d8\u00aa \u00d8\u00aa\u00d8\u00b3\u00d8\u00ac\u00d9\u008a\u00d9\u0084 \u00d8\u00a7\u00d9\u0084\u00d8\u00af\u00d8\u00ae\u00d9\u0088\u00d9\u0084",
        "timestamp_value": 0
      },
      {
        "ent_field_name": "HashedCookieValue",
        "label": "\u00d9\u0085\u00d9\u0084\u00d9\u0081 \u00d8\u00aa\u00d8\u00b9\u00d8\u00b1\u00d9\u008a\u00d9\u0081 \u00d8\u00a7\u00d8\u00b1\u00d8\u00aa\u00d8\u00a8\u00d8\u00a7\u00d8\u00b7 \u00d8\u00a7\u00d9\u0084\u00d9\u0085\u00d8\u00aa\u00d8\u00b5\u00d9\u0081\u00d8\u00ad",
        "value": "264a190ca647db864f58be570bfb46574a79825a9f2e490314e9ace2e40bfa98"
      }
    ],
    "fbid": "122108272040333708",
    "ent_name": "EntDeviceLoginUser"
  },
  {
    "media": [
      
    ],
    "label_values": [
      {
        "ent_field_name": "AutoLoginTime",
        "label": "\u00d9\u0088\u00d9\u0082\u00d8\u00aa \u00d8\u00aa\u00d8\u00b3\u00d8\u00ac\u00d9\u008a\u00d9\u0084 \u00d8\u00a7\u00d9\u0084\u00d8\u00af\u00d8\u00ae\u00d9\u0088\u00d9\u0084",
        "timestamp_value": 0
      },
      {
        "ent_field_name": "HashedCookieValue",
        "label": "\u00d9\u0085\u00d9\u0084\u00d9\u0081 \u00d8\u00aa\u00d8\u00b9\u00d8\u00b1\u00d9\u008a\u00d9\u0081 \u00d8\u00a7\u00d8\u00b1\u00d8\u00aa\u00d8\u00a8\u00d8\u00a7\u00d8\u00b7 \u00d8\u00a7\u00d9\u0084\u00d9\u0085\u00d8\u00aa\u00d8\u00b5\u00d9\u0081\u00d8\u00ad",
        "value": "ee35b70772967f06b4d0936410baecbc3830f95a4ca4f5416c77f1b098754ddd"
      }
    ],
    "fbid": "122108158214333708",
    "ent_name": "EntDeviceLoginUser"
  },
  {
    "media": [
      
    ],
    "label_values": [
      {
        "ent_field_name": "AutoLoginTime",
        "label": "\u00d9\u0088\u00d9\u0082\u00d8\u00aa \u00d8\u00aa\u00d8\u00b3\u00d8\u00ac\u00d9\u008a\u00d9\u0084 \u00d8\u00a7\u00d9\u0084\u00d8\u00af\u00d8\u00ae\u00d9\u0088\u00d9\u0084",
        "timestamp_value": 0
      },
      {
        "ent_field_name": "HashedCookieValue",
        "label": "\u00d9\u0085\u00d9\u0084\u00d9\u0081 \u00d8\u00aa\u00d8\u00b9\u00d8\u00b1\u00d9\u008a\u00d9\u0081 \u00d8\u00a7\u00d8\u00b1\u00d8\u00aa\u00d8\u00a8\u00d8\u00a7\u00d8\u00b7 \u00d8\u00a7\u00d9\u0084\u00d9\u0085\u00d8\u00aa\u00d8\u00b5\u00d9\u0081\u00d8\u00ad",
        "value": "4d62ebf73c825efcf816427282f74195b620036438a95072467c77aec7c584f7"
      }
    ],
    "fbid": "122108115680333708",
    "ent_name": "EntDeviceLoginUser"
  },
  {
    "media": [
      
    ],
    "label_values": [
      {
        "ent_field_name": "AutoLoginTime",
        "label": "\u00d9\u0088\u00d9\u0082\u00d8\u00aa \u00d8\u00aa\u00d8\u00b3\u00d8\u00ac\u00d9\u008a\u00d9\u0084 \u00d8\u00a7\u00d9\u0084\u00d8\u00af\u00d8\u00ae\u00d9\u0088\u00d9\u0084",
        "timestamp_value": 0
      },
      {
        "ent_field_name": "HashedCookieValue",
        "label": "\u00d9\u0085\u00d9\u0084\u00d9\u0081 \u00d8\u00aa\u00d8\u00b9\u00d8\u00b1\u00d9\u008a\u00d9\u0081 \u00d8\u00a7\u00d8\u00b1\u00d8\u00aa\u00d8\u00a8\u00d8\u00a7\u00d8\u00b7 \u00d8\u00a7\u00d9\u0084\u00d9\u0085\u00d8\u00aa\u00d8\u00b5\u00d9\u0081\u00d8\u00ad",
        "value": "9b960ba7b287b070898a5a54667f0a259109f453afb3ab115bc024e576781884"
      }
    ],
    "fbid": "122108071568333708",
    "ent_name": "EntDeviceLoginUser"
  },
  {
    "media": [
      
    ],
    "label_values": [
      {
        "ent_field_name": "AutoLoginTime",
        "label": "\u00d9\u0088\u00d9\u0082\u00d8\u00aa \u00d8\u00aa\u00d8\u00b3\u00d8\u00ac\u00d9\u008a\u00d9\u0084 \u00d8\u00a7\u00d9\u0084\u00d8\u00af\u00d8\u00ae\u00d9\u0088\u00d9\u0084",
        "timestamp_value": 0
      },
      {
        "ent_field_name": "HashedCookieValue",
        "label": "\u00d9\u0085\u00d9\u0084\u00d9\u0081 \u00d8\u00aa\u00d8\u00b9\u00d8\u00b1\u00d9\u008a\u00d9\u0081 \u00d8\u00a7\u00d8\u00b1\u00d8\u00aa\u00d8\u00a8\u00d8\u00a7\u00d8\u00b7 \u00d8\u00a7\u00d9\u0084\u00d9\u0085\u00d8\u00aa\u00d8\u00b5\u00d9\u0081\u00d8\u00ad",
        "value": "116b20f96e8860f1720d30547893053046f8d20e9ff7492567753ffa2422a1c0"
      }
    ],
    "fbid": "122108071148333708",
    "ent_name": "EntDeviceLoginUser"
  },
  {
    "media": [
      
    ],
    "label_values": [
      {
        "ent_field_name": "AutoLoginTime",
        "label": "\u00d9\u0088\u00d9\u0082\u00d8\u00aa \u00d8\u00aa\u00d8\u00b3\u00d8\u00ac\u00d9\u008a\u00d9\u0084 \u00d8\u00a7\u00d9\u0084\u00d8\u00af\u00d8\u00ae\u00d9\u0088\u00d9\u0084",
        "timestamp_value": 0
      },
      {
        "ent_field_name": "HashedCookieValue",
        "label": "\u00d9\u0085\u00d9\u0084\u00d9\u0081 \u00d8\u00aa\u00d8\u00b9\u00d8\u00b1\u00d9\u008a\u00d9\u0081 \u00d8\u00a7\u00d8\u00b1\u00d8\u00aa\u00d8\u00a8\u00d8\u00a7\u00d8\u00b7 \u00d8\u00a7\u00d9\u0084\u00d9\u0085\u00d8\u00aa\u00d8\u00b5\u00d9\u0081\u00d8\u00ad",
        "value": "6e15eba29fc7abfa9636eeb41d03473254d3e1adfc5385d8c424a02e43edb281"
      }
    ],
    "fbid": "122107697816333708",
    "ent_name": "EntDeviceLoginUser"
  },
  {
    "media": [
      
    ],
    "label_values": [
      {
        "ent_field_name": "AutoLoginTime",
        "label": "\u00d9\u0088\u00d9\u0082\u00d8\u00aa \u00d8\u00aa\u00d8\u00b3\u00d8\u00ac\u00d9\u008a\u00d9\u0084 \u00d8\u00a7\u00d9\u0084\u00d8\u00af\u00d8\u00ae\u00d9\u0088\u00d9\u0084",
        "timestamp_value": 0
      },
      {
        "ent_field_name": "HashedCookieValue",
        "label": "\u00d9\u0085\u00d9\u0084\u00d9\u0081 \u00d8\u00aa\u00d8\u00b9\u00d8\u00b1\u00d9\u008a\u00d9\u0081 \u00d8\u00a7\u00d8\u00b1\u00d8\u00aa\u00d8\u00a8\u00d8\u00a7\u00d8\u00b7 \u00d8\u00a7\u00d9\u0084\u00d9\u0085\u00d8\u00aa\u00d8\u00b5\u00d9\u0081\u00d8\u00ad",
        "value": "71c6db0589e377ccf89e529a8b78c076a77031224af8d9d90ab11fdf1ec605ff"
      }
    ],
    "fbid": "122107265168333708",
    "ent_name": "EntDeviceLoginUser"
  },
  {
    "media": [
      
    ],
    "label_values": [
      {
        "ent_field_name": "AutoLoginTime",
        "label": "\u00d9\u0088\u00d9\u0082\u00d8\u00aa \u00d8\u00aa\u00d8\u00b3\u00d8\u00ac\u00d9\u008a\u00d9\u0084 \u00d8\u00a7\u00d9\u0084\u00d8\u00af\u00d8\u00ae\u00d9\u0088\u00d9\u0084",
        "timestamp_value": 0
      },
      {
        "ent_field_name": "HashedCookieValue",
        "label": "\u00d9\u0085\u00d9\u0084\u00d9\u0081 \u00d8\u00aa\u00d8\u00b9\u00d8\u00b1\u00d9\u008a\u00d9\u0081 \u00d8\u00a7\u00d8\u00b1\u00d8\u00aa\u00d8\u00a8\u00d8\u00a7\u00d8\u00b7 \u00d8\u00a7\u00d9\u0084\u00d9\u0085\u00d8\u00aa\u00d8\u00b5\u00d9\u0081\u00d8\u00ad",
        "value": "b209c9ea637ae19f7f922d56755464620903929ff50ff9a6ce59d81d3144f97b"
      }
    ],
    "fbid": "122106502178333708",
    "ent_name": "EntDeviceLoginUser"
  },
  {
    "media": [
      
    ],
    "label_values": [
      {
        "ent_field_name": "AutoLoginTime",
        "label": "\u00d9\u0088\u00d9\u0082\u00d8\u00aa \u00d8\u00aa\u00d8\u00b3\u00d8\u00ac\u00d9\u008a\u00d9\u0084 \u00d8\u00a7\u00d9\u0084\u00d8\u00af\u00d8\u00ae\u00d9\u0088\u00d9\u0084",
        "timestamp_value": 0
      },
      {
        "ent_field_name": "HashedCookieValue",
        "label": "\u00d9\u0085\u00d9\u0084\u00d9\u0081 \u00d8\u00aa\u00d8\u00b9\u00d8\u00b1\u00d9\u008a\u00d9\u0081 \u00d8\u00a7\u00d8\u00b1\u00d8\u00aa\u00d8\u00a8\u00d8\u00a7\u00d8\u00b7 \u00d8\u00a7\u00d9\u0084\u00d9\u0085\u00d8\u00aa\u00d8\u00b5\u00d9\u0081\u00d8\u00ad",
        "value": "a9cbad22e72552ad8d9303b0dcb022d470e84b7dadb0b25bfdd1b87954733960"
      }
    ],
    "fbid": "122106158936333708",
    "ent_name": "EntDeviceLoginUser"
  },
  {
    "media": [
      
    ],
    "label_values": [
      {
        "ent_field_name": "AutoLoginTime",
        "label": "\u00d9\u0088\u00d9\u0082\u00d8\u00aa \u00d8\u00aa\u00d8\u00b3\u00d8\u00ac\u00d9\u008a\u00d9\u0084 \u00d8\u00a7\u00d9\u0084\u00d8\u00af\u00d8\u00ae\u00d9\u0088\u00d9\u0084",
        "timestamp_value": 0
      },
      {
        "ent_field_name": "HashedCookieValue",
        "label": "\u00d9\u0085\u00d9\u0084\u00d9\u0081 \u00d8\u00aa\u00d8\u00b9\u00d8\u00b1\u00d9\u008a\u00d9\u0081 \u00d8\u00a7\u00d8\u00b1\u00d8\u00aa\u00d8\u00a8\u00d8\u00a7\u00d8\u00b7 \u00d8\u00a7\u00d9\u0084\u00d9\u0085\u00d8\u00aa\u00d8\u00b5\u00d9\u0081\u00d8\u00ad",
        "value": "27eb50cafc6b05ab24e8781b1e379b3c6d2e7a369ba3c581328f7564443aade4"
      }
    ],
    "fbid": "122106069680333708",
    "ent_name": "EntDeviceLoginUser"
  },
  {
    "media": [
      
    ],
    "label_values": [
      {
        "ent_field_name": "AutoLoginTime",
        "label": "\u00d9\u0088\u00d9\u0082\u00d8\u00aa \u00d8\u00aa\u00d8\u00b3\u00d8\u00ac\u00d9\u008a\u00d9\u0084 \u00d8\u00a7\u00d9\u0084\u00d8\u00af\u00d8\u00ae\u00d9\u0088\u00d9\u0084",
        "timestamp_value": 0
      },
      {
        "ent_field_name": "HashedCookieValue",
        "label": "\u00d9\u0085\u00d9\u0084\u00d9\u0081 \u00d8\u00aa\u00d8\u00b9\u00d8\u00b1\u00d9\u008a\u00d9\u0081 \u00d8\u00a7\u00d8\u00b1\u00d8\u00aa\u00d8\u00a8\u00d8\u00a7\u00d8\u00b7 \u00d8\u00a7\u00d9\u0084\u00d9\u0085\u00d8\u00aa\u00d8\u00b5\u00d9\u0081\u00d8\u00ad",
        "value": "0720111500b51956be4be87d9458e24c17f80cb8a27bcb8d92f50308f6252512"
      }
    ],
    "fbid": "122106046550333708",
    "ent_name": "EntDeviceLoginUser"
  },
  {
    "media": [
      
    ],
    "label_values": [
      {
        "ent_field_name": "AutoLoginTime",
        "label": "\u00d9\u0088\u00d9\u0082\u00d8\u00aa \u00d8\u00aa\u00d8\u00b3\u00d8\u00ac\u00d9\u008a\u00d9\u0084 \u00d8\u00a7\u00d9\u0084\u00d8\u00af\u00d8\u00ae\u00d9\u0088\u00d9\u0084",
        "timestamp_value": 0
      },
      {
        "ent_field_name": "HashedCookieValue",
        "label": "\u00d9\u0085\u00d9\u0084\u00d9\u0081 \u00d8\u00aa\u00d8\u00b9\u00d8\u00b1\u00d9\u008a\u00d9\u0081 \u00d8\u00a7\u00d8\u00b1\u00d8\u00aa\u00d8\u00a8\u00d8\u00a7\u00d8\u00b7 \u00d8\u00a7\u00d9\u0084\u00d9\u0085\u00d8\u00aa\u00d8\u00b5\u00d9\u0081\u00d8\u00ad",
        "value": "8f0de4f542f69f1475065f9a07c3c856466d9c93cc0e30d03b0690a265f70675"
      }
    ],
    "fbid": "122105921720333708",
    "ent_name": "EntDeviceLoginUser"
  },
  {
    "media": [
      
    ],
    "label_values": [
      {
        "ent_field_name": "AutoLoginTime",
        "label": "\u00d9\u0088\u00d9\u0082\u00d8\u00aa \u00d8\u00aa\u00d8\u00b3\u00d8\u00ac\u00d9\u008a\u00d9\u0084 \u00d8\u00a7\u00d9\u0084\u00d8\u00af\u00d8\u00ae\u00d9\u0088\u00d9\u0084",
        "timestamp_value": 0
      },
      {
        "ent_field_name": "HashedCookieValue",
        "label": "\u00d9\u0085\u00d9\u0084\u00d9\u0081 \u00d8\u00aa\u00d8\u00b9\u00d8\u00b1\u00d9\u008a\u00d9\u0081 \u00d8\u00a7\u00d8\u00b1\u00d8\u00aa\u00d8\u00a8\u00d8\u00a7\u00d8\u00b7 \u00d8\u00a7\u00d9\u0084\u00d9\u0085\u00d8\u00aa\u00d8\u00b5\u00d9\u0081\u00d8\u00ad",
        "value": "ee8a69cbb784ba087b1d5993f9397e63e138c6d5a759fb71788afda1118f457e"
      }
    ],
    "fbid": "122105921258333708",
    "ent_name": "EntDeviceLoginUser"
  },
  {
    "media": [
      
    ],
    "label_values": [
      {
        "ent_field_name": "AutoLoginTime",
        "label": "\u00d9\u0088\u00d9\u0082\u00d8\u00aa \u00d8\u00aa\u00d8\u00b3\u00d8\u00ac\u00d9\u008a\u00d9\u0084 \u00d8\u00a7\u00d9\u0084\u00d8\u00af\u00d8\u00ae\u00d9\u0088\u00d9\u0084",
        "timestamp_value": 0
      },
      {
        "ent_field_name": "HashedCookieValue",
        "label": "\u00d9\u0085\u00d9\u0084\u00d9\u0081 \u00d8\u00aa\u00d8\u00b9\u00d8\u00b1\u00d9\u008a\u00d9\u0081 \u00d8\u00a7\u00d8\u00b1\u00d8\u00aa\u00d8\u00a8\u00d8\u00a7\u00d8\u00b7 \u00d8\u00a7\u00d9\u0084\u00d9\u0085\u00d8\u00aa\u00d8\u00b5\u00d9\u0081\u00d8\u00ad",
        "value": "08ab35d8a413d3d486e24c08eeeb4478f9d515b52d93d5c60b5c259d415daf71"
      }
    ],
    "fbid": "122105539652333708",
    "ent_name": "EntDeviceLoginUser"
  },
  {
    "media": [
      
    ],
    "label_values": [
      {
        "ent_field_name": "AutoLoginTime",
        "label": "\u00d9\u0088\u00d9\u0082\u00d8\u00aa \u00d8\u00aa\u00d8\u00b3\u00d8\u00ac\u00d9\u008a\u00d9\u0084 \u00d8\u00a7\u00d9\u0084\u00d8\u00af\u00d8\u00ae\u00d9\u0088\u00d9\u0084",
        "timestamp_value": 0
      },
      {
        "ent_field_name": "HashedCookieValue",
        "label": "\u00d9\u0085\u00d9\u0084\u00d9\u0081 \u00d8\u00aa\u00d8\u00b9\u00d8\u00b1\u00d9\u008a\u00d9\u0081 \u00d8\u00a7\u00d8\u00b1\u00d8\u00aa\u00d8\u00a8\u00d8\u00a7\u00d8\u00b7 \u00d8\u00a7\u00d9\u0084\u00d9\u0085\u00d8\u00aa\u00d8\u00b5\u00d9\u0081\u00d8\u00ad",
        "value": "53c997de9513ebf1b1ff75654346828ac27fa9a331b2a72a7848c289382239d2"
      }
    ],
    "fbid": "122105379146333708",
    "ent_name": "EntDeviceLoginUser"
  },
  {
    "media": [
      
    ],
    "label_values": [
      {
        "ent_field_name": "AutoLoginTime",
        "label": "\u00d9\u0088\u00d9\u0082\u00d8\u00aa \u00d8\u00aa\u00d8\u00b3\u00d8\u00ac\u00d9\u008a\u00d9\u0084 \u00d8\u00a7\u00d9\u0084\u00d8\u00af\u00d8\u00ae\u00d9\u0088\u00d9\u0084",
        "timestamp_value": 0
      },
      {
        "ent_field_name": "HashedCookieValue",
        "label": "\u00d9\u0085\u00d9\u0084\u00d9\u0081 \u00d8\u00aa\u00d8\u00b9\u00d8\u00b1\u00d9\u008a\u00d9\u0081 \u00d8\u00a7\u00d8\u00b1\u00d8\u00aa\u00d8\u00a8\u00d8\u00a7\u00d8\u00b7 \u00d8\u00a7\u00d9\u0084\u00d9\u0085\u00d8\u00aa\u00d8\u00b5\u00d9\u0081\u00d8\u00ad",
        "value": "ff40df67065ab7e9257431b3886c4bba943a7f1dc603a6a544efbb26b1931b1c"
      }
    ],
    "fbid": "122105373116333708",
    "ent_name": "EntDeviceLoginUser"
  },
  {
    "media": [
      
    ],
    "label_values": [
      {
        "ent_field_name": "AutoLoginTime",
        "label": "\u00d9\u0088\u00d9\u0082\u00d8\u00aa \u00d8\u00aa\u00d8\u00b3\u00d8\u00ac\u00d9\u008a\u00d9\u0084 \u00d8\u00a7\u00d9\u0084\u00d8\u00af\u00d8\u00ae\u00d9\u0088\u00d9\u0084",
        "timestamp_value": 0
      },
      {
        "ent_field_name": "HashedCookieValue",
        "label": "\u00d9\u0085\u00d9\u0084\u00d9\u0081 \u00d8\u00aa\u00d8\u00b9\u00d8\u00b1\u00d9\u008a\u00d9\u0081 \u00d8\u00a7\u00d8\u00b1\u00d8\u00aa\u00d8\u00a8\u00d8\u00a7\u00d8\u00b7 \u00d8\u00a7\u00d9\u0084\u00d9\u0085\u00d8\u00aa\u00d8\u00b5\u00d9\u0081\u00d8\u00ad",
        "value": "6ddc92e4ab80bc8a789b2e810959d70d755ba4c4abbc761d2de0f6d028bd2a02"
      }
    ],
    "fbid": "122105144648333708",
    "ent_name": "EntDeviceLoginUser"
  },
  {
    "media": [
      
    ],
    "label_values": [
      {
        "ent_field_name": "AutoLoginTime",
        "label": "\u00d9\u0088\u00d9\u0082\u00d8\u00aa \u00d8\u00aa\u00d8\u00b3\u00d8\u00ac\u00d9\u008a\u00d9\u0084 \u00d8\u00a7\u00d9\u0084\u00d8\u00af\u00d8\u00ae\u00d9\u0088\u00d9\u0084",
        "timestamp_value": 0
      },
      {
        "ent_field_name": "HashedCookieValue",
        "label": "\u00d9\u0085\u00d9\u0084\u00d9\u0081 \u00d8\u00aa\u00d8\u00b9\u00d8\u00b1\u00d9\u008a\u00d9\u0081 \u00d8\u00a7\u00d8\u00b1\u00d8\u00aa\u00d8\u00a8\u00d8\u00a7\u00d8\u00b7 \u00d8\u00a7\u00d9\u0084\u00d9\u0085\u00d8\u00aa\u00d8\u00b5\u00d9\u0081\u00d8\u00ad",
        "value": "c1698da216897ae45190c3556751a97699053de6a4877ffb93798a1943fece74"
      }
    ],
    "fbid": "122105110130333708",
    "ent_name": "EntDeviceLoginUser"
  },
  {
    "media": [
      
    ],
    "label_values": [
      {
        "ent_field_name": "AutoLoginTime",
        "label": "\u00d9\u0088\u00d9\u0082\u00d8\u00aa \u00d8\u00aa\u00d8\u00b3\u00d8\u00ac\u00d9\u008a\u00d9\u0084 \u00d8\u00a7\u00d9\u0084\u00d8\u00af\u00d8\u00ae\u00d9\u0088\u00d9\u0084",
        "timestamp_value": 0
      },
      {
        "ent_field_name": "HashedCookieValue",
        "label": "\u00d9\u0085\u00d9\u0084\u00d9\u0081 \u00d8\u00aa\u00d8\u00b9\u00d8\u00b1\u00d9\u008a\u00d9\u0081 \u00d8\u00a7\u00d8\u00b1\u00d8\u00aa\u00d8\u00a8\u00d8\u00a7\u00d8\u00b7 \u00d8\u00a7\u00d9\u0084\u00d9\u0085\u00d8\u00aa\u00d8\u00b5\u00d9\u0081\u00d8\u00ad",
        "value": "78bb1718aebcc14ed7a8f4995cbc7106d84cc3dff249f4ffb1cdf4c307a4d6f2"
      }
    ],
    "fbid": "122105051990333708",
    "ent_name": "EntDeviceLoginUser"
  },
  {
    "media": [
      
    ],
    "label_values": [
      {
        "ent_field_name": "AutoLoginTime",
        "label": "\u00d9\u0088\u00d9\u0082\u00d8\u00aa \u00d8\u00aa\u00d8\u00b3\u00d8\u00ac\u00d9\u008a\u00d9\u0084 \u00d8\u00a7\u00d9\u0084\u00d8\u00af\u00d8\u00ae\u00d9\u0088\u00d9\u0084",
        "timestamp_value": 0
      },
      {
        "ent_field_name": "HashedCookieValue",
        "label": "\u00d9\u0085\u00d9\u0084\u00d9\u0081 \u00d8\u00aa\u00d8\u00b9\u00d8\u00b1\u00d9\u008a\u00d9\u0081 \u00d8\u00a7\u00d8\u00b1\u00d8\u00aa\u00d8\u00a8\u00d8\u00a7\u00d8\u00b7 \u00d8\u00a7\u00d9\u0084\u00d9\u0085\u00d8\u00aa\u00d8\u00b5\u00d9\u0081\u00d8\u00ad",
        "value": "1f5a7380b6eff7bea921a8d131d6ac276cecd486427ab9a0b6f404a196d18c3d"
      }
    ],
    "fbid": "122105028386333708",
    "ent_name": "EntDeviceLoginUser"
  },
  {
    "media": [
      
    ],
    "label_values": [
      {
        "ent_field_name": "AutoLoginTime",
        "label": "\u00d9\u0088\u00d9\u0082\u00d8\u00aa \u00d8\u00aa\u00d8\u00b3\u00d8\u00ac\u00d9\u008a\u00d9\u0084 \u00d8\u00a7\u00d9\u0084\u00d8\u00af\u00d8\u00ae\u00d9\u0088\u00d9\u0084",
        "timestamp_value": 0
      },
      {
        "ent_field_name": "HashedCookieValue",
        "label": "\u00d9\u0085\u00d9\u0084\u00d9\u0081 \u00d8\u00aa\u00d8\u00b9\u00d8\u00b1\u00d9\u008a\u00d9\u0081 \u00d8\u00a7\u00d8\u00b1\u00d8\u00aa\u00d8\u00a8\u00d8\u00a7\u00d8\u00b7 \u00d8\u00a7\u00d9\u0084\u00d9\u0085\u00d8\u00aa\u00d8\u00b5\u00d9\u0081\u00d8\u00ad",
        "value": "c519bb7934d916c9d3d5c1ad70cdb0f0ea09bd658388f272be8bc7aa26f810fc"
      }
    ],
    "fbid": "122104564400333708",
    "ent_name": "EntDeviceLoginUser"
  },
  {
    "media": [
      
    ],
    "label_values": [
      {
        "ent_field_name": "AutoLoginTime",
        "label": "\u00d9\u0088\u00d9\u0082\u00d8\u00aa \u00d8\u00aa\u00d8\u00b3\u00d8\u00ac\u00d9\u008a\u00d9\u0084 \u00d8\u00a7\u00d9\u0084\u00d8\u00af\u00d8\u00ae\u00d9\u0088\u00d9\u0084",
        "timestamp_value": 0
      },
      {
        "ent_field_name": "HashedCookieValue",
        "label": "\u00d9\u0085\u00d9\u0084\u00d9\u0081 \u00d8\u00aa\u00d8\u00b9\u00d8\u00b1\u00d9\u008a\u00d9\u0081 \u00d8\u00a7\u00d8\u00b1\u00d8\u00aa\u00d8\u00a8\u00d8\u00a7\u00d8\u00b7 \u00d8\u00a7\u00d9\u0084\u00d9\u0085\u00d8\u00aa\u00d8\u00b5\u00d9\u0081\u00d8\u00ad",
        "value": "e2ac000b3c19eb9d0f957d7248117e9bfb0ebcf193af0a385eabb41f23a9da7f"
      }
    ],
    "fbid": "122104536140333708",
    "ent_name": "EntDeviceLoginUser"
  },
  {
    "media": [
      
    ],
    "label_values": [
      {
        "ent_field_name": "AutoLoginTime",
        "label": "\u00d9\u0088\u00d9\u0082\u00d8\u00aa \u00d8\u00aa\u00d8\u00b3\u00d8\u00ac\u00d9\u008a\u00d9\u0084 \u00d8\u00a7\u00d9\u0084\u00d8\u00af\u00d8\u00ae\u00d9\u0088\u00d9\u0084",
        "timestamp_value": 0
      },
      {
        "ent_field_name": "HashedCookieValue",
        "label": "\u00d9\u0085\u00d9\u0084\u00d9\u0081 \u00d8\u00aa\u00d8\u00b9\u00d8\u00b1\u00d9\u008a\u00d9\u0081 \u00d8\u00a7\u00d8\u00b1\u00d8\u00aa\u00d8\u00a8\u00d8\u00a7\u00d8\u00b7 \u00d8\u00a7\u00d9\u0084\u00d9\u0085\u00d8\u00aa\u00d8\u00b5\u00d9\u0081\u00d8\u00ad",
        "value": "d615a5ed2e543849252f7e2080c9e44311c3296f70a008d6d6dd7b14553f3c85"
      }
    ],
    "fbid": "122104437428333708",
    "ent_name": "EntDeviceLoginUser"
  },
  {
    "media": [
      
    ],
    "label_values": [
      {
        "ent_field_name": "AutoLoginTime",
        "label": "\u00d9\u0088\u00d9\u0082\u00d8\u00aa \u00d8\u00aa\u00d8\u00b3\u00d8\u00ac\u00d9\u008a\u00d9\u0084 \u00d8\u00a7\u00d9\u0084\u00d8\u00af\u00d8\u00ae\u00d9\u0088\u00d9\u0084",
        "timestamp_value": 0
      },
      {
        "ent_field_name": "HashedCookieValue",
        "label": "\u00d9\u0085\u00d9\u0084\u00d9\u0081 \u00d8\u00aa\u00d8\u00b9\u00d8\u00b1\u00d9\u008a\u00d9\u0081 \u00d8\u00a7\u00d8\u00b1\u00d8\u00aa\u00d8\u00a8\u00d8\u00a7\u00d8\u00b7 \u00d8\u00a7\u00d9\u0084\u00d9\u0085\u00d8\u00aa\u00d8\u00b5\u00d9\u0081\u00d8\u00ad",
        "value": "6867915cf29c6ffcb36400f98ce055d1f480052a10dfd9a4f1579fb9d88bafd6"
      }
    ],
    "fbid": "122104434446333708",
    "ent_name": "EntDeviceLoginUser"
  },
  {
    "media": [
      
    ],
    "label_values": [
      {
        "ent_field_name": "AutoLoginTime",
        "label": "\u00d9\u0088\u00d9\u0082\u00d8\u00aa \u00d8\u00aa\u00d8\u00b3\u00d8\u00ac\u00d9\u008a\u00d9\u0084 \u00d8\u00a7\u00d9\u0084\u00d8\u00af\u00d8\u00ae\u00d9\u0088\u00d9\u0084",
        "timestamp_value": 0
      },
      {
        "ent_field_name": "HashedCookieValue",
        "label": "\u00d9\u0085\u00d9\u0084\u00d9\u0081 \u00d8\u00aa\u00d8\u00b9\u00d8\u00b1\u00d9\u008a\u00d9\u0081 \u00d8\u00a7\u00d8\u00b1\u00d8\u00aa\u00d8\u00a8\u00d8\u00a7\u00d8\u00b7 \u00d8\u00a7\u00d9\u0084\u00d9\u0085\u00d8\u00aa\u00d8\u00b5\u00d9\u0081\u00d8\u00ad",
        "value": "c57d53c8e4ceedd3fb543dff5cfd592a90fd9049394bf3685cce92a494b21d90"
      }
    ],
    "fbid": "122103417704333708",
    "ent_name": "EntDeviceLoginUser"
  },
  {
    "media": [
      
    ],
    "label_values": [
      {
        "ent_field_name": "AutoLoginTime",
        "label": "\u00d9\u0088\u00d9\u0082\u00d8\u00aa \u00d8\u00aa\u00d8\u00b3\u00d8\u00ac\u00d9\u008a\u00d9\u0084 \u00d8\u00a7\u00d9\u0084\u00d8\u00af\u00d8\u00ae\u00d9\u0088\u00d9\u0084",
        "timestamp_value": 0
      },
      {
        "ent_field_name": "HashedCookieValue",
        "label": "\u00d9\u0085\u00d9\u0084\u00d9\u0081 \u00d8\u00aa\u00d8\u00b9\u00d8\u00b1\u00d9\u008a\u00d9\u0081 \u00d8\u00a7\u00d8\u00b1\u00d8\u00aa\u00d8\u00a8\u00d8\u00a7\u00d8\u00b7 \u00d8\u00a7\u00d9\u0084\u00d9\u0085\u00d8\u00aa\u00d8\u00b5\u00d9\u0081\u00d8\u00ad",
        "value": "f7436692fe991c461b4573f6eb9c321c4c2443828295bd64fc229c3a612ffcf1"
      }
    ],
    "fbid": "122103417674333708",
    "ent_name": "EntDeviceLoginUser"
  },
  {
    "media": [
      
    ],
    "label_values": [
      {
        "ent_field_name": "AutoLoginTime",
        "label": "\u00d9\u0088\u00d9\u0082\u00d8\u00aa \u00d8\u00aa\u00d8\u00b3\u00d8\u00ac\u00d9\u008a\u00d9\u0084 \u00d8\u00a7\u00d9\u0084\u00d8\u00af\u00d8\u00ae\u00d9\u0088\u00d9\u0084",
        "timestamp_value": 0
      },
      {
        "ent_field_name": "HashedCookieValue",
        "label": "\u00d9\u0085\u00d9\u0084\u00d9\u0081 \u00d8\u00aa\u00d8\u00b9\u00d8\u00b1\u00d9\u008a\u00d9\u0081 \u00d8\u00a7\u00d8\u00b1\u00d8\u00aa\u00d8\u00a8\u00d8\u00a7\u00d8\u00b7 \u00d8\u00a7\u00d9\u0084\u00d9\u0085\u00d8\u00aa\u00d8\u00b5\u00d9\u0081\u00d8\u00ad",
        "value": "37007e47839e9b71f512f0fd6bf8a295f2777f5370cfeb4e5583fed82450e66b"
      }
    ],
    "fbid": "122103416696333708",
    "ent_name": "EntDeviceLoginUser"
  },
  {
    "media": [
      
    ],
    "label_values": [
      {
        "ent_field_name": "AutoLoginTime",
        "label": "\u00d9\u0088\u00d9\u0082\u00d8\u00aa \u00d8\u00aa\u00d8\u00b3\u00d8\u00ac\u00d9\u008a\u00d9\u0084 \u00d8\u00a7\u00d9\u0084\u00d8\u00af\u00d8\u00ae\u00d9\u0088\u00d9\u0084",
        "timestamp_value": 0
      },
      {
        "ent_field_name": "HashedCookieValue",
        "label": "\u00d9\u0085\u00d9\u0084\u00d9\u0081 \u00d8\u00aa\u00d8\u00b9\u00d8\u00b1\u00d9\u008a\u00d9\u0081 \u00d8\u00a7\u00d8\u00b1\u00d8\u00aa\u00d8\u00a8\u00d8\u00a7\u00d8\u00b7 \u00d8\u00a7\u00d9\u0084\u00d9\u0085\u00d8\u00aa\u00d8\u00b5\u00d9\u0081\u00d8\u00ad",
        "value": "d61dbda11d90ed59db33542e8fc328eea7d945f66aeae414d3c4c68681faf410"
      }
    ],
    "fbid": "122103035540333708",
    "ent_name": "EntDeviceLoginUser"
  },
  {
    "media": [
      
    ],
    "label_values": [
      {
        "ent_field_name": "AutoLoginTime",
        "label": "\u00d9\u0088\u00d9\u0082\u00d8\u00aa \u00d8\u00aa\u00d8\u00b3\u00d8\u00ac\u00d9\u008a\u00d9\u0084 \u00d8\u00a7\u00d9\u0084\u00d8\u00af\u00d8\u00ae\u00d9\u0088\u00d9\u0084",
        "timestamp_value": 0
      },
      {
        "ent_field_name": "HashedCookieValue",
        "label": "\u00d9\u0085\u00d9\u0084\u00d9\u0081 \u00d8\u00aa\u00d8\u00b9\u00d8\u00b1\u00d9\u008a\u00d9\u0081 \u00d8\u00a7\u00d8\u00b1\u00d8\u00aa\u00d8\u00a8\u00d8\u00a7\u00d8\u00b7 \u00d8\u00a7\u00d9\u0084\u00d9\u0085\u00d8\u00aa\u00d8\u00b5\u00d9\u0081\u00d8\u00ad",
        "value": "7436eaa15bc0b1ea3ae0399ac23724c489c13e7a4ddf602e12d8974cacccf012"
      }
    ],
    "fbid": "122102306468333708",
    "ent_name": "EntDeviceLoginUser"
  },
  {
    "media": [
      
    ],
    "label_values": [
      {
        "ent_field_name": "AutoLoginTime",
        "label": "\u00d9\u0088\u00d9\u0082\u00d8\u00aa \u00d8\u00aa\u00d8\u00b3\u00d8\u00ac\u00d9\u008a\u00d9\u0084 \u00d8\u00a7\u00d9\u0084\u00d8\u00af\u00d8\u00ae\u00d9\u0088\u00d9\u0084",
        "timestamp_value": 0
      },
      {
        "ent_field_name": "HashedCookieValue",
        "label": "\u00d9\u0085\u00d9\u0084\u00d9\u0081 \u00d8\u00aa\u00d8\u00b9\u00d8\u00b1\u00d9\u008a\u00d9\u0081 \u00d8\u00a7\u00d8\u00b1\u00d8\u00aa\u00d8\u00a8\u00d8\u00a7\u00d8\u00b7 \u00d8\u00a7\u00d9\u0084\u00d9\u0085\u00d8\u00aa\u00d8\u00b5\u00d9\u0081\u00d8\u00ad",
        "value": "a09ca0279b29b656bb359c8595e907fee3255eb82cbd357b3c390d448770fe7b"
      }
    ],
    "fbid": "122102274212333708",
    "ent_name": "EntDeviceLoginUser"
  },
  {
    "media": [
      
    ],
    "label_values": [
      {
        "ent_field_name": "AutoLoginTime",
        "label": "\u00d9\u0088\u00d9\u0082\u00d8\u00aa \u00d8\u00aa\u00d8\u00b3\u00d8\u00ac\u00d9\u008a\u00d9\u0084 \u00d8\u00a7\u00d9\u0084\u00d8\u00af\u00d8\u00ae\u00d9\u0088\u00d9\u0084",
        "timestamp_value": 0
      },
      {
        "ent_field_name": "HashedCookieValue",
        "label": "\u00d9\u0085\u00d9\u0084\u00d9\u0081 \u00d8\u00aa\u00d8\u00b9\u00d8\u00b1\u00d9\u008a\u00d9\u0081 \u00d8\u00a7\u00d8\u00b1\u00d8\u00aa\u00d8\u00a8\u00d8\u00a7\u00d8\u00b7 \u00d8\u00a7\u00d9\u0084\u00d9\u0085\u00d8\u00aa\u00d8\u00b5\u00d9\u0081\u00d8\u00ad",
        "value": "4616b54b930eb59f40040cf441a2daab73a5ed50cf0d98de90dd5013e2d3d45f"
      }
    ],
    "fbid": "122101744406333708",
    "ent_name": "EntDeviceLoginUser"
  },
  {
    "media": [
      
    ],
    "label_values": [
      {
        "ent_field_name": "AutoLoginTime",
        "label": "\u00d9\u0088\u00d9\u0082\u00d8\u00aa \u00d8\u00aa\u00d8\u00b3\u00d8\u00ac\u00d9\u008a\u00d9\u0084 \u00d8\u00a7\u00d9\u0084\u00d8\u00af\u00d8\u00ae\u00d9\u0088\u00d9\u0084",
        "timestamp_value": 0
      },
      {
        "ent_field_name": "HashedCookieValue",
        "label": "\u00d9\u0085\u00d9\u0084\u00d9\u0081 \u00d8\u00aa\u00d8\u00b9\u00d8\u00b1\u00d9\u008a\u00d9\u0081 \u00d8\u00a7\u00d8\u00b1\u00d8\u00aa\u00d8\u00a8\u00d8\u00a7\u00d8\u00b7 \u00d8\u00a7\u00d9\u0084\u00d9\u0085\u00d8\u00aa\u00d8\u00b5\u00d9\u0081\u00d8\u00ad",
        "value": "3ac24561db7915245e29063b7edeeaafbab4fe256e73b3a298ea266bc3d3e263"
      }
    ],
    "fbid": "122101401506333708",
    "ent_name": "EntDeviceLoginUser"
  },
  {
    "media": [
      
    ],
    "label_values": [
      {
        "ent_field_name": "AutoLoginTime",
        "label": "\u00d9\u0088\u00d9\u0082\u00d8\u00aa \u00d8\u00aa\u00d8\u00b3\u00d8\u00ac\u00d9\u008a\u00d9\u0084 \u00d8\u00a7\u00d9\u0084\u00d8\u00af\u00d8\u00ae\u00d9\u0088\u00d9\u0084",
        "timestamp_value": 0
      },
      {
        "ent_field_name": "HashedCookieValue",
        "label": "\u00d9\u0085\u00d9\u0084\u00d9\u0081 \u00d8\u00aa\u00d8\u00b9\u00d8\u00b1\u00d9\u008a\u00d9\u0081 \u00d8\u00a7\u00d8\u00b1\u00d8\u00aa\u00d8\u00a8\u00d8\u00a7\u00d8\u00b7 \u00d8\u00a7\u00d9\u0084\u00d9\u0085\u00d8\u00aa\u00d8\u00b5\u00d9\u0081\u00d8\u00ad",
        "value": "9a589f8396b1584fd768f4b231c6938b1622218a4d2ae60e3786bf835e0fa8b3"
      }
    ],
    "fbid": "122101382780333708",
    "ent_name": "EntDeviceLoginUser"
  },
  {
    "media": [
      
    ],
    "label_values": [
      {
        "ent_field_name": "AutoLoginTime",
        "label": "\u00d9\u0088\u00d9\u0082\u00d8\u00aa \u00d8\u00aa\u00d8\u00b3\u00d8\u00ac\u00d9\u008a\u00d9\u0084 \u00d8\u00a7\u00d9\u0084\u00d8\u00af\u00d8\u00ae\u00d9\u0088\u00d9\u0084",
        "timestamp_value": 0
      },
      {
        "ent_field_name": "HashedCookieValue",
        "label": "\u00d9\u0085\u00d9\u0084\u00d9\u0081 \u00d8\u00aa\u00d8\u00b9\u00d8\u00b1\u00d9\u008a\u00d9\u0081 \u00d8\u00a7\u00d8\u00b1\u00d8\u00aa\u00d8\u00a8\u00d8\u00a7\u00d8\u00b7 \u00d8\u00a7\u00d9\u0084\u00d9\u0085\u00d8\u00aa\u00d8\u00b5\u00d9\u0081\u00d8\u00ad",
        "value": "38cd70d5f14ad775fa23ad270eacf6e8b12244bf5822c3d8c7f7f47a52943a8f"
      }
    ],
    "fbid": "122101371440333708",
    "ent_name": "EntDeviceLoginUser"
  },
  {
    "media": [
      
    ],
    "label_values": [
      {
        "ent_field_name": "AutoLoginTime",
        "label": "\u00d9\u0088\u00d9\u0082\u00d8\u00aa \u00d8\u00aa\u00d8\u00b3\u00d8\u00ac\u00d9\u008a\u00d9\u0084 \u00d8\u00a7\u00d9\u0084\u00d8\u00af\u00d8\u00ae\u00d9\u0088\u00d9\u0084",
        "timestamp_value": 0
      },
      {
        "ent_field_name": "HashedCookieValue",
        "label": "\u00d9\u0085\u00d9\u0084\u00d9\u0081 \u00d8\u00aa\u00d8\u00b9\u00d8\u00b1\u00d9\u008a\u00d9\u0081 \u00d8\u00a7\u00d8\u00b1\u00d8\u00aa\u00d8\u00a8\u00d8\u00a7\u00d8\u00b7 \u00d8\u00a7\u00d9\u0084\u00d9\u0085\u00d8\u00aa\u00d8\u00b5\u00d9\u0081\u00d8\u00ad",
        "value": "cb3ffdcee00b6625bcfc8f3ca48f012667307cbda8bfa4a95a4d1a8386278b75"
      }
    ],
    "fbid": "122101158068333708",
    "ent_name": "EntDeviceLoginUser"
  },
  {
    "media": [
      
    ],
    "label_values": [
      {
        "ent_field_name": "AutoLoginTime",
        "label": "\u00d9\u0088\u00d9\u0082\u00d8\u00aa \u00d8\u00aa\u00d8\u00b3\u00d8\u00ac\u00d9\u008a\u00d9\u0084 \u00d8\u00a7\u00d9\u0084\u00d8\u00af\u00d8\u00ae\u00d9\u0088\u00d9\u0084",
        "timestamp_value": 0
      },
      {
        "ent_field_name": "HashedCookieValue",
        "label": "\u00d9\u0085\u00d9\u0084\u00d9\u0081 \u00d8\u00aa\u00d8\u00b9\u00d8\u00b1\u00d9\u008a\u00d9\u0081 \u00d8\u00a7\u00d8\u00b1\u00d8\u00aa\u00d8\u00a8\u00d8\u00a7\u00d8\u00b7 \u00d8\u00a7\u00d9\u0084\u00d9\u0085\u00d8\u00aa\u00d8\u00b5\u00d9\u0081\u00d8\u00ad",
        "value": "7297c9bdd91a9fbac4020ece7477025b18f7f56d7b1a66be60da00031db83320"
      }
    ],
    "fbid": "122101132694333708",
    "ent_name": "EntDeviceLoginUser"
  },
  {
    "media": [
      
    ],
    "label_values": [
      {
        "ent_field_name": "AutoLoginTime",
        "label": "\u00d9\u0088\u00d9\u0082\u00d8\u00aa \u00d8\u00aa\u00d8\u00b3\u00d8\u00ac\u00d9\u008a\u00d9\u0084 \u00d8\u00a7\u00d9\u0084\u00d8\u00af\u00d8\u00ae\u00d9\u0088\u00d9\u0084",
        "timestamp_value": 0
      },
      {
        "ent_field_name": "HashedCookieValue",
        "label": "\u00d9\u0085\u00d9\u0084\u00d9\u0081 \u00d8\u00aa\u00d8\u00b9\u00d8\u00b1\u00d9\u008a\u00d9\u0081 \u00d8\u00a7\u00d8\u00b1\u00d8\u00aa\u00d8\u00a8\u00d8\u00a7\u00d8\u00b7 \u00d8\u00a7\u00d9\u0084\u00d9\u0085\u00d8\u00aa\u00d8\u00b5\u00d9\u0081\u00d8\u00ad",
        "value": "014a50207f45c53e7f54768e3c9795e95c3ead745338fbd30d3191967f96d4c1"
      }
    ],
    "fbid": "122101117532333708",
    "ent_name": "EntDeviceLoginUser"
  },
  {
    "media": [
      
    ],
    "label_values": [
      {
        "ent_field_name": "AutoLoginTime",
        "label": "\u00d9\u0088\u00d9\u0082\u00d8\u00aa \u00d8\u00aa\u00d8\u00b3\u00d8\u00ac\u00d9\u008a\u00d9\u0084 \u00d8\u00a7\u00d9\u0084\u00d8\u00af\u00d8\u00ae\u00d9\u0088\u00d9\u0084",
        "timestamp_value": 0
      },
      {
        "ent_field_name": "HashedCookieValue",
        "label": "\u00d9\u0085\u00d9\u0084\u00d9\u0081 \u00d8\u00aa\u00d8\u00b9\u00d8\u00b1\u00d9\u008a\u00d9\u0081 \u00d8\u00a7\u00d8\u00b1\u00d8\u00aa\u00d8\u00a8\u00d8\u00a7\u00d8\u00b7 \u00d8\u00a7\u00d9\u0084\u00d9\u0085\u00d8\u00aa\u00d8\u00b5\u00d9\u0081\u00d8\u00ad",
        "value": "5e39f1e722fc0ffb009789507c2d0afddf4874b64e8a05147a023c7f28089860"
      }
    ],
    "fbid": "122101089674333708",
    "ent_name": "EntDeviceLoginUser"
  },
  {
    "media": [
      
    ],
    "label_values": [
      {
        "ent_field_name": "AutoLoginTime",
        "label": "\u00d9\u0088\u00d9\u0082\u00d8\u00aa \u00d8\u00aa\u00d8\u00b3\u00d8\u00ac\u00d9\u008a\u00d9\u0084 \u00d8\u00a7\u00d9\u0084\u00d8\u00af\u00d8\u00ae\u00d9\u0088\u00d9\u0084",
        "timestamp_value": 0
      },
      {
        "ent_field_name": "HashedCookieValue",
        "label": "\u00d9\u0085\u00d9\u0084\u00d9\u0081 \u00d8\u00aa\u00d8\u00b9\u00d8\u00b1\u00d9\u008a\u00d9\u0081 \u00d8\u00a7\u00d8\u00b1\u00d8\u00aa\u00d8\u00a8\u00d8\u00a7\u00d8\u00b7 \u00d8\u00a7\u00d9\u0084\u00d9\u0085\u00d8\u00aa\u00d8\u00b5\u00d9\u0081\u00d8\u00ad",
        "value": "d62ae7c91d9a515ddef572b9d0ce1d4ef9110fa62827d2bd783bccafca13df8d"
      }
    ],
    "fbid": "122101081304333708",
    "ent_name": "EntDeviceLoginUser"
  },
  {
    "media": [
      
    ],
    "label_values": [
      {
        "ent_field_name": "AutoLoginTime",
        "label": "\u00d9\u0088\u00d9\u0082\u00d8\u00aa \u00d8\u00aa\u00d8\u00b3\u00d8\u00ac\u00d9\u008a\u00d9\u0084 \u00d8\u00a7\u00d9\u0084\u00d8\u00af\u00d8\u00ae\u00d9\u0088\u00d9\u0084",
        "timestamp_value": 0
      },
      {
        "ent_field_name": "HashedCookieValue",
        "label": "\u00d9\u0085\u00d9\u0084\u00d9\u0081 \u00d8\u00aa\u00d8\u00b9\u00d8\u00b1\u00d9\u008a\u00d9\u0081 \u00d8\u00a7\u00d8\u00b1\u00d8\u00aa\u00d8\u00a8\u00d8\u00a7\u00d8\u00b7 \u00d8\u00a7\u00d9\u0084\u00d9\u0085\u00d8\u00aa\u00d8\u00b5\u00d9\u0081\u00d8\u00ad",
        "value": "06fce5521ce5b8781b13d268815140f03b799f8951a359005c955339916bacc9"
      }
    ],
    "fbid": "122100756368333708",
    "ent_name": "EntDeviceLoginUser"
  },
  {
    "media": [
      
    ],
    "label_values": [
      {
        "ent_field_name": "AutoLoginTime",
        "label": "\u00d9\u0088\u00d9\u0082\u00d8\u00aa \u00d8\u00aa\u00d8\u00b3\u00d8\u00ac\u00d9\u008a\u00d9\u0084 \u00d8\u00a7\u00d9\u0084\u00d8\u00af\u00d8\u00ae\u00d9\u0088\u00d9\u0084",
        "timestamp_value": 0
      },
      {
        "ent_field_name": "HashedCookieValue",
        "label": "\u00d9\u0085\u00d9\u0084\u00d9\u0081 \u00d8\u00aa\u00d8\u00b9\u00d8\u00b1\u00d9\u008a\u00d9\u0081 \u00d8\u00a7\u00d8\u00b1\u00d8\u00aa\u00d8\u00a8\u00d8\u00a7\u00d8\u00b7 \u00d8\u00a7\u00d9\u0084\u00d9\u0085\u00d8\u00aa\u00d8\u00b5\u00d9\u0081\u00d8\u00ad",
        "value": "67abc29f2e0f82ec1b5211d3e7105a29a4e9e15d4657b3b7e53f943398436a5c"
      }
    ],
    "fbid": "122100732902333708",
    "ent_name": "EntDeviceLoginUser"
  },
  {
    "media": [
      
    ],
    "label_values": [
      {
        "ent_field_name": "AutoLoginTime",
        "label": "\u00d9\u0088\u00d9\u0082\u00d8\u00aa \u00d8\u00aa\u00d8\u00b3\u00d8\u00ac\u00d9\u008a\u00d9\u0084 \u00d8\u00a7\u00d9\u0084\u00d8\u00af\u00d8\u00ae\u00d9\u0088\u00d9\u0084",
        "timestamp_value": 0
      },
      {
        "ent_field_name": "HashedCookieValue",
        "label": "\u00d9\u0085\u00d9\u0084\u00d9\u0081 \u00d8\u00aa\u00d8\u00b9\u00d8\u00b1\u00d9\u008a\u00d9\u0081 \u00d8\u00a7\u00d8\u00b1\u00d8\u00aa\u00d8\u00a8\u00d8\u00a7\u00d8\u00b7 \u00d8\u00a7\u00d9\u0084\u00d9\u0085\u00d8\u00aa\u00d8\u00b5\u00d9\u0081\u00d8\u00ad",
        "value": "ba45bc6658971d6f10496424d90e83eac3b29a080fd04c4d042d8bc890f25714"
      }
    ],
    "fbid": "122100674888333708",
    "ent_name": "EntDeviceLoginUser"
  },
  {
    "media": [
      
    ],
    "label_values": [
      {
        "ent_field_name": "AutoLoginTime",
        "label": "\u00d9\u0088\u00d9\u0082\u00d8\u00aa \u00d8\u00aa\u00d8\u00b3\u00d8\u00ac\u00d9\u008a\u00d9\u0084 \u00d8\u00a7\u00d9\u0084\u00d8\u00af\u00d8\u00ae\u00d9\u0088\u00d9\u0084",
        "timestamp_value": 0
      },
      {
        "ent_field_name": "HashedCookieValue",
        "label": "\u00d9\u0085\u00d9\u0084\u00d9\u0081 \u00d8\u00aa\u00d8\u00b9\u00d8\u00b1\u00d9\u008a\u00d9\u0081 \u00d8\u00a7\u00d8\u00b1\u00d8\u00aa\u00d8\u00a8\u00d8\u00a7\u00d8\u00b7 \u00d8\u00a7\u00d9\u0084\u00d9\u0085\u00d8\u00aa\u00d8\u00b5\u00d9\u0081\u00d8\u00ad",
        "value": "ec58ec0c44d282961b8a8cc981fb0d7b10539ba8e6e204000218a14f6c88c41e"
      }
    ],
    "fbid": "122100624728333708",
    "ent_name": "EntDeviceLoginUser"
  },
  {
    "media": [
      
    ],
    "label_values": [
      {
        "ent_field_name": "AutoLoginTime",
        "label": "\u00d9\u0088\u00d9\u0082\u00d8\u00aa \u00d8\u00aa\u00d8\u00b3\u00d8\u00ac\u00d9\u008a\u00d9\u0084 \u00d8\u00a7\u00d9\u0084\u00d8\u00af\u00d8\u00ae\u00d9\u0088\u00d9\u0084",
        "timestamp_value": 0
      },
      {
        "ent_field_name": "HashedCookieValue",
        "label": "\u00d9\u0085\u00d9\u0084\u00d9\u0081 \u00d8\u00aa\u00d8\u00b9\u00d8\u00b1\u00d9\u008a\u00d9\u0081 \u00d8\u00a7\u00d8\u00b1\u00d8\u00aa\u00d8\u00a8\u00d8\u00a7\u00d8\u00b7 \u00d8\u00a7\u00d9\u0084\u00d9\u0085\u00d8\u00aa\u00d8\u00b5\u00d9\u0081\u00d8\u00ad",
        "value": "d48447bd2144e80120a2cb9efa03e9d14a5e1b45149bdb27933dd8b1759b9607"
      }
    ],
    "fbid": "122100594368333708",
    "ent_name": "EntDeviceLoginUser"
  },
  {
    "media": [
      
    ],
    "label_values": [
      {
        "ent_field_name": "AutoLoginTime",
        "label": "\u00d9\u0088\u00d9\u0082\u00d8\u00aa \u00d8\u00aa\u00d8\u00b3\u00d8\u00ac\u00d9\u008a\u00d9\u0084 \u00d8\u00a7\u00d9\u0084\u00d8\u00af\u00d8\u00ae\u00d9\u0088\u00d9\u0084",
        "timestamp_value": 0
      },
      {
        "ent_field_name": "HashedCookieValue",
        "label": "\u00d9\u0085\u00d9\u0084\u00d9\u0081 \u00d8\u00aa\u00d8\u00b9\u00d8\u00b1\u00d9\u008a\u00d9\u0081 \u00d8\u00a7\u00d8\u00b1\u00d8\u00aa\u00d8\u00a8\u00d8\u00a7\u00d8\u00b7 \u00d8\u00a7\u00d9\u0084\u00d9\u0085\u00d8\u00aa\u00d8\u00b5\u00d9\u0081\u00d8\u00ad",
        "value": "3eabc1574702e6bdcbd7ce834fb8a1d8637cf958ffedc8307c3b3c2ef9e144f4"
      }
    ],
    "fbid": "122100581234333708",
    "ent_name": "EntDeviceLoginUser"
  },
  {
    "media": [
      
    ],
    "label_values": [
      {
        "ent_field_name": "AutoLoginTime",
        "label": "\u00d9\u0088\u00d9\u0082\u00d8\u00aa \u00d8\u00aa\u00d8\u00b3\u00d8\u00ac\u00d9\u008a\u00d9\u0084 \u00d8\u00a7\u00d9\u0084\u00d8\u00af\u00d8\u00ae\u00d9\u0088\u00d9\u0084",
        "timestamp_value": 0
      },
      {
        "ent_field_name": "HashedCookieValue",
        "label": "\u00d9\u0085\u00d9\u0084\u00d9\u0081 \u00d8\u00aa\u00d8\u00b9\u00d8\u00b1\u00d9\u008a\u00d9\u0081 \u00d8\u00a7\u00d8\u00b1\u00d8\u00aa\u00d8\u00a8\u00d8\u00a7\u00d8\u00b7 \u00d8\u00a7\u00d9\u0084\u00d9\u0085\u00d8\u00aa\u00d8\u00b5\u00d9\u0081\u00d8\u00ad",
        "value": "63ef19ff05dda328c5b324c55bad47acd771cf27bba676824493922789e2541c"
      }
    ],
    "fbid": "122100555602333708",
    "ent_name": "EntDeviceLoginUser"
  },
  {
    "media": [
      
    ],
    "label_values": [
      {
        "ent_field_name": "AutoLoginTime",
        "label": "\u00d9\u0088\u00d9\u0082\u00d8\u00aa \u00d8\u00aa\u00d8\u00b3\u00d8\u00ac\u00d9\u008a\u00d9\u0084 \u00d8\u00a7\u00d9\u0084\u00d8\u00af\u00d8\u00ae\u00d9\u0088\u00d9\u0084",
        "timestamp_value": 0
      },
      {
        "ent_field_name": "HashedCookieValue",
        "label": "\u00d9\u0085\u00d9\u0084\u00d9\u0081 \u00d8\u00aa\u00d8\u00b9\u00d8\u00b1\u00d9\u008a\u00d9\u0081 \u00d8\u00a7\u00d8\u00b1\u00d8\u00aa\u00d8\u00a8\u00d8\u00a7\u00d8\u00b7 \u00d8\u00a7\u00d9\u0084\u00d9\u0085\u00d8\u00aa\u00d8\u00b5\u00d9\u0081\u00d8\u00ad",
        "value": "6a622130e977d5c6c4990227f0e8bf407c2ec759b4a46a6d5b527db773b514f3"
      }
    ],
    "fbid": "122100554570333708",
    "ent_name": "EntDeviceLoginUser"
  },
  {
    "media": [
      
    ],
    "label_values": [
      {
        "ent_field_name": "AutoLoginTime",
        "label": "\u00d9\u0088\u00d9\u0082\u00d8\u00aa \u00d8\u00aa\u00d8\u00b3\u00d8\u00ac\u00d9\u008a\u00d9\u0084 \u00d8\u00a7\u00d9\u0084\u00d8\u00af\u00d8\u00ae\u00d9\u0088\u00d9\u0084",
        "timestamp_value": 0
      },
      {
        "ent_field_name": "HashedCookieValue",
        "label": "\u00d9\u0085\u00d9\u0084\u00d9\u0081 \u00d8\u00aa\u00d8\u00b9\u00d8\u00b1\u00d9\u008a\u00d9\u0081 \u00d8\u00a7\u00d8\u00b1\u00d8\u00aa\u00d8\u00a8\u00d8\u00a7\u00d8\u00b7 \u00d8\u00a7\u00d9\u0084\u00d9\u0085\u00d8\u00aa\u00d8\u00b5\u00d9\u0081\u00d8\u00ad",
        "value": "0d6d3b2ebef8200d40346a80c4706b38b7008ccf151ddffb235214fb6eba7399"
      }
    ],
    "fbid": "122100553478333708",
    "ent_name": "EntDeviceLoginUser"
  },
  {
    "media": [
      
    ],
    "label_values": [
      {
        "ent_field_name": "AutoLoginTime",
        "label": "\u00d9\u0088\u00d9\u0082\u00d8\u00aa \u00d8\u00aa\u00d8\u00b3\u00d8\u00ac\u00d9\u008a\u00d9\u0084 \u00d8\u00a7\u00d9\u0084\u00d8\u00af\u00d8\u00ae\u00d9\u0088\u00d9\u0084",
        "timestamp_value": 0
      },
      {
        "ent_field_name": "HashedCookieValue",
        "label": "\u00d9\u0085\u00d9\u0084\u00d9\u0081 \u00d8\u00aa\u00d8\u00b9\u00d8\u00b1\u00d9\u008a\u00d9\u0081 \u00d8\u00a7\u00d8\u00b1\u00d8\u00aa\u00d8\u00a8\u00d8\u00a7\u00d8\u00b7 \u00d8\u00a7\u00d9\u0084\u00d9\u0085\u00d8\u00aa\u00d8\u00b5\u00d9\u0081\u00d8\u00ad",
        "value": "abf8f807d9cd801eba33cfb9c6fce3569b49c6a30b37763eab259a39ee067420"
      }
    ],
    "fbid": "122100522134333708",
    "ent_name": "EntDeviceLoginUser"
  },
  {
    "media": [
      
    ],
    "label_values": [
      {
        "ent_field_name": "AutoLoginTime",
        "label": "\u00d9\u0088\u00d9\u0082\u00d8\u00aa \u00d8\u00aa\u00d8\u00b3\u00d8\u00ac\u00d9\u008a\u00d9\u0084 \u00d8\u00a7\u00d9\u0084\u00d8\u00af\u00d8\u00ae\u00d9\u0088\u00d9\u0084",
        "timestamp_value": 0
      },
      {
        "ent_field_name": "HashedCookieValue",
        "label": "\u00d9\u0085\u00d9\u0084\u00d9\u0081 \u00d8\u00aa\u00d8\u00b9\u00d8\u00b1\u00d9\u008a\u00d9\u0081 \u00d8\u00a7\u00d8\u00b1\u00d8\u00aa\u00d8\u00a8\u00d8\u00a7\u00d8\u00b7 \u00d8\u00a7\u00d9\u0084\u00d9\u0085\u00d8\u00aa\u00d8\u00b5\u00d9\u0081\u00d8\u00ad",
        "value": "9302c67068d4bbb35f3c46dfb432524ce4cbedefdf440bca5d52be7e6586d49c"
      }
    ],
    "fbid": "122100502400333708",
    "ent_name": "EntDeviceLoginUser"
  },
  {
    "media": [
      
    ],
    "label_values": [
      {
        "ent_field_name": "AutoLoginTime",
        "label": "\u00d9\u0088\u00d9\u0082\u00d8\u00aa \u00d8\u00aa\u00d8\u00b3\u00d8\u00ac\u00d9\u008a\u00d9\u0084 \u00d8\u00a7\u00d9\u0084\u00d8\u00af\u00d8\u00ae\u00d9\u0088\u00d9\u0084",
        "timestamp_value": 0
      },
      {
        "ent_field_name": "HashedCookieValue",
        "label": "\u00d9\u0085\u00d9\u0084\u00d9\u0081 \u00d8\u00aa\u00d8\u00b9\u00d8\u00b1\u00d9\u008a\u00d9\u0081 \u00d8\u00a7\u00d8\u00b1\u00d8\u00aa\u00d8\u00a8\u00d8\u00a7\u00d8\u00b7 \u00d8\u00a7\u00d9\u0084\u00d9\u0085\u00d8\u00aa\u00d8\u00b5\u00d9\u0081\u00d8\u00ad",
        "value": "c058aba3231992d8f20b84457bc16c31260efeb00ea726487ea9f3b5592234c9"
      }
    ],
    "fbid": "122100472574333708",
    "ent_name": "EntDeviceLoginUser"
  },
  {
    "media": [
      
    ],
    "label_values": [
      {
        "ent_field_name": "AutoLoginTime",
        "label": "\u00d9\u0088\u00d9\u0082\u00d8\u00aa \u00d8\u00aa\u00d8\u00b3\u00d8\u00ac\u00d9\u008a\u00d9\u0084 \u00d8\u00a7\u00d9\u0084\u00d8\u00af\u00d8\u00ae\u00d9\u0088\u00d9\u0084",
        "timestamp_value": 0
      },
      {
        "ent_field_name": "HashedCookieValue",
        "label": "\u00d9\u0085\u00d9\u0084\u00d9\u0081 \u00d8\u00aa\u00d8\u00b9\u00d8\u00b1\u00d9\u008a\u00d9\u0081 \u00d8\u00a7\u00d8\u00b1\u00d8\u00aa\u00d8\u00a8\u00d8\u00a7\u00d8\u00b7 \u00d8\u00a7\u00d9\u0084\u00d9\u0085\u00d8\u00aa\u00d8\u00b5\u00d9\u0081\u00d8\u00ad",
        "value": "1604d9ac911827f538c6eca1602ce73597311c61b44be7a9d75f6dce2226bb9a"
      }
    ],
    "fbid": "122100458390333708",
    "ent_name": "EntDeviceLoginUser"
  },
  {
    "media": [
      
    ],
    "label_values": [
      {
        "ent_field_name": "AutoLoginTime",
        "label": "\u00d9\u0088\u00d9\u0082\u00d8\u00aa \u00d8\u00aa\u00d8\u00b3\u00d8\u00ac\u00d9\u008a\u00d9\u0084 \u00d8\u00a7\u00d9\u0084\u00d8\u00af\u00d8\u00ae\u00d9\u0088\u00d9\u0084",
        "timestamp_value": 0
      },
      {
        "ent_field_name": "HashedCookieValue",
        "label": "\u00d9\u0085\u00d9\u0084\u00d9\u0081 \u00d8\u00aa\u00d8\u00b9\u00d8\u00b1\u00d9\u008a\u00d9\u0081 \u00d8\u00a7\u00d8\u00b1\u00d8\u00aa\u00d8\u00a8\u00d8\u00a7\u00d8\u00b7 \u00d8\u00a7\u00d9\u0084\u00d9\u0085\u00d8\u00aa\u00d8\u00b5\u00d9\u0081\u00d8\u00ad",
        "value": "657125e5e4bc58fee340398220a6209464f117df41b013948ec4a5d85e0d1626"
      }
    ],
    "fbid": "122100445832333708",
    "ent_name": "EntDeviceLoginUser"
  },
  {
    "media": [
      
    ],
    "label_values": [
      {
        "ent_field_name": "AutoLoginTime",
        "label": "\u00d9\u0088\u00d9\u0082\u00d8\u00aa \u00d8\u00aa\u00d8\u00b3\u00d8\u00ac\u00d9\u008a\u00d9\u0084 \u00d8\u00a7\u00d9\u0084\u00d8\u00af\u00d8\u00ae\u00d9\u0088\u00d9\u0084",
        "timestamp_value": 0
      },
      {
        "ent_field_name": "HashedCookieValue",
        "label": "\u00d9\u0085\u00d9\u0084\u00d9\u0081 \u00d8\u00aa\u00d8\u00b9\u00d8\u00b1\u00d9\u008a\u00d9\u0081 \u00d8\u00a7\u00d8\u00b1\u00d8\u00aa\u00d8\u00a8\u00d8\u00a7\u00d8\u00b7 \u00d8\u00a7\u00d9\u0084\u00d9\u0085\u00d8\u00aa\u00d8\u00b5\u00d9\u0081\u00d8\u00ad",
        "value": "81f8adef82b345e5123c463186835a3c4e7ab93240b6f225e17014ae83c4cd8c"
      }
    ],
    "fbid": "122100404414333708",
    "ent_name": "EntDeviceLoginUser"
  },
  {
    "media": [
      
    ],
    "label_values": [
      {
        "ent_field_name": "AutoLoginTime",
        "label": "\u00d9\u0088\u00d9\u0082\u00d8\u00aa \u00d8\u00aa\u00d8\u00b3\u00d8\u00ac\u00d9\u008a\u00d9\u0084 \u00d8\u00a7\u00d9\u0084\u00d8\u00af\u00d8\u00ae\u00d9\u0088\u00d9\u0084",
        "timestamp_value": 0
      },
      {
        "ent_field_name": "HashedCookieValue",
        "label": "\u00d9\u0085\u00d9\u0084\u00d9\u0081 \u00d8\u00aa\u00d8\u00b9\u00d8\u00b1\u00d9\u008a\u00d9\u0081 \u00d8\u00a7\u00d8\u00b1\u00d8\u00aa\u00d8\u00a8\u00d8\u00a7\u00d8\u00b7 \u00d8\u00a7\u00d9\u0084\u00d9\u0085\u00d8\u00aa\u00d8\u00b5\u00d9\u0081\u00d8\u00ad",
        "value": "f5643d937018532f6cd645c5b213567d5a80ac1ffbbeb819328fe1c3220d8e8d"
      }
    ],
    "fbid": "122100351062333708",
    "ent_name": "EntDeviceLoginUser"
  },
  {
    "media": [
      
    ],
    "label_values": [
      {
        "ent_field_name": "AutoLoginTime",
        "label": "\u00d9\u0088\u00d9\u0082\u00d8\u00aa \u00d8\u00aa\u00d8\u00b3\u00d8\u00ac\u00d9\u008a\u00d9\u0084 \u00d8\u00a7\u00d9\u0084\u00d8\u00af\u00d8\u00ae\u00d9\u0088\u00d9\u0084",
        "timestamp_value": 0
      },
      {
        "ent_field_name": "HashedCookieValue",
        "label": "\u00d9\u0085\u00d9\u0084\u00d9\u0081 \u00d8\u00aa\u00d8\u00b9\u00d8\u00b1\u00d9\u008a\u00d9\u0081 \u00d8\u00a7\u00d8\u00b1\u00d8\u00aa\u00d8\u00a8\u00d8\u00a7\u00d8\u00b7 \u00d8\u00a7\u00d9\u0084\u00d9\u0085\u00d8\u00aa\u00d8\u00b5\u00d9\u0081\u00d8\u00ad",
        "value": "e23b3c5d552fddcb7e6453f6fa3b0b3d18e364e28f963d836dffa8b0ab953a99"
      }
    ],
    "fbid": "122100325190333708",
    "ent_name": "EntDeviceLoginUser"
  },
  {
    "media": [
      
    ],
    "label_values": [
      {
        "ent_field_name": "AutoLoginTime",
        "label": "\u00d9\u0088\u00d9\u0082\u00d8\u00aa \u00d8\u00aa\u00d8\u00b3\u00d8\u00ac\u00d9\u008a\u00d9\u0084 \u00d8\u00a7\u00d9\u0084\u00d8\u00af\u00d8\u00ae\u00d9\u0088\u00d9\u0084",
        "timestamp_value": 0
      },
      {
        "ent_field_name": "HashedCookieValue",
        "label": "\u00d9\u0085\u00d9\u0084\u00d9\u0081 \u00d8\u00aa\u00d8\u00b9\u00d8\u00b1\u00d9\u008a\u00d9\u0081 \u00d8\u00a7\u00d8\u00b1\u00d8\u00aa\u00d8\u00a8\u00d8\u00a7\u00d8\u00b7 \u00d8\u00a7\u00d9\u0084\u00d9\u0085\u00d8\u00aa\u00d8\u00b5\u00d9\u0081\u00d8\u00ad",
        "value": "c2565f9b64207ce379aea5f1ba9dae8d955ba5bb40cd1bd6cbc5810046b9708f"
      }
    ],
    "fbid": "122100324422333708",
    "ent_name": "EntDeviceLoginUser"
  },
  {
    "media": [
      
    ],
    "label_values": [
      {
        "ent_field_name": "AutoLoginTime",
        "label": "\u00d9\u0088\u00d9\u0082\u00d8\u00aa \u00d8\u00aa\u00d8\u00b3\u00d8\u00ac\u00d9\u008a\u00d9\u0084 \u00d8\u00a7\u00d9\u0084\u00d8\u00af\u00d8\u00ae\u00d9\u0088\u00d9\u0084",
        "timestamp_value": 0
      },
      {
        "ent_field_name": "HashedCookieValue",
        "label": "\u00d9\u0085\u00d9\u0084\u00d9\u0081 \u00d8\u00aa\u00d8\u00b9\u00d8\u00b1\u00d9\u008a\u00d9\u0081 \u00d8\u00a7\u00d8\u00b1\u00d8\u00aa\u00d8\u00a8\u00d8\u00a7\u00d8\u00b7 \u00d8\u00a7\u00d9\u0084\u00d9\u0085\u00d8\u00aa\u00d8\u00b5\u00d9\u0081\u00d8\u00ad",
        "value": "7f2f082ed49ee1579fcd7f3c919f9bcb0386356b17df354e7b8cca05d5f36d77"
      }
    ],
    "fbid": "122100311960333708",
    "ent_name": "EntDeviceLoginUser"
  },
  {
    "media": [
      
    ],
    "label_values": [
      {
        "ent_field_name": "AutoLoginTime",
        "label": "\u00d9\u0088\u00d9\u0082\u00d8\u00aa \u00d8\u00aa\u00d8\u00b3\u00d8\u00ac\u00d9\u008a\u00d9\u0084 \u00d8\u00a7\u00d9\u0084\u00d8\u00af\u00d8\u00ae\u00d9\u0088\u00d9\u0084",
        "timestamp_value": 0
      },
      {
        "ent_field_name": "HashedCookieValue",
        "label": "\u00d9\u0085\u00d9\u0084\u00d9\u0081 \u00d8\u00aa\u00d8\u00b9\u00d8\u00b1\u00d9\u008a\u00d9\u0081 \u00d8\u00a7\u00d8\u00b1\u00d8\u00aa\u00d8\u00a8\u00d8\u00a7\u00d8\u00b7 \u00d8\u00a7\u00d9\u0084\u00d9\u0085\u00d8\u00aa\u00d8\u00b5\u00d9\u0081\u00d8\u00ad",
        "value": "ac9e0de49b7607eabe52a977e6d89cd3d97b74f66b091e33d6869bea68962178"
      }
    ],
    "fbid": "122100281894333708",
    "ent_name": "EntDeviceLoginUser"
  },
  {
    "media": [
      
    ],
    "label_values": [
      {
        "ent_field_name": "AutoLoginTime",
        "label": "\u00d9\u0088\u00d9\u0082\u00d8\u00aa \u00d8\u00aa\u00d8\u00b3\u00d8\u00ac\u00d9\u008a\u00d9\u0084 \u00d8\u00a7\u00d9\u0084\u00d8\u00af\u00d8\u00ae\u00d9\u0088\u00d9\u0084",
        "timestamp_value": 0
      },
      {
        "ent_field_name": "HashedCookieValue",
        "label": "\u00d9\u0085\u00d9\u0084\u00d9\u0081 \u00d8\u00aa\u00d8\u00b9\u00d8\u00b1\u00d9\u008a\u00d9\u0081 \u00d8\u00a7\u00d8\u00b1\u00d8\u00aa\u00d8\u00a8\u00d8\u00a7\u00d8\u00b7 \u00d8\u00a7\u00d9\u0084\u00d9\u0085\u00d8\u00aa\u00d8\u00b5\u00d9\u0081\u00d8\u00ad",
        "value": "ee4bfb44cfa9d67d992ab229f7ea0ffb4f16e7baa7bbde60229dc80f95eb1e0b"
      }
    ],
    "fbid": "122100273086333708",
    "ent_name": "EntDeviceLoginUser"
  },
  {
    "media": [
      
    ],
    "label_values": [
      {
        "ent_field_name": "AutoLoginTime",
        "label": "\u00d9\u0088\u00d9\u0082\u00d8\u00aa \u00d8\u00aa\u00d8\u00b3\u00d8\u00ac\u00d9\u008a\u00d9\u0084 \u00d8\u00a7\u00d9\u0084\u00d8\u00af\u00d8\u00ae\u00d9\u0088\u00d9\u0084",
        "timestamp_value": 0
      },
      {
        "ent_field_name": "HashedCookieValue",
        "label": "\u00d9\u0085\u00d9\u0084\u00d9\u0081 \u00d8\u00aa\u00d8\u00b9\u00d8\u00b1\u00d9\u008a\u00d9\u0081 \u00d8\u00a7\u00d8\u00b1\u00d8\u00aa\u00d8\u00a8\u00d8\u00a7\u00d8\u00b7 \u00d8\u00a7\u00d9\u0084\u00d9\u0085\u00d8\u00aa\u00d8\u00b5\u00d9\u0081\u00d8\u00ad",
        "value": "ab7f0c4403c3544ccb0d3e37a8c1b51292b49281f08a8d106ff1e7e9c6a56a8b"
      }
    ],
    "fbid": "122100270002333708",
    "ent_name": "EntDeviceLoginUser"
  },
  {
    "media": [
      
    ],
    "label_values": [
      {
        "ent_field_name": "AutoLoginTime",
        "label": "\u00d9\u0088\u00d9\u0082\u00d8\u00aa \u00d8\u00aa\u00d8\u00b3\u00d8\u00ac\u00d9\u008a\u00d9\u0084 \u00d8\u00a7\u00d9\u0084\u00d8\u00af\u00d8\u00ae\u00d9\u0088\u00d9\u0084",
        "timestamp_value": 0
      },
      {
        "ent_field_name": "HashedCookieValue",
        "label": "\u00d9\u0085\u00d9\u0084\u00d9\u0081 \u00d8\u00aa\u00d8\u00b9\u00d8\u00b1\u00d9\u008a\u00d9\u0081 \u00d8\u00a7\u00d8\u00b1\u00d8\u00aa\u00d8\u00a8\u00d8\u00a7\u00d8\u00b7 \u00d8\u00a7\u00d9\u0084\u00d9\u0085\u00d8\u00aa\u00d8\u00b5\u00d9\u0081\u00d8\u00ad",
        "value": "d920d9287a4083b7259cc15e17d4b265a9faa4fa9cfb1ba0753330610be5013f"
      }
    ],
    "fbid": "122100254252333708",
    "ent_name": "EntDeviceLoginUser"
  },
  {
    "media": [
      
    ],
    "label_values": [
      {
        "ent_field_name": "AutoLoginTime",
        "label": "\u00d9\u0088\u00d9\u0082\u00d8\u00aa \u00d8\u00aa\u00d8\u00b3\u00d8\u00ac\u00d9\u008a\u00d9\u0084 \u00d8\u00a7\u00d9\u0084\u00d8\u00af\u00d8\u00ae\u00d9\u0088\u00d9\u0084",
        "timestamp_value": 0
      },
      {
        "ent_field_name": "HashedCookieValue",
        "label": "\u00d9\u0085\u00d9\u0084\u00d9\u0081 \u00d8\u00aa\u00d8\u00b9\u00d8\u00b1\u00d9\u008a\u00d9\u0081 \u00d8\u00a7\u00d8\u00b1\u00d8\u00aa\u00d8\u00a8\u00d8\u00a7\u00d8\u00b7 \u00d8\u00a7\u00d9\u0084\u00d9\u0085\u00d8\u00aa\u00d8\u00b5\u00d9\u0081\u00d8\u00ad",
        "value": "70206f1264f423f36655419b8858500f2885425be0039d16b92a99acea280255"
      }
    ],
    "fbid": "122100250844333708",
    "ent_name": "EntDeviceLoginUser"
  },
  {
    "media": [
      
    ],
    "label_values": [
      {
        "ent_field_name": "AutoLoginTime",
        "label": "\u00d9\u0088\u00d9\u0082\u00d8\u00aa \u00d8\u00aa\u00d8\u00b3\u00d8\u00ac\u00d9\u008a\u00d9\u0084 \u00d8\u00a7\u00d9\u0084\u00d8\u00af\u00d8\u00ae\u00d9\u0088\u00d9\u0084",
        "timestamp_value": 0
      },
      {
        "ent_field_name": "HashedCookieValue",
        "label": "\u00d9\u0085\u00d9\u0084\u00d9\u0081 \u00d8\u00aa\u00d8\u00b9\u00d8\u00b1\u00d9\u008a\u00d9\u0081 \u00d8\u00a7\u00d8\u00b1\u00d8\u00aa\u00d8\u00a8\u00d8\u00a7\u00d8\u00b7 \u00d8\u00a7\u00d9\u0084\u00d9\u0085\u00d8\u00aa\u00d8\u00b5\u00d9\u0081\u00d8\u00ad",
        "value": "b3986976b8355e81765b8d008106042c731d06e60a41ef53b9a48a8c264301e3"
      }
    ],
    "fbid": "122100241916333708",
    "ent_name": "EntDeviceLoginUser"
  },
  {
    "media": [
      
    ],
    "label_values": [
      {
        "ent_field_name": "AutoLoginTime",
        "label": "\u00d9\u0088\u00d9\u0082\u00d8\u00aa \u00d8\u00aa\u00d8\u00b3\u00d8\u00ac\u00d9\u008a\u00d9\u0084 \u00d8\u00a7\u00d9\u0084\u00d8\u00af\u00d8\u00ae\u00d9\u0088\u00d9\u0084",
        "timestamp_value": 0
      },
      {
        "ent_field_name": "HashedCookieValue",
        "label": "\u00d9\u0085\u00d9\u0084\u00d9\u0081 \u00d8\u00aa\u00d8\u00b9\u00d8\u00b1\u00d9\u008a\u00d9\u0081 \u00d8\u00a7\u00d8\u00b1\u00d8\u00aa\u00d8\u00a8\u00d8\u00a7\u00d8\u00b7 \u00d8\u00a7\u00d9\u0084\u00d9\u0085\u00d8\u00aa\u00d8\u00b5\u00d9\u0081\u00d8\u00ad",
        "value": "eef4f899a5600a78f20a78d4f081642afaa52d16d22bc06a3f43859ac9abf89b"
      }
    ],
    "fbid": "122098758686333708",
    "ent_name": "EntDeviceLoginUser"
  },
  {
    "media": [
      
    ],
    "label_values": [
      {
        "ent_field_name": "AutoLoginTime",
        "label": "\u00d9\u0088\u00d9\u0082\u00d8\u00aa \u00d8\u00aa\u00d8\u00b3\u00d8\u00ac\u00d9\u008a\u00d9\u0084 \u00d8\u00a7\u00d9\u0084\u00d8\u00af\u00d8\u00ae\u00d9\u0088\u00d9\u0084",
        "timestamp_value": 0
      },
      {
        "ent_field_name": "HashedCookieValue",
        "label": "\u00d9\u0085\u00d9\u0084\u00d9\u0081 \u00d8\u00aa\u00d8\u00b9\u00d8\u00b1\u00d9\u008a\u00d9\u0081 \u00d8\u00a7\u00d8\u00b1\u00d8\u00aa\u00d8\u00a8\u00d8\u00a7\u00d8\u00b7 \u00d8\u00a7\u00d9\u0084\u00d9\u0085\u00d8\u00aa\u00d8\u00b5\u00d9\u0081\u00d8\u00ad",
        "value": "a2b0a7bae4ce33ae2b8450c304be9007681529610042c50d8a13a2f20ba7c723"
      }
    ],
    "fbid": "122096652536333708",
    "ent_name": "EntDeviceLoginUser"
  },
  {
    "media": [
      
    ],
    "label_values": [
      {
        "ent_field_name": "AutoLoginTime",
        "label": "\u00d9\u0088\u00d9\u0082\u00d8\u00aa \u00d8\u00aa\u00d8\u00b3\u00d8\u00ac\u00d9\u008a\u00d9\u0084 \u00d8\u00a7\u00d9\u0084\u00d8\u00af\u00d8\u00ae\u00d9\u0088\u00d9\u0084",
        "timestamp_value": 0
      },
      {
        "ent_field_name": "HashedCookieValue",
        "label": "\u00d9\u0085\u00d9\u0084\u00d9\u0081 \u00d8\u00aa\u00d8\u00b9\u00d8\u00b1\u00d9\u008a\u00d9\u0081 \u00d8\u00a7\u00d8\u00b1\u00d8\u00aa\u00d8\u00a8\u00d8\u00a7\u00d8\u00b7 \u00d8\u00a7\u00d9\u0084\u00d9\u0085\u00d8\u00aa\u00d8\u00b5\u00d9\u0081\u00d8\u00ad",
        "value": "9e0acdf2eef448f10575696bbde953ed8729d50b5d72c52b44f38a164904db84"
      }
    ],
    "fbid": "122095886054333708",
    "ent_name": "EntDeviceLoginUser"
  },
  {
    "media": [
      
    ],
    "label_values": [
      {
        "ent_field_name": "AutoLoginTime",
        "label": "\u00d9\u0088\u00d9\u0082\u00d8\u00aa \u00d8\u00aa\u00d8\u00b3\u00d8\u00ac\u00d9\u008a\u00d9\u0084 \u00d8\u00a7\u00d9\u0084\u00d8\u00af\u00d8\u00ae\u00d9\u0088\u00d9\u0084",
        "timestamp_value": 0
      },
      {
        "ent_field_name": "HashedCookieValue",
        "label": "\u00d9\u0085\u00d9\u0084\u00d9\u0081 \u00d8\u00aa\u00d8\u00b9\u00d8\u00b1\u00d9\u008a\u00d9\u0081 \u00d8\u00a7\u00d8\u00b1\u00d8\u00aa\u00d8\u00a8\u00d8\u00a7\u00d8\u00b7 \u00d8\u00a7\u00d9\u0084\u00d9\u0085\u00d8\u00aa\u00d8\u00b5\u00d9\u0081\u00d8\u00ad",
        "value": "f640f8e9f2c60ca38ee92248c4dce8237f890e51052886d0c02475fbd2db9814"
      }
    ],
    "fbid": "122093309990333708",
    "ent_name": "EntDeviceLoginUser"
  }
]