[
  {
    "media": [
      
    ],
    "label_values": [
      {
        "ent_field_name": "LastLoginTime",
        "label": "\u00d9\u0088\u00d9\u0082\u00d8\u00aa \u00d8\u00aa\u00d8\u00b3\u00d8\u00ac\u00d9\u008a\u00d9\u0084 \u00d8\u00a7\u00d9\u0084\u00d8\u00af\u00d8\u00ae\u00d9\u0088\u00d9\u0084 \u00d8\u00a7\u00d9\u0084\u00d8\u00a3\u00d8\u00ae\u00d9\u008a\u00d8\u00b1",
        "timestamp_value": 1734505530
      },
      {
        "ent_field_name": "LastLoginTimeCredentialType",
        "label": "\u00d9\u0086\u00d9\u0088\u00d8\u00b9 \u00d8\u00a8\u00d9\u008a\u00d8\u00a7\u00d9\u0086\u00d8\u00a7\u00d8\u00aa \u00d8\u00a7\u00d9\u0084\u00d8\u00a7\u00d8\u00b9\u00d8\u00aa\u00d9\u0085\u00d8\u00a7\u00d8\u00af \u00d8\u00a7\u00d9\u0084\u00d9\u0085\u00d8\u00b3\u00d8\u00aa\u00d8\u00ae\u00d8\u00af\u00d9\u0085\u00d8\u00a9 \u00d9\u0081\u00d9\u008a \u00d8\u00a2\u00d8\u00ae\u00d8\u00b1 \u00d9\u0085\u00d8\u00ad\u00d8\u00a7\u00d9\u0088\u00d9\u0084\u00d8\u00a9 \u00d9\u0084\u00d8\u00aa\u00d8\u00b3\u00d8\u00ac\u00d9\u008a\u00d9\u0084 \u00d8\u00af\u00d8\u00ae\u00d9\u0088\u00d9\u0084",
        "dict": [
          {
            "ent_field_name": "LastLoginTimeCredentialType.key",
            "timestamp_value": 1715896356
          },
          {
            "ent_field_name": "LastLoginTimeCredentialType.key",
            "timestamp_value": 1734504009
          },
          {
            "ent_field_name": "LastLoginTimeCredentialType.key",
            "timestamp_value": 1717663194
          },
          {
            "ent_field_name": "LastLoginTimeCredentialType.key",
            "timestamp_value": 1725828886
          },
          {
            "ent_field_name": "LastLoginTimeCredentialType.key",
            "timestamp_value": 1734505530
          }
        ]
      },
      {
        "ent_field_name": "LastLoginFailureTime",
        "label": "\u00d9\u0088\u00d9\u0082\u00d8\u00aa \u00d9\u0081\u00d8\u00b4\u00d9\u0084 \u00d8\u00aa\u00d8\u00b3\u00d8\u00ac\u00d9\u008a\u00d9\u0084 \u00d8\u00a7\u00d9\u0084\u00d8\u00af\u00d8\u00ae\u00d9\u0088\u00d9\u0084 \u00d8\u00a7\u00d9\u0084\u00d8\u00a3\u00d8\u00ae\u00d9\u008a\u00d8\u00b1",
        "timestamp_value": 0
      }
    ],
    "fbid": "122093309906333708",
    "ent_name": "EntLoginSuccess"
  },
  {
    "media": [
      
    ],
    "label_values": [
      {
        "ent_field_name": "LastLoginTime",
        "label": "\u00d9\u0088\u00d9\u0082\u00d8\u00aa \u00d8\u00aa\u00d8\u00b3\u00d8\u00ac\u00d9\u008a\u00d9\u0084 \u00d8\u00a7\u00d9\u0084\u00d8\u00af\u00d8\u00ae\u00d9\u0088\u00d9\u0084 \u00d8\u00a7\u00d9\u0084\u00d8\u00a3\u00d8\u00ae\u00d9\u008a\u00d8\u00b1",
        "timestamp_value": 1715896356
      },
      {
        "ent_field_name": "LastLoginTimeCredentialType",
        "label": "\u00d9\u0086\u00d9\u0088\u00d8\u00b9 \u00d8\u00a8\u00d9\u008a\u00d8\u00a7\u00d9\u0086\u00d8\u00a7\u00d8\u00aa \u00d8\u00a7\u00d9\u0084\u00d8\u00a7\u00d8\u00b9\u00d8\u00aa\u00d9\u0085\u00d8\u00a7\u00d8\u00af \u00d8\u00a7\u00d9\u0084\u00d9\u0085\u00d8\u00b3\u00d8\u00aa\u00d8\u00ae\u00d8\u00af\u00d9\u0085\u00d8\u00a9 \u00d9\u0081\u00d9\u008a \u00d8\u00a2\u00d8\u00ae\u00d8\u00b1 \u00d9\u0085\u00d8\u00ad\u00d8\u00a7\u00d9\u0088\u00d9\u0084\u00d8\u00a9 \u00d9\u0084\u00d8\u00aa\u00d8\u00b3\u00d8\u00ac\u00d9\u008a\u00d9\u0084 \u00d8\u00af\u00d8\u00ae\u00d9\u0088\u00d9\u0084",
        "dict": [
          {
            "ent_field_name": "LastLoginTimeCredentialType.key",
            "timestamp_value": 1715896356
          }
        ]
      },
      {
        "ent_field_name": "LastLoginFailureTime",
        "label": "\u00d9\u0088\u00d9\u0082\u00d8\u00aa \u00d9\u0081\u00d8\u00b4\u00d9\u0084 \u00d8\u00aa\u00d8\u00b3\u00d8\u00ac\u00d9\u008a\u00d9\u0084 \u00d8\u00a7\u00d9\u0084\u00d8\u00af\u00d8\u00ae\u00d9\u0088\u00d9\u0084 \u00d8\u00a7\u00d9\u0084\u00d8\u00a3\u00d8\u00ae\u00d9\u008a\u00d8\u00b1",
        "timestamp_value": 0
      }
    ],
    "fbid": "122093309888333708",
    "ent_name": "EntLoginSuccess"
  }
]