{
  "account_accesses_v2": [
    {
      "action": "\u00d8\u00aa\u00d8\u00b3\u00d8\u00ac\u00d9\u008a\u00d9\u0084 \u00d8\u00a7\u00d9\u0084\u00d8\u00af\u00d8\u00ae\u00d9\u0088\u00d9\u0084",
      "timestamp": 1734504011,
      "site": "www.facebook.com",
      "ip_address": "145.224.72.202"
    },
    {
      "action": "\u00d8\u00aa\u00d8\u00b3\u00d8\u00ac\u00d9\u008a\u00d9\u0084 \u00d8\u00a7\u00d9\u0084\u00d8\u00af\u00d8\u00ae\u00d9\u0088\u00d9\u0084",
      "timestamp": 1734049409,
      "site": "www.facebook.com",
      "ip_address": "185.80.143.22"
    },
    {
      "action": "\u00d8\u00aa\u00d8\u00b3\u00d8\u00ac\u00d9\u008a\u00d9\u0084 \u00d8\u00a7\u00d9\u0084\u00d8\u00ae\u00d8\u00b1\u00d9\u0088\u00d8\u00ac",
      "timestamp": 1723373332,
      "site": "www.facebook.com",
      "ip_address": "185.80.143.110"
    },
    {
      "action": "\u00d8\u00aa\u00d8\u00b3\u00d8\u00ac\u00d9\u008a\u00d9\u0084 \u00d8\u00a7\u00d9\u0084\u00d8\u00af\u00d8\u00ae\u00d9\u0088\u00d9\u0084",
      "timestamp": 1723373313,
      "site": "www.facebook.com",
      "ip_address": "185.80.143.110"
    },
    {
      "action": "\u00d8\u00aa\u00d8\u00b3\u00d8\u00ac\u00d9\u008a\u00d9\u0084 \u00d8\u00a7\u00d9\u0084\u00d8\u00ae\u00d8\u00b1\u00d9\u0088\u00d8\u00ac",
      "timestamp": 1721845142,
      "site": "www.facebook.com",
      "ip_address": "185.80.143.84"
    },
    {
      "action": "\u00d8\u00aa\u00d8\u00b3\u00d8\u00ac\u00d9\u008a\u00d9\u0084 \u00d8\u00a7\u00d9\u0084\u00d8\u00af\u00d8\u00ae\u00d9\u0088\u00d9\u0084",
      "timestamp": 1721845113,
      "site": "www.facebook.com",
      "ip_address": "185.80.143.84"
    },
    {
      "action": "\u00d8\u00aa\u00d8\u00b3\u00d8\u00ac\u00d9\u008a\u00d9\u0084 \u00d8\u00a7\u00d9\u0084\u00d8\u00af\u00d8\u00ae\u00d9\u0088\u00d9\u0084",
      "timestamp": 1719941744,
      "site": "www.facebook.com",
      "ip_address": "185.80.143.57"
    },
    {
      "action": "\u00d8\u00aa\u00d8\u00b3\u00d8\u00ac\u00d9\u008a\u00d9\u0084 \u00d8\u00a7\u00d9\u0084\u00d8\u00af\u00d8\u00ae\u00d9\u0088\u00d9\u0084",
      "timestamp": 1718130076,
      "site": "www.facebook.com",
      "ip_address": "185.80.143.11"
    },
    {
      "action": "\u00d8\u00aa\u00d8\u00b3\u00d8\u00ac\u00d9\u008a\u00d9\u0084 \u00d8\u00a7\u00d9\u0084\u00d8\u00af\u00d8\u00ae\u00d9\u0088\u00d9\u0084",
      "timestamp": 1718015163,
      "site": "www.facebook.com",
      "ip_address": "185.80.143.120"
    },
    {
      "action": "\u00d8\u00aa\u00d8\u00b3\u00d8\u00ac\u00d9\u008a\u00d9\u0084 \u00d8\u00a7\u00d9\u0084\u00d8\u00af\u00d8\u00ae\u00d9\u0088\u00d9\u0084",
      "timestamp": 1717843959,
      "site": "www.facebook.com",
      "ip_address": "185.80.143.120"
    },
    {
      "action": "\u00d8\u00aa\u00d8\u00b3\u00d8\u00ac\u00d9\u008a\u00d9\u0084 \u00d8\u00a7\u00d9\u0084\u00d8\u00ae\u00d8\u00b1\u00d9\u0088\u00d8\u00ac",
      "timestamp": 1717843924,
      "site": "www.facebook.com",
      "ip_address": "185.80.143.120"
    },
    {
      "action": "\u00d8\u00aa\u00d8\u00b3\u00d8\u00ac\u00d9\u008a\u00d9\u0084 \u00d8\u00a7\u00d9\u0084\u00d8\u00af\u00d8\u00ae\u00d9\u0088\u00d9\u0084",
      "timestamp": 1717663197,
      "site": "m.facebook.com",
      "ip_address": "185.80.143.23"
    },
    {
      "action": "\u00d8\u00aa\u00d8\u00b3\u00d8\u00ac\u00d9\u008a\u00d9\u0084 \u00d8\u00a7\u00d9\u0084\u00d8\u00af\u00d8\u00ae\u00d9\u0088\u00d9\u0084",
      "timestamp": 1717600665,
      "site": "www.facebook.com",
      "ip_address": "185.80.143.23"
    },
    {
      "action": "\u00d8\u00aa\u00d8\u00b3\u00d8\u00ac\u00d9\u008a\u00d9\u0084 \u00d8\u00a7\u00d9\u0084\u00d8\u00af\u00d8\u00ae\u00d9\u0088\u00d9\u0084",
      "timestamp": 1717138907,
      "site": "www.facebook.com",
      "ip_address": "185.80.143.73"
    },
    {
      "action": "\u00d8\u00aa\u00d8\u00b3\u00d8\u00ac\u00d9\u008a\u00d9\u0084 \u00d8\u00a7\u00d9\u0084\u00d8\u00af\u00d8\u00ae\u00d9\u0088\u00d9\u0084",
      "timestamp": 1716918371,
      "site": "www.facebook.com",
      "ip_address": "185.80.143.8"
    },
    {
      "action": "\u00d8\u00aa\u00d8\u00b3\u00d8\u00ac\u00d9\u008a\u00d9\u0084 \u00d8\u00a7\u00d9\u0084\u00d8\u00af\u00d8\u00ae\u00d9\u0088\u00d9\u0084",
      "timestamp": 1716918370,
      "site": "www.facebook.com",
      "ip_address": "185.80.143.8"
    },
    {
      "action": "\u00d8\u00aa\u00d8\u00b3\u00d8\u00ac\u00d9\u008a\u00d9\u0084 \u00d8\u00a7\u00d9\u0084\u00d8\u00af\u00d8\u00ae\u00d9\u0088\u00d9\u0084",
      "timestamp": 1715896363,
      "site": "www.facebook.com",
      "ip_address": "134.35.16.250"
    }
  ]
}