{
  "login_protection_data_v2": [
    {
      "name": "\u00d9\u0085\u00d9\u0084\u00d9\u0081 \u00d8\u00aa\u00d8\u00b9\u00d8\u00b1\u00d9\u008a\u00d9\u0081 \u00d8\u00a7\u00d9\u0084\u00d8\u00a7\u00d8\u00b1\u00d8\u00aa\u00d8\u00a8\u00d8\u00a7\u00d8\u00b7: myZa********************",
      "session": {
        "created_timestamp": 1734504009
      }
    },
    {
      "name": "\u00d8\u00b9\u00d9\u0086\u00d9\u0088\u00d8\u00a7\u00d9\u0086 IP: 145.224.72.202",
      "session": {
        "created_timestamp": 1734504009,
        "ip_address": "145.224.72.202"
      }
    },
    {
      "name": "\u00d8\u00a7\u00d9\u0084\u00d9\u0085\u00d9\u0088\u00d9\u0082\u00d8\u00b9 \u00d8\u00a7\u00d9\u0084\u00d8\u00aa\u00d9\u0082\u00d8\u00b1\u00d9\u008a\u00d8\u00a8\u00d9\u008a \u00d8\u00a8\u00d8\u00a7\u00d8\u00b3\u00d8\u00aa\u00d8\u00ae\u00d8\u00af\u00d8\u00a7\u00d9\u0085 IP 12.056, 24.912",
      "session": {
        "created_timestamp": 1734504009
      }
    },
    {
      "name": "\u00d8\u00b9\u00d9\u0086\u00d9\u0088\u00d8\u00a7\u00d9\u0086 IP: 185.80.143.60",
      "session": {
        "created_timestamp": 1716470418,
        "updated_timestamp": 1734123309,
        "ip_address": "185.80.143.60"
      }
    },
    {
      "name": "\u00d8\u00a7\u00d9\u0084\u00d9\u0085\u00d9\u0088\u00d9\u0082\u00d8\u00b9 \u00d8\u00a7\u00d9\u0084\u00d8\u00aa\u00d9\u0082\u00d8\u00b1\u00d9\u008a\u00d8\u00a8\u00d9\u008a \u00d8\u00a8\u00d8\u00a7\u00d8\u00b3\u00d8\u00aa\u00d8\u00ae\u00d8\u00af\u00d8\u00a7\u00d9\u0085 IP 15.352, 44.248",
      "session": {
        "created_timestamp": 1715984487,
        "updated_timestamp": 1734123309
      }
    },
    {
      "name": "\u00d9\u0085\u00d9\u0084\u00d9\u0081 \u00d8\u00aa\u00d8\u00b9\u00d8\u00b1\u00d9\u008a\u00d9\u0081 \u00d8\u00a7\u00d9\u0084\u00d8\u00a7\u00d8\u00b1\u00d8\u00aa\u00d8\u00a8\u00d8\u00a7\u00d8\u00b7: DY5b********************",
      "session": {
        "created_timestamp": 1734123309
      }
    },
    {
      "name": "\u00d9\u0085\u00d9\u0084\u00d9\u0081 \u00d8\u00aa\u00d8\u00b9\u00d8\u00b1\u00d9\u008a\u00d9\u0081 \u00d8\u00a7\u00d9\u0084\u00d8\u00a7\u00d8\u00b1\u00d8\u00aa\u00d8\u00a8\u00d8\u00a7\u00d8\u00b7: hzVL********************",
      "session": {
        "created_timestamp": 1733087141
      }
    },
    {
      "name": "\u00d9\u0085\u00d9\u0084\u00d9\u0081 \u00d8\u00aa\u00d8\u00b9\u00d8\u00b1\u00d9\u008a\u00d9\u0081 \u00d8\u00a7\u00d9\u0084\u00d8\u00a7\u00d8\u00b1\u00d8\u00aa\u00d8\u00a8\u00d8\u00a7\u00d8\u00b7: EJZH********************",
      "session": {
        "created_timestamp": 1732821576
      }
    },
    {
      "name": "\u00d9\u0085\u00d9\u0084\u00d9\u0081 \u00d8\u00aa\u00d8\u00b9\u00d8\u00b1\u00d9\u008a\u00d9\u0081 \u00d8\u00a7\u00d9\u0084\u00d8\u00a7\u00d8\u00b1\u00d8\u00aa\u00d8\u00a8\u00d8\u00a7\u00d8\u00b7: nHny********************",
      "session": {
        "created_timestamp": 1727925467,
        "updated_timestamp": 1732386051
      }
    },
    {
      "name": "\u00d8\u00a7\u00d9\u0084\u00d9\u0085\u00d9\u0088\u00d9\u0082\u00d8\u00b9 \u00d8\u00a7\u00d9\u0084\u00d8\u00aa\u00d9\u0082\u00d8\u00b1\u00d9\u008a\u00d8\u00a8\u00d9\u008a \u00d8\u00a8\u00d8\u00a7\u00d8\u00b3\u00d8\u00aa\u00d8\u00ae\u00d8\u00af\u00d8\u00a7\u00d9\u0085 IP 12.76, 45.04",
      "session": {
        "created_timestamp": 1715896356,
        "updated_timestamp": 1731013850
      }
    },
    {
      "name": "\u00d8\u00b9\u00d9\u0086\u00d9\u0088\u00d8\u00a7\u00d9\u0086 IP: 134.35.9.244",
      "session": {
        "created_timestamp": 1731013850,
        "ip_address": "134.35.9.244"
      }
    },
    {
      "name": "\u00d8\u00b9\u00d9\u0086\u00d9\u0088\u00d8\u00a7\u00d9\u0086 IP: 134.35.119.12",
      "session": {
        "created_timestamp": 1730927317,
        "ip_address": "134.35.119.12"
      }
    },
    {
      "name": "\u00d8\u00b9\u00d9\u0086\u00d9\u0088\u00d8\u00a7\u00d9\u0086 IP: 134.35.14.167",
      "session": {
        "created_timestamp": 1730840448,
        "ip_address": "134.35.14.167"
      }
    },
    {
      "name": "\u00d8\u00b9\u00d9\u0086\u00d9\u0088\u00d8\u00a7\u00d9\u0086 IP: 134.35.17.203",
      "session": {
        "created_timestamp": 1718640906,
        "updated_timestamp": 1726940125,
        "ip_address": "134.35.17.203"
      }
    },
    {
      "name": "\u00d8\u00a7\u00d9\u0084\u00d9\u0085\u00d9\u0088\u00d9\u0082\u00d8\u00b9 \u00d8\u00a7\u00d9\u0084\u00d8\u00aa\u00d9\u0082\u00d8\u00b1\u00d9\u008a\u00d8\u00a8\u00d9\u008a \u00d8\u00a8\u00d8\u00a7\u00d8\u00b3\u00d8\u00aa\u00d8\u00ae\u00d8\u00af\u00d8\u00a7\u00d9\u0085 IP 13.552, 44.072",
      "session": {
        "created_timestamp": 1726940125
      }
    },
    {
      "name": "\u00d9\u0085\u00d9\u0084\u00d9\u0081 \u00d8\u00aa\u00d8\u00b9\u00d8\u00b1\u00d9\u008a\u00d9\u0081 \u00d8\u00a7\u00d9\u0084\u00d8\u00a7\u00d8\u00b1\u00d8\u00aa\u00d8\u00a8\u00d8\u00a7\u00d8\u00b7: dYPl********************",
      "session": {
        "created_timestamp": 1726940125
      }
    },
    {
      "name": "\u00d9\u0085\u00d9\u0084\u00d9\u0081 \u00d8\u00aa\u00d8\u00b9\u00d8\u00b1\u00d9\u008a\u00d9\u0081 \u00d8\u00a7\u00d9\u0084\u00d8\u00a7\u00d8\u00b1\u00d8\u00aa\u00d8\u00a8\u00d8\u00a7\u00d8\u00b7: aQ_e********************",
      "session": {
        "created_timestamp": 1726040498
      }
    },
    {
      "name": "\u00d9\u0085\u00d9\u0084\u00d9\u0081 \u00d8\u00aa\u00d8\u00b9\u00d8\u00b1\u00d9\u008a\u00d9\u0081 \u00d8\u00a7\u00d9\u0084\u00d8\u00a7\u00d8\u00b1\u00d8\u00aa\u00d8\u00a8\u00d8\u00a7\u00d8\u00b7: FA_e********************",
      "session": {
        "created_timestamp": 1725951654
      }
    },
    {
      "name": "\u00d9\u0085\u00d9\u0084\u00d9\u0081 \u00d8\u00aa\u00d8\u00b9\u00d8\u00b1\u00d9\u008a\u00d9\u0081 \u00d8\u00a7\u00d9\u0084\u00d8\u00a7\u00d8\u00b1\u00d8\u00aa\u00d8\u00a8\u00d8\u00a7\u00d8\u00b7: PRjK********************",
      "session": {
        "created_timestamp": 1724606844
      }
    },
    {
      "name": "\u00d9\u0085\u00d9\u0084\u00d9\u0081 \u00d8\u00aa\u00d8\u00b9\u00d8\u00b1\u00d9\u008a\u00d9\u0081 \u00d8\u00a7\u00d9\u0084\u00d8\u00a7\u00d8\u00b1\u00d8\u00aa\u00d8\u00a8\u00d8\u00a7\u00d8\u00b7: _5a4********************",
      "session": {
        "created_timestamp": 1723373311,
        "updated_timestamp": 1724082137
      }
    },
    {
      "name": "\u00d9\u0085\u00d9\u0084\u00d9\u0081 \u00d8\u00aa\u00d8\u00b9\u00d8\u00b1\u00d9\u008a\u00d9\u0081 \u00d8\u00a7\u00d9\u0084\u00d8\u00a7\u00d8\u00b1\u00d8\u00aa\u00d8\u00a8\u00d8\u00a7\u00d8\u00b7: WYKy********************",
      "session": {
        "created_timestamp": 1723110462
      }
    },
    {
      "name": "\u00d9\u0085\u00d9\u0084\u00d9\u0081 \u00d8\u00aa\u00d8\u00b9\u00d8\u00b1\u00d9\u008a\u00d9\u0081 \u00d8\u00a7\u00d9\u0084\u00d8\u00a7\u00d8\u00b1\u00d8\u00aa\u00d8\u00a8\u00d8\u00a7\u00d8\u00b7: eEWh********************",
      "session": {
        "created_timestamp": 1721845112
      }
    },
    {
      "name": "\u00d9\u0085\u00d9\u0084\u00d9\u0081 \u00d8\u00aa\u00d8\u00b9\u00d8\u00b1\u00d9\u008a\u00d9\u0081 \u00d8\u00a7\u00d9\u0084\u00d8\u00a7\u00d8\u00b1\u00d8\u00aa\u00d8\u00a8\u00d8\u00a7\u00d8\u00b7: jzqE********************",
      "session": {
        "created_timestamp": 1720030107
      }
    },
    {
      "name": "\u00d9\u0085\u00d9\u0084\u00d9\u0081 \u00d8\u00aa\u00d8\u00b9\u00d8\u00b1\u00d9\u008a\u00d9\u0081 \u00d8\u00a7\u00d9\u0084\u00d8\u00a7\u00d8\u00b1\u00d8\u00aa\u00d8\u00a8\u00d8\u00a7\u00d8\u00b7: YjqE********************",
      "session": {
        "created_timestamp": 1719941742
      }
    },
    {
      "name": "\u00d9\u0085\u00d9\u0084\u00d9\u0081 \u00d8\u00aa\u00d8\u00b9\u00d8\u00b1\u00d9\u008a\u00d9\u0081 \u00d8\u00a7\u00d9\u0084\u00d8\u00a7\u00d8\u00b1\u00d8\u00aa\u00d8\u00a8\u00d8\u00a7\u00d8\u00b7: l5GC********************",
      "session": {
        "created_timestamp": 1719860093
      }
    },
    {
      "name": "\u00d9\u0085\u00d9\u0084\u00d9\u0081 \u00d8\u00aa\u00d8\u00b9\u00d8\u00b1\u00d9\u008a\u00d9\u0081 \u00d8\u00a7\u00d9\u0084\u00d8\u00a7\u00d8\u00b1\u00d8\u00aa\u00d8\u00a8\u00d8\u00a7\u00d8\u00b7: BsN-********************",
      "session": {
        "created_timestamp": 1719685517
      }
    },
    {
      "name": "\u00d9\u0085\u00d9\u0084\u00d9\u0081 \u00d8\u00aa\u00d8\u00b9\u00d8\u00b1\u00d9\u008a\u00d9\u0081 \u00d8\u00a7\u00d9\u0084\u00d8\u00a7\u00d8\u00b1\u00d8\u00aa\u00d8\u00a8\u00d8\u00a7\u00d8\u00b7: 2vB7********************",
      "session": {
        "created_timestamp": 1719424903
      }
    },
    {
      "name": "\u00d9\u0085\u00d9\u0084\u00d9\u0081 \u00d8\u00aa\u00d8\u00b9\u00d8\u00b1\u00d9\u008a\u00d9\u0081 \u00d8\u00a7\u00d9\u0084\u00d8\u00a7\u00d8\u00b1\u00d8\u00aa\u00d8\u00a8\u00d8\u00a7\u00d8\u00b7: n3V5********************",
      "session": {
        "created_timestamp": 1719337996
      }
    },
    {
      "name": "\u00d9\u0085\u00d9\u0084\u00d9\u0081 \u00d8\u00aa\u00d8\u00b9\u00d8\u00b1\u00d9\u008a\u00d9\u0081 \u00d8\u00a7\u00d9\u0084\u00d8\u00a7\u00d8\u00b1\u00d8\u00aa\u00d8\u00a8\u00d8\u00a7\u00d8\u00b7: swB4********************",
      "session": {
        "created_timestamp": 1719162660
      }
    },
    {
      "name": "\u00d9\u0085\u00d9\u0084\u00d9\u0081 \u00d8\u00aa\u00d8\u00b9\u00d8\u00b1\u00d9\u008a\u00d9\u0081 \u00d8\u00a7\u00d9\u0084\u00d8\u00a7\u00d8\u00b1\u00d8\u00aa\u00d8\u00a8\u00d8\u00a7\u00d8\u00b7: r_B1********************",
      "session": {
        "created_timestamp": 1719075799
      }
    },
    {
      "name": "\u00d8\u00b9\u00d9\u0086\u00d9\u0088\u00d8\u00a7\u00d9\u0086 IP: 134.35.21.184",
      "session": {
        "created_timestamp": 1718988372,
        "ip_address": "134.35.21.184"
      }
    },
    {
      "name": "\u00d9\u0085\u00d9\u0084\u00d9\u0081 \u00d8\u00aa\u00d8\u00b9\u00d8\u00b1\u00d9\u008a\u00d9\u0081 \u00d8\u00a7\u00d9\u0084\u00d8\u00a7\u00d8\u00b1\u00d8\u00aa\u00d8\u00a8\u00d8\u00a7\u00d8\u00b7: XFl1********************",
      "session": {
        "created_timestamp": 1718988372
      }
    },
    {
      "name": "\u00d8\u00b9\u00d9\u0086\u00d9\u0088\u00d8\u00a7\u00d9\u0086 IP: 134.35.8.24",
      "session": {
        "created_timestamp": 1716281564,
        "updated_timestamp": 1718901908,
        "ip_address": "134.35.8.24"
      }
    },
    {
      "name": "\u00d9\u0085\u00d9\u0084\u00d9\u0081 \u00d8\u00aa\u00d8\u00b9\u00d8\u00b1\u00d9\u008a\u00d9\u0081 \u00d8\u00a7\u00d9\u0084\u00d8\u00a7\u00d8\u00b1\u00d8\u00aa\u00d8\u00a8\u00d8\u00a7\u00d8\u00b7: ZzF0********************",
      "session": {
        "created_timestamp": 1718901908
      }
    },
    {
      "name": "\u00d8\u00b9\u00d9\u0086\u00d9\u0088\u00d8\u00a7\u00d9\u0086 IP: 134.35.19.126",
      "session": {
        "created_timestamp": 1718815162,
        "ip_address": "134.35.19.126"
      }
    },
    {
      "name": "\u00d8\u00a7\u00d9\u0084\u00d9\u0085\u00d9\u0088\u00d9\u0082\u00d8\u00b9 \u00d8\u00a7\u00d9\u0084\u00d8\u00aa\u00d9\u0082\u00d8\u00b1\u00d9\u008a\u00d8\u00a8\u00d9\u008a \u00d8\u00a8\u00d8\u00a7\u00d8\u00b3\u00d8\u00aa\u00d8\u00ae\u00d8\u00af\u00d8\u00a7\u00d9\u0085 IP 12.848, 44.952",
      "session": {
        "created_timestamp": 1716072187,
        "updated_timestamp": 1718815162
      }
    },
    {
      "name": "\u00d9\u0085\u00d9\u0084\u00d9\u0081 \u00d8\u00aa\u00d8\u00b9\u00d8\u00b1\u00d9\u008a\u00d9\u0081 \u00d8\u00a7\u00d9\u0084\u00d8\u00a7\u00d8\u00b1\u00d8\u00aa\u00d8\u00a8\u00d8\u00a7\u00d8\u00b7: OHtx********************",
      "session": {
        "created_timestamp": 1718728620
      }
    },
    {
      "name": "\u00d8\u00b9\u00d9\u0086\u00d9\u0088\u00d8\u00a7\u00d9\u0086 IP: 134.35.6.177",
      "session": {
        "created_timestamp": 1718728620,
        "ip_address": "134.35.6.177"
      }
    },
    {
      "name": "\u00d9\u0085\u00d9\u0084\u00d9\u0081 \u00d8\u00aa\u00d8\u00b9\u00d8\u00b1\u00d9\u008a\u00d9\u0081 \u00d8\u00a7\u00d9\u0084\u00d8\u00a7\u00d8\u00b1\u00d8\u00aa\u00d8\u00a8\u00d8\u00a7\u00d8\u00b7: HUZv********************",
      "session": {
        "created_timestamp": 1718640906
      }
    },
    {
      "name": "\u00d9\u0085\u00d9\u0084\u00d9\u0081 \u00d8\u00aa\u00d8\u00b9\u00d8\u00b1\u00d9\u008a\u00d9\u0081 \u00d8\u00a7\u00d9\u0084\u00d8\u00a7\u00d8\u00b1\u00d8\u00aa\u00d8\u00a8\u00d8\u00a7\u00d8\u00b7: JGNu********************",
      "session": {
        "created_timestamp": 1718554208
      }
    },
    {
      "name": "\u00d8\u00b9\u00d9\u0086\u00d9\u0088\u00d8\u00a7\u00d9\u0086 IP: 134.35.4.86",
      "session": {
        "created_timestamp": 1716072187,
        "updated_timestamp": 1718554208,
        "ip_address": "134.35.4.86"
      }
    },
    {
      "name": "\u00d9\u0085\u00d9\u0084\u00d9\u0081 \u00d8\u00aa\u00d8\u00b9\u00d8\u00b1\u00d9\u008a\u00d9\u0081 \u00d8\u00a7\u00d9\u0084\u00d8\u00a7\u00d8\u00b1\u00d8\u00aa\u00d8\u00a8\u00d8\u00a7\u00d8\u00b7: zq1t********************",
      "session": {
        "created_timestamp": 1718467129
      }
    },
    {
      "name": "\u00d8\u00b9\u00d9\u0086\u00d9\u0088\u00d8\u00a7\u00d9\u0086 IP: 134.35.15.204",
      "session": {
        "created_timestamp": 1715984487,
        "updated_timestamp": 1718467129,
        "ip_address": "134.35.15.204"
      }
    },
    {
      "name": "\u00d8\u00b9\u00d9\u0086\u00d9\u0088\u00d8\u00a7\u00d9\u0086 IP: 134.35.2.9",
      "session": {
        "created_timestamp": 1718380691,
        "ip_address": "134.35.2.9"
      }
    },
    {
      "name": "\u00d9\u0085\u00d9\u0084\u00d9\u0081 \u00d8\u00aa\u00d8\u00b9\u00d8\u00b1\u00d9\u008a\u00d9\u0081 \u00d8\u00a7\u00d9\u0084\u00d8\u00a7\u00d8\u00b1\u00d8\u00aa\u00d8\u00a8\u00d8\u00a7\u00d8\u00b7: DLdq********************",
      "session": {
        "created_timestamp": 1718380691
      }
    },
    {
      "name": "\u00d9\u0085\u00d9\u0084\u00d9\u0081 \u00d8\u00aa\u00d8\u00b9\u00d8\u00b1\u00d9\u008a\u00d9\u0081 \u00d8\u00a7\u00d9\u0084\u00d8\u00a7\u00d8\u00b1\u00d8\u00aa\u00d8\u00a8\u00d8\u00a7\u00d8\u00b7: koJp********************",
      "session": {
        "created_timestamp": 1718196892
      }
    },
    {
      "name": "\u00d9\u0085\u00d9\u0084\u00d9\u0081 \u00d8\u00aa\u00d8\u00b9\u00d8\u00b1\u00d9\u008a\u00d9\u0081 \u00d8\u00a7\u00d9\u0084\u00d8\u00a7\u00d8\u00b1\u00d8\u00aa\u00d8\u00a8\u00d8\u00a7\u00d8\u00b7: m5Vo********************",
      "session": {
        "created_timestamp": 1718130075
      }
    },
    {
      "name": "\u00d9\u0085\u00d9\u0084\u00d9\u0081 \u00d8\u00aa\u00d8\u00b9\u00d8\u00b1\u00d9\u008a\u00d9\u0081 \u00d8\u00a7\u00d9\u0084\u00d8\u00a7\u00d8\u00b1\u00d8\u00aa\u00d8\u00a8\u00d8\u00a7\u00d8\u00b7: kCRo********************",
      "session": {
        "created_timestamp": 1718108098
      }
    },
    {
      "name": "\u00d9\u0085\u00d9\u0084\u00d9\u0081 \u00d8\u00aa\u00d8\u00b9\u00d8\u00b1\u00d9\u008a\u00d9\u0081 \u00d8\u00a7\u00d9\u0084\u00d8\u00a7\u00d8\u00b1\u00d8\u00aa\u00d8\u00a8\u00d8\u00a7\u00d8\u00b7: utRm********************",
      "session": {
        "created_timestamp": 1718015162
      }
    },
    {
      "name": "\u00d9\u0085\u00d9\u0084\u00d9\u0081 \u00d8\u00aa\u00d8\u00b9\u00d8\u00b1\u00d9\u008a\u00d9\u0081 \u00d8\u00a7\u00d9\u0084\u00d8\u00a7\u00d8\u00b1\u00d8\u00aa\u00d8\u00a8\u00d8\u00a7\u00d8\u00b7: 2KVk********************",
      "session": {
        "created_timestamp": 1717936767
      }
    },
    {
      "name": "\u00d9\u0085\u00d9\u0084\u00d9\u0081 \u00d8\u00aa\u00d8\u00b9\u00d8\u00b1\u00d9\u008a\u00d9\u0081 \u00d8\u00a7\u00d9\u0084\u00d8\u00a7\u00d8\u00b1\u00d8\u00aa\u00d8\u00a8\u00d8\u00a7\u00d8\u00b7: 9jdk********************",
      "session": {
        "created_timestamp": 1717843958
      }
    },
    {
      "name": "\u00d9\u0085\u00d9\u0084\u00d9\u0081 \u00d8\u00aa\u00d8\u00b9\u00d8\u00b1\u00d9\u008a\u00d9\u0081 \u00d8\u00a7\u00d9\u0084\u00d8\u00a7\u00d8\u00b1\u00d8\u00aa\u00d8\u00a8\u00d8\u00a7\u00d8\u00b7: yNli********************",
      "session": {
        "created_timestamp": 1717773699
      }
    },
    {
      "name": "\u00d9\u0085\u00d9\u0084\u00d9\u0081 \u00d8\u00aa\u00d8\u00b9\u00d8\u00b1\u00d9\u008a\u00d9\u0081 \u00d8\u00a7\u00d9\u0084\u00d8\u00a7\u00d8\u00b1\u00d8\u00aa\u00d8\u00a8\u00d8\u00a7\u00d8\u00b7: 2XVh********************",
      "session": {
        "created_timestamp": 1717663194
      }
    },
    {
      "name": "\u00d9\u0085\u00d9\u0084\u00d9\u0081 \u00d8\u00aa\u00d8\u00b9\u00d8\u00b1\u00d9\u008a\u00d9\u0081 \u00d8\u00a7\u00d9\u0084\u00d8\u00a7\u00d8\u00b1\u00d8\u00aa\u00d8\u00a8\u00d8\u00a7\u00d8\u00b7: mYFg********************",
      "session": {
        "created_timestamp": 1717600665
      }
    },
    {
      "name": "\u00d9\u0085\u00d9\u0084\u00d9\u0081 \u00d8\u00aa\u00d8\u00b9\u00d8\u00b1\u00d9\u008a\u00d9\u0081 \u00d8\u00a7\u00d9\u0084\u00d8\u00a7\u00d8\u00b1\u00d8\u00aa\u00d8\u00a8\u00d8\u00a7\u00d8\u00b7: _lZg********************",
      "session": {
        "created_timestamp": 1717590663
      }
    },
    {
      "name": "\u00d9\u0085\u00d9\u0084\u00d9\u0081 \u00d8\u00aa\u00d8\u00b9\u00d8\u00b1\u00d9\u008a\u00d9\u0081 \u00d8\u00a7\u00d9\u0084\u00d8\u00a7\u00d8\u00b1\u00d8\u00aa\u00d8\u00a8\u00d8\u00a7\u00d8\u00b7: 23VZ********************",
      "session": {
        "created_timestamp": 1717138907
      }
    },
    {
      "name": "\u00d9\u0085\u00d9\u0084\u00d9\u0081 \u00d8\u00aa\u00d8\u00b9\u00d8\u00b1\u00d9\u008a\u00d9\u0081 \u00d8\u00a7\u00d9\u0084\u00d8\u00a7\u00d8\u00b1\u00d8\u00aa\u00d8\u00a8\u00d8\u00a7\u00d8\u00b7: YxhW********************",
      "session": {
        "created_timestamp": 1717005654
      }
    },
    {
      "name": "\u00d9\u0085\u00d9\u0084\u00d9\u0081 \u00d8\u00aa\u00d8\u00b9\u00d8\u00b1\u00d9\u008a\u00d9\u0081 \u00d8\u00a7\u00d9\u0084\u00d8\u00a7\u00d8\u00b1\u00d8\u00aa\u00d8\u00a8\u00d8\u00a7\u00d8\u00b7: lBhW********************",
      "session": {
        "created_timestamp": 1716997181
      }
    },
    {
      "name": "\u00d9\u0085\u00d9\u0084\u00d9\u0081 \u00d8\u00aa\u00d8\u00b9\u00d8\u00b1\u00d9\u008a\u00d9\u0081 \u00d8\u00a7\u00d9\u0084\u00d8\u00a7\u00d8\u00b1\u00d8\u00aa\u00d8\u00a8\u00d8\u00a7\u00d8\u00b7: FxhW********************",
      "session": {
        "created_timestamp": 1716918370
      }
    },
    {
      "name": "\u00d9\u0085\u00d9\u0084\u00d9\u0081 \u00d8\u00aa\u00d8\u00b9\u00d8\u00b1\u00d9\u008a\u00d9\u0081 \u00d8\u00a7\u00d9\u0084\u00d8\u00a7\u00d8\u00b1\u00d8\u00aa\u00d8\u00a8\u00d8\u00a7\u00d8\u00b7: YeZV********************",
      "session": {
        "created_timestamp": 1716907506
      }
    },
    {
      "name": "\u00d9\u0085\u00d9\u0084\u00d9\u0081 \u00d8\u00aa\u00d8\u00b9\u00d8\u00b1\u00d9\u008a\u00d9\u0081 \u00d8\u00a7\u00d9\u0084\u00d8\u00a7\u00d8\u00b1\u00d8\u00aa\u00d8\u00a8\u00d8\u00a7\u00d8\u00b7: J0JT********************",
      "session": {
        "created_timestamp": 1716732731
      }
    },
    {
      "name": "\u00d9\u0085\u00d9\u0084\u00d9\u0081 \u00d8\u00aa\u00d8\u00b9\u00d8\u00b1\u00d9\u008a\u00d9\u0081 \u00d8\u00a7\u00d9\u0084\u00d8\u00a7\u00d8\u00b1\u00d8\u00aa\u00d8\u00a8\u00d8\u00a7\u00d8\u00b7: tOVR********************",
      "session": {
        "created_timestamp": 1716646331
      }
    },
    {
      "name": "\u00d9\u0085\u00d9\u0084\u00d9\u0081 \u00d8\u00aa\u00d8\u00b9\u00d8\u00b1\u00d9\u008a\u00d9\u0081 \u00d8\u00a7\u00d9\u0084\u00d8\u00a7\u00d8\u00b1\u00d8\u00aa\u00d8\u00a8\u00d8\u00a7\u00d8\u00b7: 6p9P********************",
      "session": {
        "created_timestamp": 1716559052
      }
    },
    {
      "name": "\u00d9\u0085\u00d9\u0084\u00d9\u0081 \u00d8\u00aa\u00d8\u00b9\u00d8\u00b1\u00d9\u008a\u00d9\u0081 \u00d8\u00a7\u00d9\u0084\u00d8\u00a7\u00d8\u00b1\u00d8\u00aa\u00d8\u00a8\u00d8\u00a7\u00d8\u00b7: cGFM********************",
      "session": {
        "created_timestamp": 1716470418
      }
    },
    {
      "name": "\u00d9\u0085\u00d9\u0084\u00d9\u0081 \u00d8\u00aa\u00d8\u00b9\u00d8\u00b1\u00d9\u008a\u00d9\u0081 \u00d8\u00a7\u00d9\u0084\u00d8\u00a7\u00d8\u00b1\u00d8\u00aa\u00d8\u00a8\u00d8\u00a7\u00d8\u00b7: qwtL********************",
      "session": {
        "created_timestamp": 1716281564
      }
    },
    {
      "name": "\u00d9\u0085\u00d9\u0084\u00d9\u0081 \u00d8\u00aa\u00d8\u00b9\u00d8\u00b1\u00d9\u008a\u00d9\u0081 \u00d8\u00a7\u00d9\u0084\u00d8\u00a7\u00d8\u00b1\u00d8\u00aa\u00d8\u00a8\u00d8\u00a7\u00d8\u00b7: qZhH********************",
      "session": {
        "created_timestamp": 1715984487
      }
    },
    {
      "name": "\u00d8\u00b9\u00d9\u0086\u00d9\u0088\u00d8\u00a7\u00d9\u0086 IP: 134.35.0.166",
      "session": {
        "created_timestamp": 1715896368,
        "ip_address": "134.35.0.166"
      }
    },
    {
      "name": "\u00d9\u0085\u00d9\u0084\u00d9\u0081 \u00d8\u00aa\u00d8\u00b9\u00d8\u00b1\u00d9\u008a\u00d9\u0081 \u00d8\u00a7\u00d9\u0084\u00d8\u00a7\u00d8\u00b1\u00d8\u00aa\u00d8\u00a8\u00d8\u00a7\u00d8\u00b7: JIBG********************",
      "session": {
        "created_timestamp": 1715896356
      }
    },
    {
      "name": "\u00d8\u00b9\u00d9\u0086\u00d9\u0088\u00d8\u00a7\u00d9\u0086 IP: 134.35.16.250",
      "session": {
        "created_timestamp": 1715896356,
        "ip_address": "134.35.16.250"
      }
    }
  ]
}