{
  "admin_records_v2": [
    {
      "event": "Password Change",
      "session": {
        "created_timestamp": 1734504041,
        "ip_address": "145.224.72.202",
        "user_agent": "[FBAN/FB4A;FBAV/493.0.0.72.158;FBBV/673107246;FBDM/{density=2.75,width=1080,height=2186};FBLC/ar_AR;FBRV/675089071;FBCR/Yemen Mobile;FBMF/Xiaomi;FBBD/Redmi;FBPN/com.facebook.katana;FBDV/M2012K10C;FBSV/13;FBOP/1;FBCA/arm64-v8a:;]",
        "datr_cookie": "myZa********************"
      }
    },
    {
      "event": "Password Change",
      "session": {
        "created_timestamp": 1723373332,
        "ip_address": "185.80.143.110",
        "user_agent": "[FBAN/FB4A;FBAV/468.1.0.56.78;FBBV/610790649;FBDM/{density=3.0,width=1080,height=2120};FBLC/ar_AR;FBRV/613269597;FBCR/Yemen Mobile;FBMF/motorola;FBBD/motorola;FBPN/com.facebook.katana;FBDV/moto z4;FBSV/10;FBOP/1;FBCA/arm64-v8a:;]",
        "datr_cookie": "_5a4********************"
      }
    },
    {
      "event": "Username",
      "session": {
        "created_timestamp": 1717591335,
        "ip_address": "185.80.143.23",
        "user_agent": "[FBAN/FB4A;FBAV/464.0.0.60.90;FBBV/599345778;FBDM/{density=3.0,width=1080,height=2120};FBLC/ar_AR;FBRV/600729896;FBCR/Yemen Mobile;FBMF/motorola;FBBD/motorola;FBPN/com.facebook.katana;FBDV/moto z4;FBSV/10;FBOP/1;FBCA/arm64-v8a:;]",
        "datr_cookie": "olxg********************"
      },
      "extra_info": {
        "old_name": "",
        "new_name": "",
        "old_number": "",
        "old_vanity": "",
        "new_vanity": "aylaf.mhmd.273700",
        "old_email": "",
        "new_email": "",
        "new_number": ""
      }
    },
    {
      "event": "Username",
      "session": {
        "created_timestamp": 1716629162,
        "ip_address": "185.80.143.28",
        "user_agent": "[FBAN/FB4A;FBAV/464.0.0.60.90;FBBV/599345778;FBDM/{density=3.0,width=1080,height=2120};FBLC/ar_AR;FBRV/600729896;FBCR/Yemen Mobile;FBMF/motorola;FBBD/motorola;FBPN/com.facebook.katana;FBDV/moto z4;FBSV/10;FBOP/1;FBCA/arm64-v8a:;]",
        "datr_cookie": "6p9P********************"
      },
      "extra_info": {
        "old_name": "",
        "new_name": "",
        "old_number": "",
        "old_vanity": "",
        "new_vanity": "mwsh.827969",
        "old_email": "",
        "new_email": "",
        "new_number": ""
      }
    },
    {
      "event": "Username",
      "session": {
        "created_timestamp": 1715968171,
        "ip_address": "134.35.20.52",
        "user_agent": "[FBAN/FB4A;FBAV/464.0.0.60.90;FBBV/599345778;FBDM/{density=3.0,width=1080,height=2120};FBLC/ar_AR;FBRV/0;FBCR/Yemen Mobile;FBMF/motorola;FBBD/motorola;FBPN/com.facebook.katana;FBDV/moto z4;FBSV/10;FBOP/1;FBCA/arm64-v8a:;]",
        "datr_cookie": "JIBG********************"
      },
      "extra_info": {
        "old_name": "",
        "new_name": "",
        "old_number": "",
        "old_vanity": "",
        "new_vanity": "nydt.72250",
        "old_email": "",
        "new_email": "",
        "new_number": ""
      }
    }
  ]
}