{
  "media": [
    
  ],
  "label_values": [
    {
      "ent_field_name": "State",
      "label": "\u00d8\u00a7\u00d9\u0084\u00d9\u0088\u00d9\u0084\u00d8\u00a7\u00d9\u008a\u00d8\u00a9",
      "value": "\u00d9\u0085\u00d8\u00b9\u00d8\u00b7\u00d9\u008e\u00d9\u0091\u00d9\u0084"
    },
    {
      "ent_field_name": "CreationTime",
      "label": "\u00d9\u0088\u00d9\u0082\u00d8\u00aa \u00d8\u00a7\u00d9\u0084\u00d8\u00a5\u00d9\u0086\u00d8\u00b4\u00d8\u00a7\u00d8\u00a1",
      "timestamp_value": 1715896358
    },
    {
      "ent_field_name": "UpdateTime",
      "label": "\u00d9\u0088\u00d9\u0082\u00d8\u00aa \u00d8\u00a7\u00d9\u0084\u00d8\u00aa\u00d8\u00ad\u00d8\u00af\u00d9\u008a\u00d8\u00ab",
      "timestamp_value": 1715896358
    },
    {
      "ent_field_name": "EnabledTime",
      "label": "\u00d9\u0088\u00d9\u0082\u00d8\u00aa \u00d8\u00a7\u00d9\u0084\u00d8\u00aa\u00d9\u0085\u00d9\u0083\u00d9\u008a\u00d9\u0086",
      "timestamp_value": 0
    }
  ],
  "fbid": "870141174875655",
  "ent_name": "EntTwoFactor"
}