{
  "active_sessions_v2": [
    {
      "created_timestamp": 1734504009,
      "updated_timestamp": 1734590217,
      "ip_address": "145.224.74.193",
      "user_agent": "Mozilla/5.0 (Linux; Android 13; M2012K10C Build/TP1A.220624.014; wv) AppleWebKit/537.36 (KHTML, like Gecko) Version/4.0 Chrome/131.0.6778.131 Mobile Safari/537.36 [FBAN/FB4A;FBAV/493.0.0.72.158;FBBV/673107246;FBDM/{density=2.75,width=1080,height=2186};FBLC/ar_AR;FBRV/675089071;FB_FW/2;FBCR/Yemen Mobile;FBMF/Xiaomi;FBBD/Redmi;FBPN/com.facebook.katana;FBDV/M2012K10C;FBSV/13;FBOP/1;FBCA/arm64-v8a:;]",
      "datr_cookie": "675j********************",
      "device": "Xiaomi Redmi K40 Gaming",
      "location": "\u00d9\u0085\u00d9\u0088\u00d9\u0082\u00d8\u00b9 \u00d8\u00ba\u00d9\u008a\u00d8\u00b1 \u00d9\u0085\u00d8\u00b9\u00d8\u00b1\u00d9\u0088\u00d9\u0081",
      "app": "\u00d8\u00aa\u00d8\u00b7\u00d8\u00a8\u00d9\u008a\u00d9\u0082 \u00d9\u0081\u00d9\u008a\u00d8\u00b3\u00d8\u00a8\u00d9\u0088\u00d9\u0083",
      "session_type": "fb4a"
    },
    {
      "created_timestamp": 1718015162,
      "updated_timestamp": 1734123310,
      "ip_address": "185.80.143.122",
      "user_agent": "[FBAN/FB4A;FBAV/492.0.0.127.80;FBBV/670332252;FBDM/{density=3.0,width=1080,height=2120};FBLC/ar_AR;FBRV/0;FBCR/Yemen Mobile;FBMF/motorola;FBBD/motorola;FBPN/com.facebook.katana;FBDV/moto z4;FBSV/10;FBOP/1;FBCA/arm64-v8a:;]",
      "datr_cookie": "DY5b********************",
      "device": "Motorola Moto Z4",
      "location": "Sanaa, Yemen",
      "app": "\u00d8\u00aa\u00d8\u00b7\u00d8\u00a8\u00d9\u008a\u00d9\u0082 \u00d9\u0081\u00d9\u008a\u00d8\u00b3\u00d8\u00a8\u00d9\u0088\u00d9\u0083",
      "session_type": "fb4a"
    },
    {
      "created_timestamp": 1723373312,
      "updated_timestamp": 1724783027,
      "ip_address": "185.80.143.59",
      "user_agent": "[FBAN/FB4A;FBAV/468.1.0.56.78;FBBV/610790649;FBDM/{density=3.0,width=1080,height=2120};FBLC/ar_AR;FBRV/613269597;FBCR/Yemen Mobile;FBMF/motorola;FBBD/motorola;FBPN/com.facebook.katana;FBDV/moto z4;FBSV/10;FBBK/1;FBOP/1;FBCA/arm64-v8a:;]",
      "datr_cookie": "PRjK********************",
      "device": "Motorola Moto Z4",
      "location": "Sanaa, Yemen",
      "app": "\u00d8\u00aa\u00d8\u00b7\u00d8\u00a8\u00d9\u008a\u00d9\u0082 \u00d9\u0081\u00d9\u008a\u00d8\u00b3\u00d8\u00a8\u00d9\u0088\u00d9\u0083",
      "session_type": "fb4a"
    },
    {
      "created_timestamp": 1719941743,
      "updated_timestamp": 1721816982,
      "ip_address": "185.80.143.84",
      "user_agent": "[FBAN/FB4A;FBAV/468.1.0.56.78;FBBV/610790649;FBDM/{density=3.0,width=1080,height=2120};FBLC/ar_AR;FBRV/613269597;FBCR/Yemen Mobile;FBMF/motorola;FBBD/motorola;FBPN/com.facebook.katana;FBDV/moto z4;FBSV/10;FBBK/1;FBOP/1;FBCA/arm64-v8a:;]",
      "datr_cookie": "YTOe********************",
      "device": "Motorola Moto Z4",
      "location": "Sanaa, Yemen",
      "app": "\u00d8\u00aa\u00d8\u00b7\u00d8\u00a8\u00d9\u008a\u00d9\u0082 \u00d9\u0081\u00d9\u008a\u00d8\u00b3\u00d8\u00a8\u00d9\u0088\u00d9\u0083",
      "session_type": "fb4a"
    },
    {
      "created_timestamp": 1718130075,
      "ip_address": "185.80.143.11",
      "user_agent": "[FBAN/FB4A;FBAV/464.0.0.60.90;FBBV/599345778;FBDM/{density=3.0,width=1080,height=2120};FBLC/ar_AR;FBRV/600729896;FBCR/Yemen Mobile;FBMF/motorola;FBBD/motorola;FBPN/com.facebook.katana;FBDV/moto z4;FBSV/10;FBOP/1;FBCA/arm64-v8a:;]",
      "datr_cookie": "m5Vo********************",
      "device": "Motorola Moto Z4",
      "location": "Sanaa, Yemen",
      "app": "\u00d8\u00aa\u00d8\u00b7\u00d8\u00a8\u00d9\u008a\u00d9\u0082 \u00d9\u0081\u00d9\u008a\u00d8\u00b3\u00d8\u00a8\u00d9\u0088\u00d9\u0083",
      "session_type": "fb4a"
    },
    {
      "created_timestamp": 1717843958,
      "updated_timestamp": 1717936767,
      "ip_address": "185.80.143.120",
      "user_agent": "[FBAN/FB4A;FBAV/464.0.0.60.90;FBBV/599345778;FBDM/{density=3.0,width=1080,height=2120};FBLC/ar_AR;FBRV/600729896;FBCR/Yemen Mobile;FBMF/motorola;FBBD/motorola;FBPN/com.facebook.katana;FBDV/moto z4;FBSV/10;FBBK/1;FBOP/1;FBCA/arm64-v8a:;]",
      "datr_cookie": "2KVk********************",
      "device": "Motorola Moto Z4",
      "location": "Sanaa, Yemen",
      "app": "\u00d8\u00aa\u00d8\u00b7\u00d8\u00a8\u00d9\u008a\u00d9\u0082 \u00d9\u0081\u00d9\u008a\u00d8\u00b3\u00d8\u00a8\u00d9\u0088\u00d9\u0083",
      "session_type": "fb4a"
    },
    {
      "created_timestamp": 1717663195,
      "ip_address": "185.80.143.23",
      "user_agent": "Mozilla/5.0 (Linux; Android 10; moto z4 Build/QDF30.130-42-5-17; wv) AppleWebKit/537.36 (KHTML, like Gecko) Version/4.0 Chrome/124.0.6367.179 Mobile Safari/537.36 [FBAN/FB4A;FBAV/464.0.0.60.90;FBBV/599345778;FBDM/{density=3.0,width=1080,height=2120};FBLC/ar_AR;FBRV/600729896;FB_FW/2;FBCR/Yemen Mobile;FBMF/motorola;FBBD/motorola;FBPN/com.facebook.katana;FBDV/moto z4;FBSV/10;FBOP/1;FBCA/arm64-v8a:;]",
      "datr_cookie": "2XVh********************",
      "device": "Android",
      "location": "Sanaa, Yemen",
      "app": "Facebook for Android",
      "session_type": "mobile_web"
    },
    {
      "created_timestamp": 1715896365,
      "updated_timestamp": 1717600656,
      "ip_address": "185.80.143.23",
      "user_agent": "[FBAN/FB4A;FBAV/464.0.0.60.90;FBBV/599345778;FBDM/{density=3.0,width=1080,height=2120};FBLC/ar_AR;FBRV/600729896;FBCR/Yemen Mobile;FBMF/motorola;FBBD/motorola;FBPN/com.facebook.katana;FBDV/moto z4;FBSV/10;FBOP/1;FBCA/arm64-v8a:;]",
      "datr_cookie": "JIBG********************",
      "device": "Motorola Moto Z4",
      "location": "Sanaa, Yemen",
      "app": "\u00d8\u00aa\u00d8\u00b7\u00d8\u00a8\u00d9\u008a\u00d9\u0082 \u00d9\u0081\u00d9\u008a\u00d8\u00b3\u00d8\u00a8\u00d9\u0088\u00d9\u0083",
      "session_type": "fb4a"
    },
    {
      "created_timestamp": 1717138907,
      "updated_timestamp": 1717590664,
      "ip_address": "185.80.143.23",
      "user_agent": "[FBAN/FB4A;FBAV/464.0.0.60.90;FBBV/599345778;FBDM/{density=3.0,width=1080,height=2120};FBLC/ar_AR;FBRV/600729896;FBCR/Yemen Mobile;FBMF/motorola;FBBD/motorola;FBPN/com.facebook.katana;FBDV/moto z4;FBSV/10;FBBK/1;FBOP/1;FBCA/arm64-v8a:;]",
      "datr_cookie": "_lZg********************",
      "device": "Motorola Moto Z4",
      "location": "Sanaa, Yemen",
      "app": "\u00d8\u00aa\u00d8\u00b7\u00d8\u00a8\u00d9\u008a\u00d9\u0082 \u00d9\u0081\u00d9\u008a\u00d8\u00b3\u00d8\u00a8\u00d9\u0088\u00d9\u0083",
      "session_type": "fb4a"
    },
    {
      "created_timestamp": 1716918371,
      "updated_timestamp": 1717095136,
      "ip_address": "185.80.143.36",
      "user_agent": "Dalvik/2.1.0 (Linux; U; Android 10; moto z4 Build/QDF30.130-42-5-17) [FBAN/FB4A;FBAV/464.0.0.60.90;FBPN/com.facebook.katana;FBLC/ar_YE;FBBV/599345778;FBCR/Yemen Mobile;FBMF/motorola;FBBD/motorola;FBDV/moto z4;FBSV/10;FBCA/arm64-v8a:null;FBDM/{density=3.0,width=1080,height=2120};FB_FW/1;FBRV/600729896;]",
      "datr_cookie": "YxhW********************",
      "device": "Motorola Moto Z4",
      "location": "Sanaa, Yemen",
      "app": "\u00d8\u00aa\u00d8\u00b7\u00d8\u00a8\u00d9\u008a\u00d9\u0082 \u00d9\u0081\u00d9\u008a\u00d8\u00b3\u00d8\u00a8\u00d9\u0088\u00d9\u0083",
      "session_type": "fb4a"
    },
    {
      "created_timestamp": 1716918370,
      "ip_address": "185.80.143.8",
      "user_agent": "[FBAN/FB4A;FBAV/464.0.0.60.90;FBBV/599345778;FBDM/{density=3.0,width=1080,height=2120};FBLC/ar_AR;FBRV/600729896;FBCR/Yemen Mobile;FBMF/motorola;FBBD/motorola;FBPN/com.facebook.katana;FBDV/moto z4;FBSV/10;FBOP/1;FBCA/arm64-v8a:;]",
      "datr_cookie": "YhhW********************",
      "device": "Motorola Moto Z4",
      "location": "Sanaa, Yemen",
      "app": "\u00d8\u00aa\u00d8\u00b7\u00d8\u00a8\u00d9\u008a\u00d9\u0082 \u00d9\u0081\u00d9\u008a\u00d8\u00b3\u00d8\u00a8\u00d9\u0088\u00d9\u0083",
      "session_type": "fb4a"
    },
    {
      "created_timestamp": 1715896362,
      "ip_address": "134.35.16.250",
      "user_agent": "[FBAN/FB4A;FBAV/464.0.0.60.90;FBBV/599345778;FBDM/{density=3.0,width=1080,height=2120};FBLC/ar_AR;FBRV/0;FBCR/Yemen Mobile;FBMF/motorola;FBBD/motorola;FBPN/com.facebook.katana;FBDV/moto z4;FBSV/10;FBOP/1;FBCA/arm64-v8a:;]",
      "datr_cookie": "JIBG********************",
      "device": "Motorola Moto Z4",
      "location": "Sanaa, Yemen",
      "app": "\u00d8\u00aa\u00d8\u00b7\u00d8\u00a8\u00d9\u008a\u00d9\u0082 \u00d9\u0081\u00d9\u008a\u00d8\u00b3\u00d8\u00a8\u00d9\u0088\u00d9\u0083",
      "session_type": "fb4a"
    }
  ]
}