{
  "profile_v2": {
    "name": {
      "full_name": "Park Resho",
      "first_name": "Park",
      "middle_name": "",
      "last_name": "Resho"
    },
    "emails": {
      "emails": [
        "parkresho@gmail.com"
      ],
      "previous_emails": [
        
      ],
      "pending_emails": [
        
      ],
      "ad_account_emails": [
        
      ]
    },
    "birthday": {
      "year": 2005,
      "month": 12,
      "day": 17
    },
    "gender": {
      "gender_option": "FEMALE",
      "pronoun": "FEMALE"
    },
    "previous_names": [
      
    ],
    "other_names": [
      
    ],
    "current_city": {
      "name": "\u00d8\u00b5\u00d9\u0086\u00d8\u00b9\u00d8\u00a7\u00d8\u00a1",
      "timestamp": 0
    },
    "education_experiences": [
      
    ],
    "work_experiences": [
      
    ],
    "websites": [
      
    ],
    "phone_numbers": [
      {
        "phone_type": "\u00d8\u00a7\u00d9\u0084\u00d9\u0087\u00d8\u00a7\u00d8\u00aa\u00d9\u0081 \u00d8\u00a7\u00d9\u0084\u00d9\u0085\u00d8\u00ad\u00d9\u0085\u00d9\u0088\u00d9\u0084",
        "phone_number": "+967782517992",
        "verified": true,
        "creation_time": 1717246446
      }
    ],
    "registration_timestamp": 1715896357,
    "profile_uri": "https://www.facebook.com/profile.php?id=61560011240777",
    "intro_bio": {
      "name": "\u00d9\u0088\u00d9\u0084\u00d8\u00a7\u00d9\u0086\u00d9\u0083 \u00d8\u00ac\u00d9\u0085\u00d9\u008a\u00d9\u0084\u00d9\u0087 \u00d8\u00a7\u00d9\u0081\u00d8\u00b9\u00d9\u0084\u00d9\u008a \u00d9\u0083\u00d9\u0085\u00d8\u00a7 \u00d9\u0082\u00d8\u00a7\u00d9\u0084 \u00d9\u0082\u00d9\u008a\u00d8\u00b5\u00d8\u00b1: \n\u00d8\u00a7\u00d8\u00a8\u00d8\u00aa\u00d8\u00b3\u00d9\u0085\u00d9\u008a\u00d8\u008c \u00d8\u00aa\u00d9\u0085\u00d8\u00b1\u00d8\u00af\u00d9\u008a\u00d8\u008c \u00d8\u00a7\u00d8\u00b1\u00d9\u0082\u00d8\u00b5\u00d9\u008a \u00d9\u0081\u00d8\u00b1\u00d8\u00ad\u00d8\u00a2\u00d8\u008c \u00d8\u00aa\u00d9\u0083\u00d8\u00a8\u00d8\u00b1\u00d9\u008a \u00d9\u0088\u00d8\u00aa\u00d8\u00af\u00d9\u0084\u00d9\u0084\u00d9\u008a\u00e2\u009c\u00a8",
      "timestamp": 1717069397
    }
  }
}