{
  "media": [
    
  ],
  "label_values": [
    {
      "ent_field_name": "IsEmaReachable",
      "label": "\u00d8\u00a7\u00d9\u0084\u00d8\u00a8\u00d8\u00b1\u00d9\u008a\u00d8\u00af \u00d8\u00a7\u00d9\u0084\u00d8\u00a5\u00d9\u0084\u00d9\u0083\u00d8\u00aa\u00d8\u00b1\u00d9\u0088\u00d9\u0086\u00d9\u008a",
      "value": "Yes"
    },
    {
      "ent_field_name": "IsSmsReachable",
      "label": "\u00d8\u00b1\u00d8\u00b3\u00d8\u00a7\u00d9\u0084\u00d8\u00a9 SMS",
      "value": "No"
    },
    {
      "ent_field_name": "IsPushReachable",
      "label": "\u00d8\u00a7\u00d9\u0084\u00d8\u00a5\u00d8\u00b4\u00d8\u00b9\u00d8\u00a7\u00d8\u00b1\u00d8\u00a7\u00d8\u00aa \u00d8\u00a7\u00d9\u0084\u00d9\u0085\u00d8\u00a8\u00d8\u00a7\u00d8\u00b4\u00d8\u00b1\u00d8\u00a9",
      "value": "Yes"
    }
  ],
  "fbid": "61560011240777",
  "ent_name": "EntReachabilityUserAttribute"
}