[
  {
    "media": [
      
    ],
    "label_values": [
      {
        "ent_field_name": "FamilyDeviceId",
        "label": "\u00d9\u0085\u00d8\u00b9\u00d8\u00b1\u00d9\u0091\u00d9\u0081 \u00d8\u00a7\u00d9\u0084\u00d8\u00ac\u00d9\u0087\u00d8\u00a7\u00d8\u00b2",
        "value": "B035D8A1-AAC4-458F-A5A3-A9D7A8DCE56F"
      },
      {
        "ent_field_name": "CreationKey",
        "label": "\u00d9\u0085\u00d8\u00b9\u00d8\u00b1\u00d9\u0081 \u00d8\u00a7\u00d9\u0084\u00d8\u00ac\u00d9\u0087\u00d8\u00a7\u00d8\u00b2 \u00d9\u0081\u00d9\u008a \u00d9\u0088\u00d9\u0082\u00d8\u00aa \u00d8\u00a7\u00d9\u0084\u00d8\u00a5\u00d9\u0086\u00d8\u00b4\u00d8\u00a7\u00d8\u00a1",
        "value": "1FDB5A26-4D82-4F8F-85AE-41E87A96DB39"
      },
      {
        "ent_field_name": "FamilyDeviceIdInfo",
        "label": "\u00d8\u00aa\u00d9\u0081\u00d8\u00a7\u00d8\u00b5\u00d9\u008a\u00d9\u0084 \u00d9\u0085\u00d8\u00b9\u00d8\u00b1\u00d9\u0081 \u00d8\u00a7\u00d9\u0084\u00d8\u00ac\u00d9\u0087\u00d8\u00a7\u00d8\u00b2",
        "dict": [
          {
            "ent_field_name": "FamilyDeviceIdInfo.first_seen_time",
            "label": "first_seen_time",
            "timestamp_value": 1642547809
          },
          {
            "ent_field_name": "FamilyDeviceIdInfo.last_seen_time",
            "label": "last_seen_time",
            "timestamp_value": 1734595401
          }
        ]
      },
      {
        "ent_field_name": "HardwareId",
        "label": "\u00d9\u0085\u00d8\u00b9\u00d8\u00b1\u00d9\u0081 \u00d8\u00a7\u00d9\u0084\u00d8\u00ac\u00d9\u0087\u00d8\u00a7\u00d8\u00b2",
        "value": ""
      },
      {
        "ent_field_name": "HardwareIdHistory",
        "label": "\u00d8\u00b3\u00d8\u00ac\u00d9\u0084 \u00d9\u0085\u00d8\u00b9\u00d8\u00b1\u00d9\u0081\u00d8\u00a7\u00d8\u00aa \u00d8\u00a7\u00d9\u0084\u00d8\u00a3\u00d8\u00ac\u00d9\u0087\u00d8\u00b2\u00d8\u00a9",
        "vec": [
          
        ]
      },
      {
        "ent_field_name": "GoogleAdvertiserId",
        "label": "\u00d9\u0085\u00d8\u00b9\u00d8\u00b1\u00d9\u0081 \u00d9\u0085\u00d8\u00b9\u00d9\u0084\u00d9\u0086 Google",
        "value": ""
      },
      {
        "ent_field_name": "GoogleAdvertiserIdHistory",
        "label": "\u00d8\u00b3\u00d8\u00ac\u00d9\u0084 \u00d9\u0085\u00d8\u00b9\u00d8\u00b1\u00d9\u0081\u00d8\u00a7\u00d8\u00aa \u00d9\u0085\u00d8\u00b9\u00d9\u0084\u00d9\u0086\u00d9\u008a Google",
        "vec": [
          
        ]
      },
      {
        "ent_field_name": "OSType",
        "label": "\u00d9\u0086\u00d9\u0088\u00d8\u00b9 \u00d9\u0086\u00d8\u00b8\u00d8\u00a7\u00d9\u0085 \u00d8\u00a7\u00d9\u0084\u00d8\u00aa\u00d8\u00b4\u00d8\u00ba\u00d9\u008a\u00d9\u0084",
        "value": "Android"
      },
      {
        "ent_field_name": "OSVersion",
        "label": "\u00d8\u00a5\u00d8\u00b5\u00d8\u00af\u00d8\u00a7\u00d8\u00b1 \u00d9\u0086\u00d8\u00b8\u00d8\u00a7\u00d9\u0085 \u00d8\u00a7\u00d9\u0084\u00d8\u00aa\u00d8\u00b4\u00d8\u00ba\u00d9\u008a\u00d9\u0084",
        "value": "13"
      },
      {
        "ent_field_name": "DeviceType",
        "label": "\u00d9\u0086\u00d9\u0088\u00d8\u00b9 \u00d8\u00a7\u00d9\u0084\u00d8\u00ac\u00d9\u0087\u00d8\u00a7\u00d8\u00b2",
        "value": "M2012K10C"
      },
      {
        "ent_field_name": "Installer",
        "label": "\u00d8\u00a3\u00d8\u00af\u00d8\u00a7\u00d8\u00a9 \u00d8\u00aa\u00d8\u00ab\u00d8\u00a8\u00d9\u008a\u00d8\u00aa",
        "value": "com.android.vending"
      },
      {
        "ent_field_name": "Manufacturer",
        "label": "\u00d8\u00a7\u00d9\u0084\u00d9\u0085\u00d8\u00b5\u00d9\u0086\u00d9\u0090\u00d9\u0091\u00d8\u00b9",
        "value": "Xiaomi"
      },
      {
        "ent_field_name": "UserAgent",
        "label": "\u00d9\u0088\u00d9\u0083\u00d9\u008a\u00d9\u0084 \u00d8\u00a7\u00d9\u0084\u00d9\u0085\u00d8\u00b3\u00d8\u00aa\u00d8\u00ae\u00d8\u00af\u00d9\u0085",
        "value": "Dalvik/2.1.0 (Linux; U; Android 13; M2012K10C Build/TP1A.220624.014) [FBAN/Orca-Android;FBAV/487.0.0.74.218;FBPN/com.facebook.orca;FBLC/ar_EG;FBBV/673507220;FBCR/Yemen Mobile;FBMF/Xiaomi;FBBD/Redmi;FBDV/M2012K10C;FBSV/13;FBCA/arm64-v8a:null;FBDM/{density=2.75,width=1080,height=2186};FB_FW/1;] FBBK/1"
      },
      {
        "ent_field_name": "FamilyDeviceIdHistory",
        "label": "\u00d8\u00b3\u00d8\u00ac\u00d9\u0084 \u00d9\u0085\u00d8\u00b9\u00d8\u00b1\u00d9\u0081\u00d8\u00a7\u00d8\u00aa \u00d8\u00a7\u00d9\u0084\u00d8\u00a3\u00d8\u00ac\u00d9\u0087\u00d8\u00b2\u00d8\u00a9",
        "dict": [
          {
            "ent_field_name": "FamilyDeviceIdHistory.key",
            "label": "B035D8A1-AAC4-458F-A5A3-A9D7A8DCE56F",
            "dict": [
              {
                "ent_field_name": "FamilyDeviceIdHistoryFamilyDeviceIdHistory.value.first_seen_time",
                "label": "first_seen_time",
                "timestamp_value": 1708123354
              },
              {
                "ent_field_name": "FamilyDeviceIdHistoryFamilyDeviceIdHistory.value.last_seen_time",
                "label": "last_seen_time",
                "timestamp_value": 1708123354
              }
            ]
          }
        ]
      },
      {
        "ent_field_name": "AndroidId",
        "label": "\u00d9\u0085\u00d8\u00b9\u00d8\u00b1\u00d9\u0081 Android",
        "value": ""
      },
      {
        "ent_field_name": "AndroidIdHistory",
        "label": "\u00d8\u00b3\u00d8\u00ac\u00d9\u0084 \u00d9\u0085\u00d8\u00b9\u00d8\u00b1\u00d9\u0081\u00d8\u00a7\u00d8\u00aa Android",
        "vec": [
          
        ]
      },
      {
        "ent_field_name": "ScreenSize",
        "label": "\u00d8\u00ad\u00d8\u00ac\u00d9\u0085 \u00d8\u00a7\u00d9\u0084\u00d8\u00b4\u00d8\u00a7\u00d8\u00b4\u00d8\u00a9",
        "vec": [
          {
            "ent_field_name": "",
            "value": "2186"
          },
          {
            "ent_field_name": "",
            "value": "1080"
          }
        ]
      },
      {
        "ent_field_name": "Density",
        "label": "\u00d9\u0083\u00d8\u00ab\u00d8\u00a7\u00d9\u0081\u00d8\u00a9 \u00d8\u00a7\u00d9\u0084\u00d8\u00ac\u00d9\u0087\u00d8\u00a7\u00d8\u00b2",
        "value": "2.75"
      },
      {
        "ent_field_name": "IsTablet",
        "label": "\u00d8\u00ac\u00d9\u0087\u00d8\u00a7\u00d8\u00b2 \u00d9\u0084\u00d9\u0088\u00d8\u00ad\u00d9\u008a\u00d8\u009f",
        "value": "\u00d8\u00ae\u00d8\u00b7\u00d8\u00a3"
      },
      {
        "ent_field_name": "YearClass",
        "label": "\u00d8\u00b3\u00d9\u0086\u00d8\u00a9 \u00d8\u00aa\u00d8\u00b5\u00d9\u0086\u00d9\u008a\u00d8\u00b9 \u00d8\u00ac\u00d9\u0087\u00d8\u00a7\u00d8\u00b2\u00d9\u0083",
        "value": "2016"
      },
      {
        "ent_field_name": "ReliableCoreCount",
        "label": "\u00d8\u00b9\u00d8\u00af\u00d8\u00af \u00d8\u00a3\u00d9\u0086\u00d9\u0088\u00d9\u008a\u00d8\u00a9 \u00d9\u0088\u00d8\u00ad\u00d8\u00af\u00d8\u00a9 \u00d8\u00a7\u00d9\u0084\u00d9\u0085\u00d8\u00b9\u00d8\u00a7\u00d9\u0084\u00d8\u00ac\u00d8\u00a9 \u00d8\u00a7\u00d9\u0084\u00d9\u0085\u00d8\u00b1\u00d9\u0083\u00d8\u00b2\u00d9\u008a\u00d8\u00a9",
        "value": "8"
      },
      {
        "ent_field_name": "GoogleAccounts",
        "label": "\u00d8\u00b9\u00d8\u00af\u00d8\u00af \u00d8\u00ad\u00d8\u00b3\u00d8\u00a7\u00d8\u00a8\u00d8\u00a7\u00d8\u00aa Google",
        "value": "6"
      },
      {
        "ent_field_name": "CurrentConnectionStatus",
        "label": "\u00d8\u00ad\u00d8\u00a7\u00d9\u0084\u00d8\u00a9 \u00d8\u00a7\u00d9\u0084\u00d8\u00a7\u00d8\u00aa\u00d8\u00b5\u00d8\u00a7\u00d9\u0084 \u00d8\u00a7\u00d9\u0084\u00d8\u00ad\u00d8\u00a7\u00d9\u0084\u00d9\u008a",
        "value": "145.224.73.245"
      }
    ],
    "fbid": "5048597015172899",
    "ent_name": "FDEntDevice"
  },
  {
    "media": [
      
    ],
    "label_values": [
      {
        "ent_field_name": "FamilyDeviceId",
        "label": "\u00d9\u0085\u00d8\u00b9\u00d8\u00b1\u00d9\u0091\u00d9\u0081 \u00d8\u00a7\u00d9\u0084\u00d8\u00ac\u00d9\u0087\u00d8\u00a7\u00d8\u00b2",
        "value": "9CB2AFFC-05A5-4B9D-B40F-9ED6A1C5B8C8"
      },
      {
        "ent_field_name": "CreationKey",
        "label": "\u00d9\u0085\u00d8\u00b9\u00d8\u00b1\u00d9\u0081 \u00d8\u00a7\u00d9\u0084\u00d8\u00ac\u00d9\u0087\u00d8\u00a7\u00d8\u00b2 \u00d9\u0081\u00d9\u008a \u00d9\u0088\u00d9\u0082\u00d8\u00aa \u00d8\u00a7\u00d9\u0084\u00d8\u00a5\u00d9\u0086\u00d8\u00b4\u00d8\u00a7\u00d8\u00a1",
        "value": "9CB2AFFC-05A5-4B9D-B40F-9ED6A1C5B8C8"
      },
      {
        "ent_field_name": "FamilyDeviceIdInfo",
        "label": "\u00d8\u00aa\u00d9\u0081\u00d8\u00a7\u00d8\u00b5\u00d9\u008a\u00d9\u0084 \u00d9\u0085\u00d8\u00b9\u00d8\u00b1\u00d9\u0081 \u00d8\u00a7\u00d9\u0084\u00d8\u00ac\u00d9\u0087\u00d8\u00a7\u00d8\u00b2",
        "dict": [
          {
            "ent_field_name": "FamilyDeviceIdInfo.first_seen_time",
            "label": "first_seen_time",
            "timestamp_value": 1709136680
          },
          {
            "ent_field_name": "FamilyDeviceIdInfo.last_seen_time",
            "label": "last_seen_time",
            "timestamp_value": 1734512225
          }
        ]
      },
      {
        "ent_field_name": "HardwareId",
        "label": "\u00d9\u0085\u00d8\u00b9\u00d8\u00b1\u00d9\u0081 \u00d8\u00a7\u00d9\u0084\u00d8\u00ac\u00d9\u0087\u00d8\u00a7\u00d8\u00b2",
        "value": ""
      },
      {
        "ent_field_name": "HardwareIdHistory",
        "label": "\u00d8\u00b3\u00d8\u00ac\u00d9\u0084 \u00d9\u0085\u00d8\u00b9\u00d8\u00b1\u00d9\u0081\u00d8\u00a7\u00d8\u00aa \u00d8\u00a7\u00d9\u0084\u00d8\u00a3\u00d8\u00ac\u00d9\u0087\u00d8\u00b2\u00d8\u00a9",
        "vec": [
          
        ]
      },
      {
        "ent_field_name": "GoogleAdvertiserId",
        "label": "\u00d9\u0085\u00d8\u00b9\u00d8\u00b1\u00d9\u0081 \u00d9\u0085\u00d8\u00b9\u00d9\u0084\u00d9\u0086 Google",
        "value": ""
      },
      {
        "ent_field_name": "GoogleAdvertiserIdHistory",
        "label": "\u00d8\u00b3\u00d8\u00ac\u00d9\u0084 \u00d9\u0085\u00d8\u00b9\u00d8\u00b1\u00d9\u0081\u00d8\u00a7\u00d8\u00aa \u00d9\u0085\u00d8\u00b9\u00d9\u0084\u00d9\u0086\u00d9\u008a Google",
        "vec": [
          
        ]
      },
      {
        "ent_field_name": "OSType",
        "label": "\u00d9\u0086\u00d9\u0088\u00d8\u00b9 \u00d9\u0086\u00d8\u00b8\u00d8\u00a7\u00d9\u0085 \u00d8\u00a7\u00d9\u0084\u00d8\u00aa\u00d8\u00b4\u00d8\u00ba\u00d9\u008a\u00d9\u0084",
        "value": "Android"
      },
      {
        "ent_field_name": "OSVersion",
        "label": "\u00d8\u00a5\u00d8\u00b5\u00d8\u00af\u00d8\u00a7\u00d8\u00b1 \u00d9\u0086\u00d8\u00b8\u00d8\u00a7\u00d9\u0085 \u00d8\u00a7\u00d9\u0084\u00d8\u00aa\u00d8\u00b4\u00d8\u00ba\u00d9\u008a\u00d9\u0084",
        "value": "10"
      },
      {
        "ent_field_name": "DeviceType",
        "label": "\u00d9\u0086\u00d9\u0088\u00d8\u00b9 \u00d8\u00a7\u00d9\u0084\u00d8\u00ac\u00d9\u0087\u00d8\u00a7\u00d8\u00b2",
        "value": "moto z4"
      },
      {
        "ent_field_name": "Installer",
        "label": "\u00d8\u00a3\u00d8\u00af\u00d8\u00a7\u00d8\u00a9 \u00d8\u00aa\u00d8\u00ab\u00d8\u00a8\u00d9\u008a\u00d8\u00aa",
        "value": "com.android.vending"
      },
      {
        "ent_field_name": "Manufacturer",
        "label": "\u00d8\u00a7\u00d9\u0084\u00d9\u0085\u00d8\u00b5\u00d9\u0086\u00d9\u0090\u00d9\u0091\u00d8\u00b9",
        "value": "motorola"
      },
      {
        "ent_field_name": "UserAgent",
        "label": "\u00d9\u0088\u00d9\u0083\u00d9\u008a\u00d9\u0084 \u00d8\u00a7\u00d9\u0084\u00d9\u0085\u00d8\u00b3\u00d8\u00aa\u00d8\u00ae\u00d8\u00af\u00d9\u0085",
        "value": ""
      },
      {
        "ent_field_name": "FamilyDeviceIdHistory",
        "label": "\u00d8\u00b3\u00d8\u00ac\u00d9\u0084 \u00d9\u0085\u00d8\u00b9\u00d8\u00b1\u00d9\u0081\u00d8\u00a7\u00d8\u00aa \u00d8\u00a7\u00d9\u0084\u00d8\u00a3\u00d8\u00ac\u00d9\u0087\u00d8\u00b2\u00d8\u00a9",
        "dict": [
          {
            "ent_field_name": "FamilyDeviceIdHistory.key",
            "label": "C47C106C-9F69-4138-8C38-75213DAA5DB8",
            "dict": [
              {
                "ent_field_name": "FamilyDeviceIdHistoryFamilyDeviceIdHistory.value.first_seen_time",
                "label": "first_seen_time",
                "timestamp_value": 1727116364
              },
              {
                "ent_field_name": "FamilyDeviceIdHistoryFamilyDeviceIdHistory.value.last_seen_time",
                "label": "last_seen_time",
                "timestamp_value": 1727116364
              }
            ]
          }
        ]
      },
      {
        "ent_field_name": "AndroidId",
        "label": "\u00d9\u0085\u00d8\u00b9\u00d8\u00b1\u00d9\u0081 Android",
        "value": ""
      },
      {
        "ent_field_name": "AndroidIdHistory",
        "label": "\u00d8\u00b3\u00d8\u00ac\u00d9\u0084 \u00d9\u0085\u00d8\u00b9\u00d8\u00b1\u00d9\u0081\u00d8\u00a7\u00d8\u00aa Android",
        "vec": [
          
        ]
      },
      {
        "ent_field_name": "ScreenSize",
        "label": "\u00d8\u00ad\u00d8\u00ac\u00d9\u0085 \u00d8\u00a7\u00d9\u0084\u00d8\u00b4\u00d8\u00a7\u00d8\u00b4\u00d8\u00a9",
        "vec": [
          {
            "ent_field_name": "",
            "value": "2120"
          },
          {
            "ent_field_name": "",
            "value": "1080"
          }
        ]
      },
      {
        "ent_field_name": "Density",
        "label": "\u00d9\u0083\u00d8\u00ab\u00d8\u00a7\u00d9\u0081\u00d8\u00a9 \u00d8\u00a7\u00d9\u0084\u00d8\u00ac\u00d9\u0087\u00d8\u00a7\u00d8\u00b2",
        "value": "3"
      },
      {
        "ent_field_name": "IsTablet",
        "label": "\u00d8\u00ac\u00d9\u0087\u00d8\u00a7\u00d8\u00b2 \u00d9\u0084\u00d9\u0088\u00d8\u00ad\u00d9\u008a\u00d8\u009f",
        "value": "\u00d8\u00ae\u00d8\u00b7\u00d8\u00a3"
      },
      {
        "ent_field_name": "YearClass",
        "label": "\u00d8\u00b3\u00d9\u0086\u00d8\u00a9 \u00d8\u00aa\u00d8\u00b5\u00d9\u0086\u00d9\u008a\u00d8\u00b9 \u00d8\u00ac\u00d9\u0087\u00d8\u00a7\u00d8\u00b2\u00d9\u0083",
        "value": "2015"
      },
      {
        "ent_field_name": "ReliableCoreCount",
        "label": "\u00d8\u00b9\u00d8\u00af\u00d8\u00af \u00d8\u00a3\u00d9\u0086\u00d9\u0088\u00d9\u008a\u00d8\u00a9 \u00d9\u0088\u00d8\u00ad\u00d8\u00af\u00d8\u00a9 \u00d8\u00a7\u00d9\u0084\u00d9\u0085\u00d8\u00b9\u00d8\u00a7\u00d9\u0084\u00d8\u00ac\u00d8\u00a9 \u00d8\u00a7\u00d9\u0084\u00d9\u0085\u00d8\u00b1\u00d9\u0083\u00d8\u00b2\u00d9\u008a\u00d8\u00a9",
        "value": "8"
      },
      {
        "ent_field_name": "GoogleAccounts",
        "label": "\u00d8\u00b9\u00d8\u00af\u00d8\u00af \u00d8\u00ad\u00d8\u00b3\u00d8\u00a7\u00d8\u00a8\u00d8\u00a7\u00d8\u00aa Google",
        "value": "2"
      },
      {
        "ent_field_name": "CurrentConnectionStatus",
        "label": "\u00d8\u00ad\u00d8\u00a7\u00d9\u0084\u00d8\u00a9 \u00d8\u00a7\u00d9\u0084\u00d8\u00a7\u00d8\u00aa\u00d8\u00b5\u00d8\u00a7\u00d9\u0084 \u00d8\u00a7\u00d9\u0084\u00d8\u00ad\u00d8\u00a7\u00d9\u0084\u00d9\u008a",
        "value": "185.80.143.22"
      }
    ],
    "fbid": "7307613425928154",
    "ent_name": "FDEntDevice"
  }
]