{
  "name": "\u00d8\u00b5\u00d9\u0088\u00d8\u00b1 \u00d8\u00a7\u00d9\u0084\u00d8\u00ba\u00d9\u0084\u00d8\u00a7\u00d9\u0081",
  "photos": [
    {
      "uri": "your_facebook_activity/posts/media/swralghlaf_j1TjSnZ9NQ/469018808_122149154708333708_5343852929654859855_n_122098564916333708.jpg",
      "creation_timestamp": 1716478697,
      "media_metadata": {
        "photo_metadata": {
          "exif_data": [
            {
              "upload_ip": "185.80.143.60",
              "taken_timestamp": 1716478699,
              "orientation": 1,
              "original_width": 843,
              "original_height": 1124
            }
          ]
        }
      },
      "title": "\u00d8\u00b5\u00d9\u0088\u00d8\u00b1 \u00d8\u00a7\u00d9\u0084\u00d8\u00ba\u00d9\u0084\u00d8\u00a7\u00d9\u0081",
      "backup_uri": "https://scontent-fra3-2.xx.fbcdn.net/v/t39.30808-6/469018808_122149154708333708_5343852929654859855_n.jpg?_nc_cat=111&ccb=1-7&_nc_sid=74e017&_nc_ohc=7_EjiiX26VAQ7kNvgHZSCxI&_nc_ad=z-m&_nc_cid=0&_nc_zt=23&_nc_ht=scontent-fra3-2.xx&oh=00_AYAYasxZulgRcSygGCELSALAi8U1Uz7Y3T1wUzmXujwz-w&oe=6769AF85"
    },
    {
      "uri": "your_facebook_activity/posts/media/swralghlaf_j1TjSnZ9NQ/469083160_122149322024333708_6274438587659090541_n_122105114924333708.jpg",
      "creation_timestamp": 1717066376,
      "media_metadata": {
        "photo_metadata": {
          "exif_data": [
            {
              "iso": 16,
              "focal_length": "670/100",
              "upload_ip": "185.80.143.36",
              "taken_timestamp": 1713787488,
              "modified_timestamp": 1713787488,
              "camera_make": "samsung",
              "camera_model": "SM-G998U",
              "exposure": "1/2643",
              "f_stop": "180/100",
              "orientation": 1,
              "original_width": 4000,
              "original_height": 1800
            }
          ]
        }
      },
      "title": "\u00d8\u00b5\u00d9\u0088\u00d8\u00b1 \u00d8\u00a7\u00d9\u0084\u00d8\u00ba\u00d9\u0084\u00d8\u00a7\u00d9\u0081",
      "backup_uri": "https://scontent-fra5-1.xx.fbcdn.net/v/t39.30808-6/469083160_122149322024333708_6274438587659090541_n.jpg?_nc_cat=100&ccb=1-7&_nc_sid=74e017&_nc_ohc=izZ59JCWnv8Q7kNvgF8fJ4O&_nc_ad=z-m&_nc_cid=0&_nc_zt=23&_nc_ht=scontent-fra5-1.xx&oh=00_AYBQF6QvyPSq3QCM_DjEXDZf38OTvrK-WR-VdVdgOBGScQ&oe=6769A108"
    },
    {
      "uri": "your_facebook_activity/posts/media/swralghlaf_j1TjSnZ9NQ/469650910_122150398022333708_5328698031797232800_n_122107545308333708.jpg",
      "creation_timestamp": 1717261678,
      "media_metadata": {
        "photo_metadata": {
          "exif_data": [
            {
              "upload_ip": "185.80.143.35",
              "taken_timestamp": 1717261680,
              "orientation": 1
            }
          ]
        }
      },
      "title": "\u00d8\u00b5\u00d9\u0088\u00d8\u00b1 \u00d8\u00a7\u00d9\u0084\u00d8\u00ba\u00d9\u0084\u00d8\u00a7\u00d9\u0081",
      "backup_uri": "https://scontent-fra3-2.xx.fbcdn.net/v/t39.30808-6/469650910_122150398022333708_5328698031797232800_n.jpg?_nc_cat=104&ccb=1-7&_nc_sid=74e017&_nc_ohc=-2_xw0kfrt0Q7kNvgGhA1G8&_nc_ad=z-m&_nc_cid=0&_nc_zt=23&_nc_ht=scontent-fra3-2.xx&oh=00_AYClYUpHkF2QFnXeFDYCwXhq6N5MsXgBcWrXPyfpgALBJQ&oe=6769C1CF"
    },
    {
      "uri": "your_facebook_activity/posts/media/swralghlaf_j1TjSnZ9NQ/459508752_122133267986333708_5231351954576022000_n_122133267914333708.jpg",
      "creation_timestamp": 1726314702,
      "media_metadata": {
        "photo_metadata": {
          "exif_data": [
            {
              "upload_ip": "185.80.143.58",
              "taken_timestamp": 1726314703,
              "orientation": 1
            }
          ]
        }
      },
      "title": "\u00d8\u00b5\u00d9\u0088\u00d8\u00b1 \u00d8\u00a7\u00d9\u0084\u00d8\u00ba\u00d9\u0084\u00d8\u00a7\u00d9\u0081",
      "backup_uri": "https://scontent-fra5-2.xx.fbcdn.net/v/t39.30808-6/459508752_122133267986333708_5231351954576022000_n.jpg?_nc_cat=109&ccb=1-7&_nc_sid=957871&_nc_ohc=kY6wMOI0_FIQ7kNvgEgqKNa&_nc_ad=z-m&_nc_cid=0&_nc_zt=23&_nc_ht=scontent-fra5-2.xx&oh=00_AYBeQEo_OWvPG6OQ5pEbmlpvxBVe5UaAeb88gV7-QvGUqw&oe=6769BE79"
    }
  ],
  "cover_photo": {
    "uri": "your_facebook_activity/posts/media/swralghlaf_j1TjSnZ9NQ/459508752_122133267986333708_5231351954576022000_n_122133267914333708.jpg",
    "creation_timestamp": 1726314702,
    "media_metadata": {
      "photo_metadata": {
        "exif_data": [
          {
            "upload_ip": "185.80.143.58",
            "taken_timestamp": 1726314703,
            "orientation": 1
          }
        ]
      }
    },
    "title": "\u00d8\u00b5\u00d9\u0088\u00d8\u00b1 \u00d8\u00a7\u00d9\u0084\u00d8\u00ba\u00d9\u0084\u00d8\u00a7\u00d9\u0081",
    "backup_uri": "https://scontent-fra5-2.xx.fbcdn.net/v/t39.30808-6/459508752_122133267986333708_5231351954576022000_n.jpg?_nc_cat=109&ccb=1-7&_nc_sid=957871&_nc_ohc=kY6wMOI0_FIQ7kNvgEgqKNa&_nc_ad=z-m&_nc_cid=0&_nc_zt=23&_nc_ht=scontent-fra5-2.xx&oh=00_AYBeQEo_OWvPG6OQ5pEbmlpvxBVe5UaAeb88gV7-QvGUqw&oe=6769BE79"
  },
  "last_modified_timestamp": 1726314703,
  "description": ""
}