{
  "name": "\u00d8\u00b5\u00d9\u0088\u00d8\u00b1 \u00d8\u00a7\u00d9\u0084\u00d9\u0085\u00d9\u0084\u00d9\u0081 \u00d8\u00a7\u00d9\u0084\u00d8\u00b4\u00d8\u00ae\u00d8\u00b5\u00d9\u008a",
  "photos": [
    {
      "uri": "your_facebook_activity/posts/media/swralmlfalshkhsy_odZsktMEGA/470007433_122150397680333708_8943092393429326852_n_122107545026333708.jpg",
      "creation_timestamp": 1717261643,
      "media_metadata": {
        "photo_metadata": {
          "exif_data": [
            {
              "upload_ip": "185.80.143.35",
              "taken_timestamp": 1717261644
            }
          ]
        }
      },
      "title": "\u00d8\u00b5\u00d9\u0088\u00d8\u00b1 \u00d8\u00a7\u00d9\u0084\u00d9\u0085\u00d9\u0084\u00d9\u0081 \u00d8\u00a7\u00d9\u0084\u00d8\u00b4\u00d8\u00ae\u00d8\u00b5\u00d9\u008a",
      "backup_uri": "https://scontent-fra3-2.xx.fbcdn.net/v/t39.30808-6/470007433_122150397680333708_8943092393429326852_n.jpg?_nc_cat=111&ccb=1-7&_nc_sid=2eb2d4&_nc_ohc=rPtbCPcczHcQ7kNvgGnaJ1Y&_nc_ad=z-m&_nc_cid=0&_nc_zt=23&_nc_ht=scontent-fra3-2.xx&oh=00_AYAbEh-SR9XNLal9mVPzz9kmBaWVgZEB2BAUd66oxAGxoA&oe=67698EEF"
    },
    {
      "uri": "your_facebook_activity/posts/media/swralmlfalshkhsy_odZsktMEGA/459086034_122133129428333708_1208934949937778519_n_122133129422333708.jpg",
      "creation_timestamp": 1726263260,
      "media_metadata": {
        "photo_metadata": {
          "exif_data": [
            {
              "upload_ip": "185.80.143.65",
              "taken_timestamp": 1726263261
            }
          ]
        }
      },
      "title": "\u00d8\u00b5\u00d9\u0088\u00d8\u00b1 \u00d8\u00a7\u00d9\u0084\u00d9\u0085\u00d9\u0084\u00d9\u0081 \u00d8\u00a7\u00d9\u0084\u00d8\u00b4\u00d8\u00ae\u00d8\u00b5\u00d9\u008a",
      "backup_uri": "https://scontent-fra5-2.xx.fbcdn.net/v/t39.30808-6/459086034_122133129428333708_1208934949937778519_n.jpg?_nc_cat=106&ccb=1-7&_nc_sid=eed8e3&_nc_ohc=Bf3aZ9uNjSkQ7kNvgEKk1Dk&_nc_ad=z-m&_nc_cid=0&_nc_zt=23&_nc_ht=scontent-fra5-2.xx&oh=00_AYAmV-vHrwh5yChA9uIfGMrRrr4oTGuNW87GPB7ZCT-iBg&oe=6769B1B3"
    }
  ],
  "cover_photo": {
    "uri": "your_facebook_activity/posts/media/swralmlfalshkhsy_odZsktMEGA/459086034_122133129428333708_1208934949937778519_n_122133129422333708.jpg",
    "creation_timestamp": 1726263260,
    "media_metadata": {
      "photo_metadata": {
        "exif_data": [
          {
            "upload_ip": "185.80.143.65",
            "taken_timestamp": 1726263261
          }
        ]
      }
    },
    "title": "\u00d8\u00b5\u00d9\u0088\u00d8\u00b1 \u00d8\u00a7\u00d9\u0084\u00d9\u0085\u00d9\u0084\u00d9\u0081 \u00d8\u00a7\u00d9\u0084\u00d8\u00b4\u00d8\u00ae\u00d8\u00b5\u00d9\u008a",
    "backup_uri": "https://scontent-fra5-2.xx.fbcdn.net/v/t39.30808-6/459086034_122133129428333708_1208934949937778519_n.jpg?_nc_cat=106&ccb=1-7&_nc_sid=eed8e3&_nc_ohc=Bf3aZ9uNjSkQ7kNvgEKk1Dk&_nc_ad=z-m&_nc_cid=0&_nc_zt=23&_nc_ht=scontent-fra5-2.xx&oh=00_AYAmV-vHrwh5yChA9uIfGMrRrr4oTGuNW87GPB7ZCT-iBg&oe=6769B1B3"
  },
  "last_modified_timestamp": 1726263262,
  "description": ""
}