[
  {
    "timestamp": 1730471993,
    "media": [
      
    ],
    "label_values": [
      {
        "ent_field_name": "OriginalContentURL",
        "label": "\u00d8\u00b9\u00d9\u0086\u00d9\u0088\u00d8\u00a7\u00d9\u0086 URL",
        "value": "https://www.facebook.com/reel/2026143681156542/",
        "href": "https://www.facebook.com/reel/2026143681156542/"
      }
    ],
    "fbid": "122142848828333708",
    "ent_name": "EntShareURLWrapperMetadata"
  },
  {
    "timestamp": 1730471845,
    "media": [
      
    ],
    "label_values": [
      {
        "ent_field_name": "OriginalContentURL",
        "label": "\u00d8\u00b9\u00d9\u0086\u00d9\u0088\u00d8\u00a7\u00d9\u0086 URL",
        "value": "https://www.facebook.com/Hanen.music1/videos/2755699811298133/",
        "href": "https://www.facebook.com/Hanen.music1/videos/2755699811298133/"
      }
    ],
    "fbid": "122142847718333708",
    "ent_name": "EntShareURLWrapperMetadata"
  },
  {
    "timestamp": 1730471739,
    "media": [
      
    ],
    "label_values": [
      {
        "ent_field_name": "OriginalContentURL",
        "label": "\u00d8\u00b9\u00d9\u0086\u00d9\u0088\u00d8\u00a7\u00d9\u0086 URL",
        "value": "https://www.facebook.com/reel/895120975917955/",
        "href": "https://www.facebook.com/reel/895120975917955/"
      }
    ],
    "fbid": "122142846740333708",
    "ent_name": "EntShareURLWrapperMetadata"
  },
  {
    "timestamp": 1730471730,
    "media": [
      
    ],
    "label_values": [
      {
        "ent_field_name": "OriginalContentURL",
        "label": "\u00d8\u00b9\u00d9\u0086\u00d9\u0088\u00d8\u00a7\u00d9\u0086 URL",
        "value": "https://www.facebook.com/reel/1851069545383721/",
        "href": "https://www.facebook.com/reel/1851069545383721/"
      }
    ],
    "fbid": "122142846650333708",
    "ent_name": "EntShareURLWrapperMetadata"
  },
  {
    "timestamp": 1730471706,
    "media": [
      
    ],
    "label_values": [
      {
        "ent_field_name": "OriginalContentURL",
        "label": "\u00d8\u00b9\u00d9\u0086\u00d9\u0088\u00d8\u00a7\u00d9\u0086 URL",
        "value": "https://www.facebook.com/reel/958325416338991/",
        "href": "https://www.facebook.com/reel/958325416338991/"
      }
    ],
    "fbid": "122142846458333708",
    "ent_name": "EntShareURLWrapperMetadata"
  },
  {
    "timestamp": 1728675860,
    "media": [
      
    ],
    "label_values": [
      {
        "ent_field_name": "OriginalContentURL",
        "label": "\u00d8\u00b9\u00d9\u0086\u00d9\u0088\u00d8\u00a7\u00d9\u0086 URL",
        "value": "https://www.facebook.com/reel/8049302548514648/",
        "href": "https://www.facebook.com/reel/8049302548514648/"
      }
    ],
    "fbid": "122138972906333708",
    "ent_name": "EntShareURLWrapperMetadata"
  },
  {
    "timestamp": 1728675685,
    "media": [
      
    ],
    "label_values": [
      {
        "ent_field_name": "OriginalContentURL",
        "label": "\u00d8\u00b9\u00d9\u0086\u00d9\u0088\u00d8\u00a7\u00d9\u0086 URL",
        "value": "https://www.facebook.com/reel/834617938810102/",
        "href": "https://www.facebook.com/reel/834617938810102/"
      }
    ],
    "fbid": "122138972690333708",
    "ent_name": "EntShareURLWrapperMetadata"
  },
  {
    "timestamp": 1728675585,
    "media": [
      
    ],
    "label_values": [
      {
        "ent_field_name": "OriginalContentURL",
        "label": "\u00d8\u00b9\u00d9\u0086\u00d9\u0088\u00d8\u00a7\u00d9\u0086 URL",
        "value": "https://www.facebook.com/reel/1015683026917627",
        "href": "https://www.facebook.com/reel/1015683026917627"
      }
    ],
    "fbid": "122138972612333708",
    "ent_name": "EntShareURLWrapperMetadata"
  },
  {
    "timestamp": 1728306982,
    "media": [
      
    ],
    "label_values": [
      {
        "ent_field_name": "OriginalContentURL",
        "label": "\u00d8\u00b9\u00d9\u0086\u00d9\u0088\u00d8\u00a7\u00d9\u0086 URL",
        "value": "https://www.facebook.com/reel/8286083901474898",
        "href": "https://www.facebook.com/reel/8286083901474898"
      }
    ],
    "fbid": "122138266070333708",
    "ent_name": "EntShareURLWrapperMetadata"
  },
  {
    "timestamp": 1728306535,
    "media": [
      
    ],
    "label_values": [
      {
        "ent_field_name": "OriginalContentURL",
        "label": "\u00d8\u00b9\u00d9\u0086\u00d9\u0088\u00d8\u00a7\u00d9\u0086 URL",
        "value": "https://www.facebook.com/reel/447994994924164",
        "href": "https://www.facebook.com/reel/447994994924164"
      }
    ],
    "fbid": "122138265428333708",
    "ent_name": "EntShareURLWrapperMetadata"
  },
  {
    "timestamp": 1728306337,
    "media": [
      
    ],
    "label_values": [
      {
        "ent_field_name": "OriginalContentURL",
        "label": "\u00d8\u00b9\u00d9\u0086\u00d9\u0088\u00d8\u00a7\u00d9\u0086 URL",
        "value": "https://www.facebook.com/reel/3919809951638117",
        "href": "https://www.facebook.com/reel/3919809951638117"
      }
    ],
    "fbid": "122138265062333708",
    "ent_name": "EntShareURLWrapperMetadata"
  },
  {
    "timestamp": 1728284803,
    "media": [
      
    ],
    "label_values": [
      {
        "ent_field_name": "OriginalContentURL",
        "label": "\u00d8\u00b9\u00d9\u0086\u00d9\u0088\u00d8\u00a7\u00d9\u0086 URL",
        "value": "https://www.facebook.com/reel/908382564432536",
        "href": "https://www.facebook.com/reel/908382564432536"
      }
    ],
    "fbid": "122138213708333708",
    "ent_name": "EntShareURLWrapperMetadata"
  },
  {
    "timestamp": 1728284512,
    "media": [
      
    ],
    "label_values": [
      {
        "ent_field_name": "OriginalContentURL",
        "label": "\u00d8\u00b9\u00d9\u0086\u00d9\u0088\u00d8\u00a7\u00d9\u0086 URL",
        "value": "https://www.facebook.com/reel/414538061281437",
        "href": "https://www.facebook.com/reel/414538061281437"
      }
    ],
    "fbid": "122138213318333708",
    "ent_name": "EntShareURLWrapperMetadata"
  },
  {
    "timestamp": 1728284465,
    "media": [
      
    ],
    "label_values": [
      {
        "ent_field_name": "OriginalContentURL",
        "label": "\u00d8\u00b9\u00d9\u0086\u00d9\u0088\u00d8\u00a7\u00d9\u0086 URL",
        "value": "https://www.facebook.com/reel/465196336383135",
        "href": "https://www.facebook.com/reel/465196336383135"
      }
    ],
    "fbid": "122138213192333708",
    "ent_name": "EntShareURLWrapperMetadata"
  },
  {
    "timestamp": 1728284452,
    "media": [
      
    ],
    "label_values": [
      {
        "ent_field_name": "OriginalContentURL",
        "label": "\u00d8\u00b9\u00d9\u0086\u00d9\u0088\u00d8\u00a7\u00d9\u0086 URL",
        "value": "https://www.facebook.com/reel/1247845782765612",
        "href": "https://www.facebook.com/reel/1247845782765612"
      }
    ],
    "fbid": "122138213180333708",
    "ent_name": "EntShareURLWrapperMetadata"
  },
  {
    "timestamp": 1728284444,
    "media": [
      
    ],
    "label_values": [
      {
        "ent_field_name": "OriginalContentURL",
        "label": "\u00d8\u00b9\u00d9\u0086\u00d9\u0088\u00d8\u00a7\u00d9\u0086 URL",
        "value": "https://www.facebook.com/reel/1003944681054288",
        "href": "https://www.facebook.com/reel/1003944681054288"
      }
    ],
    "fbid": "122138213144333708",
    "ent_name": "EntShareURLWrapperMetadata"
  },
  {
    "timestamp": 1728284388,
    "media": [
      
    ],
    "label_values": [
      {
        "ent_field_name": "OriginalContentURL",
        "label": "\u00d8\u00b9\u00d9\u0086\u00d9\u0088\u00d8\u00a7\u00d9\u0086 URL",
        "value": "https://www.facebook.com/reel/2070570406708779",
        "href": "https://www.facebook.com/reel/2070570406708779"
      }
    ],
    "fbid": "122138212904333708",
    "ent_name": "EntShareURLWrapperMetadata"
  },
  {
    "timestamp": 1728284342,
    "media": [
      
    ],
    "label_values": [
      {
        "ent_field_name": "OriginalContentURL",
        "label": "\u00d8\u00b9\u00d9\u0086\u00d9\u0088\u00d8\u00a7\u00d9\u0086 URL",
        "value": "https://www.facebook.com/reel/1023009109300809",
        "href": "https://www.facebook.com/reel/1023009109300809"
      }
    ],
    "fbid": "122138212868333708",
    "ent_name": "EntShareURLWrapperMetadata"
  },
  {
    "timestamp": 1728284323,
    "media": [
      
    ],
    "label_values": [
      {
        "ent_field_name": "OriginalContentURL",
        "label": "\u00d8\u00b9\u00d9\u0086\u00d9\u0088\u00d8\u00a7\u00d9\u0086 URL",
        "value": "https://www.facebook.com/reel/867076788254491",
        "href": "https://www.facebook.com/reel/867076788254491"
      }
    ],
    "fbid": "122138212850333708",
    "ent_name": "EntShareURLWrapperMetadata"
  },
  {
    "timestamp": 1728284286,
    "media": [
      
    ],
    "label_values": [
      {
        "ent_field_name": "OriginalContentURL",
        "label": "\u00d8\u00b9\u00d9\u0086\u00d9\u0088\u00d8\u00a7\u00d9\u0086 URL",
        "value": "https://www.facebook.com/reel/481496514627291",
        "href": "https://www.facebook.com/reel/481496514627291"
      }
    ],
    "fbid": "122138212814333708",
    "ent_name": "EntShareURLWrapperMetadata"
  },
  {
    "timestamp": 1728284269,
    "media": [
      
    ],
    "label_values": [
      {
        "ent_field_name": "OriginalContentURL",
        "label": "\u00d8\u00b9\u00d9\u0086\u00d9\u0088\u00d8\u00a7\u00d9\u0086 URL",
        "value": "https://www.facebook.com/reel/1210047573471447",
        "href": "https://www.facebook.com/reel/1210047573471447"
      }
    ],
    "fbid": "122138212802333708",
    "ent_name": "EntShareURLWrapperMetadata"
  },
  {
    "timestamp": 1728284218,
    "media": [
      
    ],
    "label_values": [
      {
        "ent_field_name": "OriginalContentURL",
        "label": "\u00d8\u00b9\u00d9\u0086\u00d9\u0088\u00d8\u00a7\u00d9\u0086 URL",
        "value": "https://www.facebook.com/reel/362764646593870",
        "href": "https://www.facebook.com/reel/362764646593870"
      }
    ],
    "fbid": "122138212754333708",
    "ent_name": "EntShareURLWrapperMetadata"
  },
  {
    "timestamp": 1728284149,
    "media": [
      
    ],
    "label_values": [
      {
        "ent_field_name": "OriginalContentURL",
        "label": "\u00d8\u00b9\u00d9\u0086\u00d9\u0088\u00d8\u00a7\u00d9\u0086 URL",
        "value": "https://www.facebook.com/reel/1032526385234204",
        "href": "https://www.facebook.com/reel/1032526385234204"
      }
    ],
    "fbid": "122138212262333708",
    "ent_name": "EntShareURLWrapperMetadata"
  },
  {
    "timestamp": 1728284135,
    "media": [
      
    ],
    "label_values": [
      {
        "ent_field_name": "OriginalContentURL",
        "label": "\u00d8\u00b9\u00d9\u0086\u00d9\u0088\u00d8\u00a7\u00d9\u0086 URL",
        "value": "https://www.facebook.com/reel/601534562321156",
        "href": "https://www.facebook.com/reel/601534562321156"
      }
    ],
    "fbid": "122138212220333708",
    "ent_name": "EntShareURLWrapperMetadata"
  },
  {
    "timestamp": 1728284120,
    "media": [
      
    ],
    "label_values": [
      {
        "ent_field_name": "OriginalContentURL",
        "label": "\u00d8\u00b9\u00d9\u0086\u00d9\u0088\u00d8\u00a7\u00d9\u0086 URL",
        "value": "https://www.facebook.com/reel/1230172391509602",
        "href": "https://www.facebook.com/reel/1230172391509602"
      }
    ],
    "fbid": "122138212190333708",
    "ent_name": "EntShareURLWrapperMetadata"
  },
  {
    "timestamp": 1728284031,
    "media": [
      
    ],
    "label_values": [
      {
        "ent_field_name": "OriginalContentURL",
        "label": "\u00d8\u00b9\u00d9\u0086\u00d9\u0088\u00d8\u00a7\u00d9\u0086 URL",
        "value": "https://www.facebook.com/reel/1733138437423329",
        "href": "https://www.facebook.com/reel/1733138437423329"
      }
    ],
    "fbid": "122138212022333708",
    "ent_name": "EntShareURLWrapperMetadata"
  },
  {
    "timestamp": 1728284010,
    "media": [
      
    ],
    "label_values": [
      {
        "ent_field_name": "OriginalContentURL",
        "label": "\u00d8\u00b9\u00d9\u0086\u00d9\u0088\u00d8\u00a7\u00d9\u0086 URL",
        "value": "https://www.facebook.com/reel/1030344285158504",
        "href": "https://www.facebook.com/reel/1030344285158504"
      }
    ],
    "fbid": "122138211998333708",
    "ent_name": "EntShareURLWrapperMetadata"
  },
  {
    "timestamp": 1728283940,
    "media": [
      
    ],
    "label_values": [
      {
        "ent_field_name": "OriginalContentURL",
        "label": "\u00d8\u00b9\u00d9\u0086\u00d9\u0088\u00d8\u00a7\u00d9\u0086 URL",
        "value": "https://www.facebook.com/reel/512748607943029",
        "href": "https://www.facebook.com/reel/512748607943029"
      }
    ],
    "fbid": "122138211938333708",
    "ent_name": "EntShareURLWrapperMetadata"
  },
  {
    "timestamp": 1728283934,
    "media": [
      
    ],
    "label_values": [
      {
        "ent_field_name": "OriginalContentURL",
        "label": "\u00d8\u00b9\u00d9\u0086\u00d9\u0088\u00d8\u00a7\u00d9\u0086 URL",
        "value": "https://www.facebook.com/reel/446296715091254",
        "href": "https://www.facebook.com/reel/446296715091254"
      }
    ],
    "fbid": "122138211926333708",
    "ent_name": "EntShareURLWrapperMetadata"
  }
]