{
  "timestamp": 1716733548,
  "media": [
    
  ],
  "label_values": [
    {
      "ent_field_name": "GroupUntranslatedNameRaw",
      "label": "\u00d8\u00a7\u00d8\u00b3\u00d9\u0085 \u00d8\u00a7\u00d9\u0084\u00d9\u0085\u00d8\u00ac\u00d9\u0085\u00d9\u0088\u00d8\u00b9\u00d8\u00a9",
      "value": "\u00e3\u0080\u008a\u00d9\u0081\u00d8\u00b1\u00d9\u008a \u00d9\u0081\u00d8\u00a7\u00d9\u008a\u00d8\u00b1 \u00f0\u009f\u0087\u00b8\u00f0\u009f\u0087\u00a9 SUDAN\u00e3\u0080\u008b"
    }
  ],
  "fbid": "9721883741167226",
  "ent_name": "EntUserGroupLastViewTime"
}