{
  "recently_viewed": [
    {
      "name": "\u00d8\u00a7\u00d9\u0084\u00d9\u0085\u00d9\u0086\u00d8\u00b4\u00d9\u0088\u00d8\u00b1\u00d8\u00a7\u00d8\u00aa \u00d8\u00a7\u00d9\u0084\u00d8\u00aa\u00d9\u008a \u00d8\u00aa\u00d9\u0085 \u00d8\u00b9\u00d8\u00b1\u00d8\u00b6\u00d9\u0087\u00d8\u00a7 \u00d9\u0084\u00d9\u0083 \u00d9\u0081\u00d9\u008a \u00d8\u00a7\u00d9\u0084\u00d9\u0085\u00d9\u0088\u00d8\u00ac\u00d8\u00b2",
      "description": "\u00d8\u00a7\u00d9\u0084\u00d9\u0085\u00d9\u0086\u00d8\u00b4\u00d9\u0088\u00d8\u00b1\u00d8\u00a7\u00d8\u00aa \u00d8\u00a7\u00d9\u0084\u00d8\u00aa\u00d9\u008a \u00d8\u00aa\u00d9\u0085 \u00d8\u00b9\u00d8\u00b1\u00d8\u00b6\u00d9\u0087\u00d8\u00a7 \u00d9\u0084\u00d9\u0083 \u00d9\u0081\u00d9\u008a \u00d8\u00a7\u00d9\u0084\u00d9\u0085\u00d9\u0088\u00d8\u00ac\u00d8\u00b2 \u00d8\u00ae\u00d9\u0084\u00d8\u00a7\u00d9\u0084 \u00d8\u00a2\u00d8\u00ae\u00d8\u00b1 90 \u00d9\u008a\u00d9\u0088\u00d9\u0085\u00d9\u008b\u00d8\u00a7.",
      "entries": [
        {
          "timestamp": 1734048959,
          "data": {
            "name": "\u00d9\u0085\u00d9\u0086\u00d8\u00b4\u00d9\u0088\u00d8\u00b1 \u00e2\u0080\u008f\u00d8\u00a5\u00d9\u008a\u00d8\u00af\u00d8\u00a7 \u00d8\u00a5\u00d9\u008a\u00d8\u00ac\u00d9\u008a \u00d9\u0086\u00d8\u00ac\u00d9\u0085\u00d9\u0087 \u00d8\u00a7\u00d9\u0084\u00d8\u00aa\u00d9\u0081\u00d8\u00a7\u00d8\u00ad \u00d8\u00a7\u00d9\u0084\u00d8\u00ad\u00d8\u00b1\u00d8\u00a7\u00d9\u0085 \u00e2\u0080\u008f \u00e2\u0080\u008f\u00e2\u0080\u008f",
            "uri": "https://www.facebook.com/permalink.php?story_fbid=pfbid0PBDAwbHYLr4TV1XS8ajj2cxEMc1ftD1rT1fzoMowVEWjTzT3ie2x4dPGk3ohNAqEl&id=61556680912573"
          }
        },
        {
          "timestamp": 1734048934,
          "data": {
            "name": "\u00d9\u0085\u00d9\u0086\u00d8\u00b4\u00d9\u0088\u00d8\u00b1 \u00e2\u0080\u008f\u00e2\u0080\u008eAbdallah Enawy\u00e2\u0080\u008e\u00e2\u0080\u008f \u00e2\u0080\u008f\u00e2\u0080\u008f",
            "uri": "https://www.facebook.com/abdallahenawy1/posts/pfbid02cLG3hB5bb9xqYJMg6oB2fjywfBUzG6HGKJaSVhVrvxMvMCNwPS7HvK5RGNjk9uQrl"
          }
        },
        {
          "timestamp": 1734048932,
          "data": {
            "name": "\u00d9\u0085\u00d9\u0086\u00d8\u00b4\u00d9\u0088\u00d8\u00b1 \u00e2\u0080\u008f\u00d9\u0086\u00d9\u008a\u00d9\u0084\u00d8\u00a7\u00d9\u008a Nilay\u00e2\u0080\u008f \u00e2\u0080\u008f\u00e2\u0080\u008f",
            "uri": "https://www.facebook.com/permalink.php?story_fbid=pfbid0s11RDBN72DAqbeQ2CJ8PMTz8QiqPnAyNaG8azRU4es1vCoh7c6v2Ff8saU7Pj8jal&id=61554674172169"
          }
        },
        {
          "timestamp": 1733164028,
          "data": {
            "name": "\u00d9\u0085\u00d9\u0086\u00d8\u00b4\u00d9\u0088\u00d8\u00b1 \u00e2\u0080\u008f\u00e2\u0080\u008eAbdallah Enawy\u00e2\u0080\u008e\u00e2\u0080\u008f \u00e2\u0080\u008f\u00e2\u0080\u008f",
            "uri": "https://www.facebook.com/abdallahenawy1/posts/pfbid0287xxZqXTfguLzYzVQQWCJNdAT32MidHwjMdF9nGg9EJRUwedwKUCwAnuPyCeNuCKl"
          }
        },
        {
          "timestamp": 1733138447,
          "data": {
            "name": "\u00d9\u0085\u00d9\u0086\u00d8\u00b4\u00d9\u0088\u00d8\u00b1 \u00e2\u0080\u008f\u00d9\u0087\u00d9\u008a \u00d9\u0088\u00d8\u00a8\u00d8\u00b3\u00e2\u0080\u008f \u00e2\u0080\u008f\u00e2\u0080\u008f",
            "uri": "https://www.facebook.com/permalink.php?story_fbid=pfbid02N47wKaZhc3159dGRwWrYxLzY9sogKAyTCobH31Le5k1nzHkC4zWsFr1f8HXTamcMl&id=61553689261107"
          }
        },
        {
          "timestamp": 1733138251,
          "data": {
            "name": "\u00d9\u0085\u00d9\u0086\u00d8\u00b4\u00d9\u0088\u00d8\u00b1 \u00e2\u0080\u008f\u00e2\u0080\u008eStar drama tv\u00e2\u0080\u008e\u00e2\u0080\u008f \u00e2\u0080\u008f\u00e2\u0080\u008f",
            "uri": "https://www.facebook.com/RandaTakaline.pageofficielle/posts/pfbid0J7SDCR3o2dg6aJYvNZn7XcmC3t8wfZpzxxLixmJr9MK7Xo79QW6ei24f2EfxN7wXl"
          }
        },
        {
          "timestamp": 1730402146,
          "data": {
            "name": "\u00d9\u0085\u00d9\u0086\u00d8\u00b4\u00d9\u0088\u00d8\u00b1 \u00e2\u0080\u008f\u00e2\u0080\u008eSharring\u00e2\u0080\u008e\u00e2\u0080\u008f \u00e2\u0080\u008f\u00e2\u0080\u008f",
            "uri": "https://www.facebook.com/permalink.php?story_fbid=pfbid0RPeB7vrW7E6XrkYppPu5o6kxi4kBnoM6QszG6DhbfGqnPWhGQrzrEk2qF5oqeSaRl&id=61556228146264"
          }
        },
        {
          "timestamp": 1730402145,
          "data": {
            "name": "\u00d9\u0085\u00d9\u0086\u00d8\u00b4\u00d9\u0088\u00d8\u00b1 \u00e2\u0080\u008f\u00d8\u00a7\u00d8\u00b0\u00d9\u0083\u00d8\u00b1\u00d9\u0088 \u00d8\u00a7\u00d9\u0084\u00d9\u0084\u00d9\u0087 \u00d9\u008a\u00d8\u00b0\u00d9\u0083\u00d8\u00b1\u00d9\u0083\u00d9\u0085\u00e2\u0080\u008f \u00e2\u0080\u008f\u00e2\u0080\u008f",
            "uri": "https://www.facebook.com/permalink.php?story_fbid=pfbid02QZNQT8MxLVQ3MESd8TknNhF83ycfyA28o7WvkhehXd8kvexXGJZWC9h6iEx7s5nXl&id=61559711780715"
          }
        },
        {
          "timestamp": 1730402143,
          "data": {
            "name": "\u00d9\u0085\u00d9\u0086\u00d8\u00b4\u00d9\u0088\u00d8\u00b1 \u00e2\u0080\u008f\u00d9\u0085\u00d9\u0084\u00d8\u00aa\u00d9\u0082\u00d9\u0089 \u00d8\u00a7\u00d9\u0084\u00d9\u0085\u00d8\u00b3\u00d8\u00a7\u00d8\u00ad\u00d8\u00a9 \u00d8\u00a7\u00d9\u0084\u00d9\u0087\u00d9\u0086\u00d8\u00af\u00d8\u00b3\u00d9\u008a\u00d8\u00a9\u00e2\u0080\u008f \u00e2\u0080\u008f\u00e2\u0080\u008f",
            "uri": "https://www.facebook.com/surveymen/posts/pfbid02YUAJBJN4aTn6e2gUpU65YCnTcsBhr96ZRkXFff42dQGpAs1TFQqiF8e9eAiJg4Zgl"
          }
        },
        {
          "timestamp": 1730402142,
          "data": {
            "name": "\u00d9\u0085\u00d9\u0086\u00d8\u00b4\u00d9\u0088\u00d8\u00b1 \u00e2\u0080\u008f\u00d9\u008a\u00d9\u0088\u00d9\u0085\u00d8\u00a2 \u00d9\u0085\u00d8\u00a7\u00e2\u0080\u008f \u00e2\u0080\u008f\u00e2\u0080\u008f",
            "uri": "https://www.facebook.com/youmanmaa/posts/pfbid0mS5Fh8Fdfx191mKXpjTURvWQeAr4iJ7za1JGZ734kR79tyPQFumYHf8jQVMcmBWRl"
          }
        },
        {
          "timestamp": 1730402138,
          "data": {
            "name": "\u00d9\u0085\u00d9\u0086\u00d8\u00b4\u00d9\u0088\u00d8\u00b1 \u00e2\u0080\u008f\u00d8\u00b4\u00d8\u00a7\u00d8\u00b9\u00d8\u00b1 \u00d8\u00b4\u00d8\u00b9\u00d8\u00a8\u00d9\u008a\u00e2\u0080\u008f \u00e2\u0080\u008f\u00e2\u0080\u008f",
            "uri": "https://www.facebook.com/aboreenad.alfadeel/posts/pfbid02pLFpJn1J65vCK9ypfrRggdynSVgFBMdGcDG2NSdLLpGJNqfYjLBTLEEtSH45Rky8l"
          }
        },
        {
          "timestamp": 1730402138,
          "data": {
            "name": "\u00d9\u0085\u00d9\u0086\u00d8\u00b4\u00d9\u0088\u00d8\u00b1 \u00e2\u0080\u008f\u00e2\u0080\u008e\u00f0\u009d\u0093\u00bd\u00f0\u009d\u0093\u00b1\u00f0\u009d\u0093\u00ae \u00f0\u009d\u0094\u0080\u00f0\u009d\u0093\u00b8\u00f0\u009d\u0093\u00b6\u00f0\u009d\u0093\u00ae\u00f0\u009d\u0093\u00b7\u00e2\u0080\u008e\u00e2\u0080\u008f \u00e2\u0080\u008f\u00e2\u0080\u008f",
            "uri": "https://www.facebook.com/thewomen.com12/posts/pfbid0U1ShDdwEYPBeuBLPsPqDMeqvzfjLuHUQgKF7YdjdxT5RwAPc27dNpegfRyEEFiHYl"
          }
        },
        {
          "timestamp": 1730402136,
          "data": {
            "name": "\u00d9\u0085\u00d9\u0086\u00d8\u00b4\u00d9\u0088\u00d8\u00b1 \u00e2\u0080\u008f\u00d8\u00b1\u00d8\u00a7\u00d9\u0085\u00d8\u00b2 \u00d8\u00a8\u00d9\u0084\u00d9\u008a\u00d8\u00ba\u00e2\u0080\u008f \u00e2\u0080\u008f\u00e2\u0080\u008f",
            "uri": "https://www.facebook.com/permalink.php?story_fbid=pfbid0JsStU6CyAM7VoQCYjz3FqaSvRcE31FmhVRFVuBG9na7uv6w7Mpp4wZiYa2vAZ2Q1l&id=100089778650728"
          }
        },
        {
          "timestamp": 1730402136,
          "data": {
            "name": "\u00d9\u0085\u00d9\u0086\u00d8\u00b4\u00d9\u0088\u00d8\u00b1 \u00e2\u0080\u008f\u00d8\u00a7\u00d9\u0084\u00d8\u00b4\u00d8\u00a7\u00d8\u00b9\u00d8\u00b1 \u00d8\u00a7\u00d8\u00b3\u00d8\u00a7\u00d9\u0085\u00d9\u0087 \u00d8\u00a7\u00d9\u0084\u00d8\u00b9\u00d9\u0085\u00d8\u00a7\u00d8\u00af\u00e2\u0080\u008f \u00e2\u0080\u008f\u00e2\u0080\u008f",
            "uri": "https://www.facebook.com/permalink.php?story_fbid=pfbid0QUTRhEJFzNK6tMjktoMAdGtRJXoE42nGEHg2V9pFTdJSHvKaxWMimNZo2bKK6yEtl&id=100006557717998"
          }
        },
        {
          "timestamp": 1730402136,
          "data": {
            "name": "\u00d9\u0085\u00d9\u0086\u00d8\u00b4\u00d9\u0088\u00d8\u00b1 \u00e2\u0080\u008f\u00d9\u0085\u00d8\u00b4\u00d8\u00a7\u00d8\u00b9\u00d8\u00b1\u00e2\u0080\u008f \u00e2\u0080\u008f\u00e2\u0080\u008f",
            "uri": "https://www.facebook.com/permalink.php?story_fbid=pfbid02EAe1KNLgpq7yzR2nh2zWSY2ryGBL5HZZELo9ejUP2i5JEUHQ3ZL8fvaSW9SjtrgLl&id=100085770901665"
          }
        },
        {
          "timestamp": 1730402132,
          "data": {
            "name": "\u00d9\u0085\u00d9\u0086\u00d8\u00b4\u00d9\u0088\u00d8\u00b1 \u00e2\u0080\u008f\u00d9\u0085\u00d9\u0082\u00d8\u00a7\u00d9\u0084\u00d8\u00a8\u00e2\u0080\u008f \u00e2\u0080\u008f\u00e2\u0080\u008f",
            "uri": "https://www.facebook.com/permalink.php?story_fbid=pfbid02rHHiwmo8nvarkBxpQu8eUYf9DFVaJSsYh2jT7up2ecLikMgUXqgAepE1tPVw6KSWl&id=100091439814207"
          }
        },
        {
          "timestamp": 1730402132,
          "data": {
            "name": "\u00d9\u0085\u00d9\u0086\u00d8\u00b4\u00d9\u0088\u00d8\u00b1 \u00e2\u0080\u008f\u00d8\u00a7\u00d9\u0084\u00d9\u0085\u00d8\u00a7\u00d9\u0085\u00d9\u008a\u00d8\u00b2\u00e2\u0080\u008f \u00e2\u0080\u008f\u00e2\u0080\u008f",
            "uri": "https://www.facebook.com/permalink.php?story_fbid=pfbid0379HTRRvGR1BqW3t6obdZ84s31aN5gwY1w5Ak6UgZC1YCMqZ6SXfeNR9vCZj7PE6Tl&id=100084876099341"
          }
        },
        {
          "timestamp": 1730402132,
          "data": {
            "name": "\u00d9\u0085\u00d9\u0086\u00d8\u00b4\u00d9\u0088\u00d8\u00b1 \u00e2\u0080\u008f\u00d8\u00a3\u00d8\u00ae\u00d8\u00b6\u00d8\u00b1\u00e2\u0080\u008f \u00e2\u0080\u008f\u00e2\u0080\u008f",
            "uri": "https://www.facebook.com/permalink.php?story_fbid=pfbid0LYeKATvPQsfuYGWC832Q3g9yE9MZDEYwQgtpG6VED6M3PJPmff1sqCH6BidwVNhQl&id=100063767437698"
          }
        },
        {
          "timestamp": 1730402124,
          "data": {
            "name": "\u00d9\u0085\u00d9\u0086\u00d8\u00b4\u00d9\u0088\u00d8\u00b1 \u00e2\u0080\u008f\u00d9\u0085\u00d8\u00b4\u00d8\u00a7\u00d8\u00b9\u00d8\u00b1\u00e2\u0080\u008f \u00e2\u0080\u008f\u00e2\u0080\u008f",
            "uri": "https://www.facebook.com/permalink.php?story_fbid=pfbid02gmfkQ6dVbiTgTdWzJLpMokirjnpnzzKjkph6uKCWpMxbkdTUqdaHk7TFP6FdAT5ml&id=100085770901665"
          }
        },
        {
          "timestamp": 1730401031,
          "data": {
            "name": "\u00d9\u0085\u00d9\u0086\u00d8\u00b4\u00d9\u0088\u00d8\u00b1 \u00e2\u0080\u008f\u00d8\u00af\u00d9\u008a\u00d9\u0083\u00d9\u0088\u00d8\u00b1 \u00d9\u0088\u00d8\u00aa\u00d8\u00b4\u00d8\u00b7\u00d9\u008a\u00d8\u00a8\u00d8\u00a7\u00d8\u00aa \u00e2\u0080\u008f \u00e2\u0080\u008f\u00e2\u0080\u008f",
            "uri": "https://www.facebook.com/permalink.php?story_fbid=pfbid02c1UZrKGMuqK1ifBC4BWbFTAzJdxPtZ81TFcD4bSRZP6NzBsgmRSriDBEi6VX9m3bl&id=61556602529254"
          }
        },
        {
          "timestamp": 1730401028,
          "data": {
            "name": "\u00d9\u0085\u00d9\u0086\u00d8\u00b4\u00d9\u0088\u00d8\u00b1 \u00e2\u0080\u008f\u00e2\u0080\u008eMostafa Abdallah\u00e2\u0080\u008e\u00e2\u0080\u008f \u00e2\u0080\u008f\u00e2\u0080\u008f",
            "uri": "https://www.facebook.com/permalink.php?story_fbid=pfbid02PCQngbgu85sot52WURTW8oFbkw1Je9V71RREKDWx7CqjnQZjBfBLdPscr8hiUMral&id=100008182303298"
          }
        },
        {
          "timestamp": 1730054284,
          "data": {
            "name": "\u00d9\u0085\u00d9\u0086\u00d8\u00b4\u00d9\u0088\u00d8\u00b1 \u00e2\u0080\u008f\u00e2\u0080\u008eAsrar Alnujum\u00e2\u0080\u008e\u00e2\u0080\u008f \u00e2\u0080\u008f\u00e2\u0080\u008f",
            "uri": "https://www.facebook.com/permalink.php?story_fbid=pfbid023FmRQ9HpmBtXEPTXpnMzB1hNmzYXRz59FFrqSWZ3jD63PTvCNrs7DuDNzTm8p3JTl&id=61554031860036"
          }
        },
        {
          "timestamp": 1730054283,
          "data": {
            "name": "\u00d9\u0085\u00d9\u0086\u00d8\u00b4\u00d9\u0088\u00d8\u00b1 \u00e2\u0080\u008f\u00d8\u00a7\u00d9\u0084\u00d8\u00b7\u00d9\u0087\u00d8\u00a7\u00d9\u0085\u00d9\u008a\u00e2\u0080\u008f \u00e2\u0080\u008f\u00e2\u0080\u008f",
            "uri": "https://www.facebook.com/w.albasha14/posts/pfbid0bp1ZZVZHhnssEYCdUaukVUNpNhz5vhyoifAjw4VsSuGgcBKYzDw2jVEq9w9NVhtPl"
          }
        },
        {
          "timestamp": 1728035459,
          "data": {
            "name": "\u00d9\u0085\u00d9\u0086\u00d8\u00b4\u00d9\u0088\u00d8\u00b1 \u00e2\u0080\u008f\u00d8\u00ae\u00d9\u0088\u00d9\u0086\u00d8\u00a7\u00d8\u00b5\u00d8\u00b1 \u00d8\u00a7\u00d9\u0084\u00d8\u00b4\u00d8\u00a8\u00d9\u0088\u00d8\u00a7\u00d9\u0086\u00d9\u008a\u00e2\u0080\u008f \u00e2\u0080\u008f\u00e2\u0080\u008f",
            "uri": "https://www.facebook.com/permalink.php?story_fbid=pfbid03DuoMvMpQwGvGp71JDvrkU2Qehj3hb3S5QqfXLDpLioMz9RYFC1iZv8AnRij3mz2l&id=100053131244846"
          }
        },
        {
          "timestamp": 1728034742,
          "data": {
            "name": "\u00d9\u0085\u00d9\u0086\u00d8\u00b4\u00d9\u0088\u00d8\u00b1 \u00e2\u0080\u008f\u00e2\u0080\u008eReham Turkish \u00e2\u0080\u008e\u00e2\u0080\u008f \u00e2\u0080\u008f\u00e2\u0080\u008f",
            "uri": "https://www.facebook.com/permalink.php?story_fbid=pfbid0H6gRFP13ZrC8SbtxC4QS4CUxEEL28T7XV34ruxmnYqZQoJfn2a1ghQfnteaexFg1l&id=61561131356563"
          }
        },
        {
          "timestamp": 1727453289,
          "data": {
            "name": "\u00d9\u0085\u00d9\u0086\u00d8\u00b4\u00d9\u0088\u00d8\u00b1 \u00e2\u0080\u008f\u00d8\u00b1\u00d9\u0088\u00d8\u00ad\u00d9\u008a\u00e2\u0080\u008f \u00e2\u0080\u008f\u00e2\u0080\u008f",
            "uri": "https://www.facebook.com/Ro7yRY/posts/pfbid0ziLGcYQ5TmjNGBbJHhbjN8K7XFfEA1fx3cYPQmFUR6nWubovziXBkL6BiZ62uftml"
          }
        },
        {
          "timestamp": 1727344689,
          "data": {
            "name": "\u00d9\u0085\u00d9\u0086\u00d8\u00b4\u00d9\u0088\u00d8\u00b1 \u00e2\u0080\u008f\u00d8\u00b9\u00d8\u00a8\u00d8\u00af\u00d8\u00a7\u00d9\u0084\u00d9\u0084\u00d9\u0087 \u00d8\u00a7\u00d9\u0084\u00d9\u0085\u00d8\u00b9\u00d9\u0085\u00d8\u00b1\u00d9\u008a\u00e2\u0080\u008f \u00e2\u0080\u008f\u00e2\u0080\u008f",
            "uri": "https://www.facebook.com/abdalluh.almamre/posts/pfbid02EG6iTW5REw4ERL2ZRY1xSh4WB6D7bpodMAMYAoDy2yQUS7snSZvG825DhGYaCgi5l"
          }
        },
        {
          "timestamp": 1727344447,
          "data": {
            "name": "\u00d9\u0085\u00d9\u0086\u00d8\u00b4\u00d9\u0088\u00d8\u00b1 \u00e2\u0080\u008f\u00d9\u0085\u00d8\u00ad\u00d9\u0085\u00d9\u0088\u00d8\u00af \u00d8\u00a7\u00d9\u0084\u00d8\u00b9\u00d8\u00a8\u00d8\u00af\u00d9\u0084\u00d9\u008a\u00e2\u0080\u008f \u00e2\u0080\u008f\u00e2\u0080\u008f",
            "uri": "https://www.facebook.com/mahmod.m711/posts/pfbid02MCsDgBBLumry22r7EFim1ePgDN1PesmPMh43bjFS9GabGnMBPGT4XAqs8MvYXHCel"
          }
        },
        {
          "timestamp": 1727257437,
          "data": {
            "name": "\u00d9\u0085\u00d9\u0086\u00d8\u00b4\u00d9\u0088\u00d8\u00b1 \u00e2\u0080\u008f\u00d8\u00a3\u00d8\u00ad\u00d8\u00af\u00d8\u00ab \u00d8\u00a7\u00d9\u0084\u00d8\u00af\u00d9\u008a\u00d9\u0083\u00d9\u0088\u00d8\u00b1\u00d8\u00a7\u00d8\u00aa\u00e2\u0080\u008f \u00e2\u0080\u008f\u00e2\u0080\u008f",
            "uri": "https://www.facebook.com/abu3liyan/posts/pfbid0N4ELB1DdxnraVnqYvMxSZDTmk2Qrx4Qo5HCHzsbTX4vYNaTvYRb1CygbfNfMyZaul"
          }
        },
        {
          "timestamp": 1727207639,
          "data": {
            "name": "\u00d9\u0085\u00d9\u0086\u00d8\u00b4\u00d9\u0088\u00d8\u00b1 \u00e2\u0080\u008f\u00d8\u00a7\u00d8\u00af\u00d9\u008a\u00d8\u00a8 \u00d8\u00a7\u00d9\u0084\u00d8\u00b3\u00d8\u00ad\u00d9\u0084\u00d9\u0087 \u00d8\u00a8\u00d8\u00af\u00d9\u008a\u00d9\u0084\u00e2\u0080\u008f \u00e2\u0080\u008f\u00e2\u0080\u008f",
            "uri": "https://www.facebook.com/permalink.php?story_fbid=pfbid0xQzCmrEA5pFPptv1iJwTTqUZwhAFddrpMegMoAqFst4uKNYNwRwiytRQH2hFaUzdl&id=100086258469082"
          }
        }
      ]
    },
    {
      "name": "\u00d9\u0085\u00d9\u0082\u00d8\u00a7\u00d8\u00b7\u00d8\u00b9 \u00d8\u00a7\u00d9\u0084\u00d9\u0081\u00d9\u008a\u00d8\u00af\u00d9\u008a\u00d9\u0088 \u00d8\u00a7\u00d9\u0084\u00d8\u00aa\u00d9\u008a \u00d8\u00b4\u00d8\u00a7\u00d9\u0087\u00d8\u00af\u00d8\u00aa\u00d9\u0087\u00d8\u00a7",
      "description": "\u00d9\u0085\u00d9\u0082\u00d8\u00a7\u00d8\u00b7\u00d8\u00b9 \u00d8\u00a7\u00d9\u0084\u00d9\u0081\u00d9\u008a\u00d8\u00af\u00d9\u008a\u00d9\u0088 \u00d8\u00a7\u00d9\u0084\u00d8\u00aa\u00d9\u008a \u00d8\u00b4\u00d8\u00a7\u00d9\u0087\u00d8\u00af\u00d8\u00aa\u00d9\u0087\u00d8\u00a7 \u00d9\u0081\u00d9\u008a \u00d8\u00a2\u00d8\u00ae\u00d8\u00b1 90 \u00d9\u008a\u00d9\u0088\u00d9\u0085\u00d9\u008b\u00d8\u00a7.",
      "entries": [
        {
          "timestamp": 1733164445,
          "data": {
            "name": "\u00d9\u0081\u00d9\u008a\u00d8\u00af\u00d9\u008a\u00d9\u0088 \u00e2\u0080\u008f\u00e2\u0080\u008eYourBeauty Tv\u00e2\u0080\u008e\u00e2\u0080\u008f \"\u00e2\u0080\u008f\u00e2\u0080\u008f\"",
            "uri": "https://www.facebook.com/YourBeauty.tv/videos/3339022169738677/"
          }
        },
        {
          "timestamp": 1733164041,
          "data": {
            "name": "\u00d9\u0081\u00d9\u008a\u00d8\u00af\u00d9\u008a\u00d9\u0088 \u00e2\u0080\u008f\u00e2\u0080\u008eMARYA\u00e2\u0080\u008e\u00e2\u0080\u008f \"\u00e2\u0080\u008f\u00e2\u0080\u008f\"",
            "uri": "https://www.facebook.com/reel/577571188145719/"
          }
        },
        {
          "timestamp": 1733163933,
          "data": {
            "name": "\u00d9\u0081\u00d9\u008a\u00d8\u00af\u00d9\u008a\u00d9\u0088 \u00e2\u0080\u008f\u00d8\u00b1\u00d8\u00a4\u00d9\u0088\u00d9\u0081 \u00d9\u0085\u00d9\u008a\u00d9\u0088\u00d8\u00b2\u00d9\u0083 - Raouf Music\u00e2\u0080\u008f \"\u00e2\u0080\u008f\u00e2\u0080\u008f\"",
            "uri": "https://www.facebook.com/Raouf.Sliman/videos/1546406825953133/"
          }
        },
        {
          "timestamp": 1733163874,
          "data": {
            "name": "\u00d9\u0081\u00d9\u008a\u00d8\u00af\u00d9\u008a\u00d9\u0088 \u00e2\u0080\u008f\u00e2\u0080\u008eKatie's Nails\u00e2\u0080\u008e\u00e2\u0080\u008f \"\u00e2\u0080\u008f\u00e2\u0080\u008f\"",
            "uri": "https://www.facebook.com/reel/894306439296278/"
          }
        },
        {
          "timestamp": 1733139860,
          "data": {
            "name": "\u00d9\u0081\u00d9\u008a\u00d8\u00af\u00d9\u008a\u00d9\u0088 \u00e2\u0080\u008f\u00d9\u0085\u00d8\u00b9\u00d9\u0085\u00d9\u0084 \u00d8\u00aa\u00d9\u0083\u00d9\u0086\u00d9\u0088 _ Techn lab\u00e2\u0080\u008f \"\u00e2\u0080\u008f\u00e2\u0080\u008f\"",
            "uri": "https://www.facebook.com/TeechnoLab/videos/593311523353907/"
          }
        },
        {
          "timestamp": 1733139560,
          "data": {
            "name": "\u00d9\u0081\u00d9\u008a\u00d8\u00af\u00d9\u008a\u00d9\u0088 \u00e2\u0080\u008f\u00e2\u0080\u008eAnsh Rajput Pranks\u00e2\u0080\u008e\u00e2\u0080\u008f \"\u00e2\u0080\u008f\u00e2\u0080\u008f\"",
            "uri": "https://www.facebook.com/100093363942859/videos/520662250967657/"
          }
        },
        {
          "timestamp": 1733139495,
          "data": {
            "name": "\u00d9\u0081\u00d9\u008a\u00d8\u00af\u00d9\u008a\u00d9\u0088 \u00e2\u0080\u008f\u00d8\u00ad\u00d8\u00b1\u00d9\u008a\u00d9\u0085 \u00d8\u00a7\u00d9\u0084\u00d8\u00b3\u00d9\u0084\u00d8\u00b7\u00d8\u00a7\u00d9\u0086 - Muhte\u00c5\u009fem Y\u00c3\u00bczy\u00c4\u00b1l\u00e2\u0080\u008f \"\u00e2\u0080\u008f\u00e2\u0080\u008f\"",
            "uri": "https://www.facebook.com/muhtesemyuzyilarabic/videos/1065309791381532/"
          }
        },
        {
          "timestamp": 1733139368,
          "data": {
            "name": "\u00d9\u0081\u00d9\u008a\u00d8\u00af\u00d9\u008a\u00d9\u0088 \u00e2\u0080\u008f\u00d8\u00ad\u00d9\u0090\u00d8\u00b1\u00d9\u0081 \u00d8\u00a5\u00d8\u00a8\u00d8\u00af\u00d8\u00a7\u00d8\u00b9\u00d9\u008a\u00d8\u00a9 \u00d9\u0084\u00d9\u0084\u00d9\u0081\u00d8\u00aa\u00d9\u008a\u00d8\u00a7\u00d8\u00aa \u00d9\u0081\u00d9\u008a 5 \u00d8\u00af\u00d9\u0082\u00d8\u00a7\u00d8\u00a6\u00d9\u0082\u00e2\u0080\u008f \"\u00e2\u0080\u008f\u00e2\u0080\u008f\"",
            "uri": "https://www.facebook.com/arabicgirly/videos/3730257083899176/"
          }
        },
        {
          "timestamp": 1733139219,
          "data": {
            "name": "\u00d9\u0081\u00d9\u008a\u00d8\u00af\u00d9\u008a\u00d9\u0088 \u00e2\u0080\u008f\u00d8\u00ad\u00d8\u00a8 \u00d9\u0084\u00d9\u0084\u00d8\u00a7\u00d9\u008a\u00d8\u00ac\u00d8\u00a7\u00d8\u00b1 - Kiral\u00c4\u00b1k A\u00c5\u009fk\u00e2\u0080\u008f \"\u00e2\u0080\u008f\u00e2\u0080\u008f\"",
            "uri": "https://www.facebook.com/loveforrentarabic/videos/1077589643653190/"
          }
        },
        {
          "timestamp": 1733139144,
          "data": {
            "name": "\u00d9\u0081\u00d9\u008a\u00d8\u00af\u00d9\u008a\u00d9\u0088 \u00e2\u0080\u008fBir A\u00c5\u009fk Hikayesi - \u00d8\u00ad\u00d9\u0083\u00d8\u00a7\u00d9\u008a\u00d8\u00a9 \u00d8\u00ad\u00d8\u00a8 - Hikayat Hob\u00e2\u0080\u008f \"\u00e2\u0080\u008f\u00e2\u0080\u008f\"",
            "uri": "https://www.facebook.com/HikayatHobSeries/videos/832191175485710/"
          }
        },
        {
          "timestamp": 1733138754,
          "data": {
            "name": "\u00d9\u0081\u00d9\u008a\u00d8\u00af\u00d9\u008a\u00d9\u0088 \u00e2\u0080\u008f\u00e2\u0080\u008eAniMatters\u00e2\u0080\u008e\u00e2\u0080\u008f \"\u00e2\u0080\u008f\u00e2\u0080\u008f\"",
            "uri": "https://www.facebook.com/animattters/videos/1690508041513265/"
          }
        },
        {
          "timestamp": 1733138319,
          "data": {
            "name": "\u00d9\u0081\u00d9\u008a\u00d8\u00af\u00d9\u008a\u00d9\u0088 \u00e2\u0080\u008f\u00e2\u0080\u008eDarline Rivera\u00e2\u0080\u008e\u00e2\u0080\u008f \"\u00e2\u0080\u008f\u00e2\u0080\u008f\"",
            "uri": "https://www.facebook.com/reel/1636961543552345/"
          }
        },
        {
          "timestamp": 1732983464,
          "data": {
            "name": "\u00d9\u0081\u00d9\u008a\u00d8\u00af\u00d9\u008a\u00d9\u0088 \u00e2\u0080\u008f\u00d8\u00b9\u00d8\u00a7\u00d9\u0084\u00d9\u0085 \u00d9\u0085\u00d8\u00b5\u00d8\u00b7\u00d9\u0081\u00d9\u0089 \u00d8\u00a7\u00d9\u0084\u00d9\u0085\u00d9\u0088\u00d9\u0085\u00d8\u00b1\u00d9\u008a \u00e2\u0080\u008f \"\u00e2\u0080\u008f\u00e2\u0080\u008f\"",
            "uri": "https://www.facebook.com/reel/516315304568215/"
          }
        },
        {
          "timestamp": 1732983251,
          "data": {
            "name": "\u00d9\u0081\u00d9\u008a\u00d8\u00af\u00d9\u008a\u00d9\u0088 \u00e2\u0080\u008f\u00e2\u0080\u008ePeter Koundakjian\u00e2\u0080\u008e\u00e2\u0080\u008f \"\u00e2\u0080\u008f\u00e2\u0080\u008f\"",
            "uri": "https://www.facebook.com/100084892876983/videos/2039866576430576/"
          }
        },
        {
          "timestamp": 1732983191,
          "data": {
            "name": "\u00d9\u0081\u00d9\u008a\u00d8\u00af\u00d9\u008a\u00d9\u0088 \u00e2\u0080\u008f\u00e2\u0080\u008ePeter Koundakjian\u00e2\u0080\u008e\u00e2\u0080\u008f \"\u00e2\u0080\u008f\u00e2\u0080\u008f\"",
            "uri": "https://www.facebook.com/100084892876983/videos/1051466833084560/"
          }
        },
        {
          "timestamp": 1732983048,
          "data": {
            "name": "\u00d9\u0081\u00d9\u008a\u00d8\u00af\u00d9\u008a\u00d9\u0088 \u00e2\u0080\u008f\u00e2\u0080\u008ePeter Koundakjian\u00e2\u0080\u008e\u00e2\u0080\u008f \"\u00e2\u0080\u008f\u00e2\u0080\u008f\"",
            "uri": "https://www.facebook.com/reel/1148251133542920/"
          }
        },
        {
          "timestamp": 1732982654,
          "data": {
            "name": "\u00d9\u0081\u00d9\u008a\u00d8\u00af\u00d9\u008a\u00d9\u0088 \u00e2\u0080\u008f\u00e2\u0080\u008eYohan Ulloa_El Primo\u00e2\u0080\u008e\u00e2\u0080\u008f \"\u00e2\u0080\u008f\u00e2\u0080\u008f\"",
            "uri": "https://www.facebook.com/reel/1015894527221821/"
          }
        },
        {
          "timestamp": 1732982552,
          "data": {
            "name": "\u00d9\u0081\u00d9\u008a\u00d8\u00af\u00d9\u008a\u00d9\u0088 \u00e2\u0080\u008f\u00e2\u0080\u008eFLOWRAP\u00e2\u0080\u008e\u00e2\u0080\u008f \"\u00e2\u0080\u008f\u00e2\u0080\u008f\"",
            "uri": "https://www.facebook.com/reel/8738072069583057/"
          }
        },
        {
          "timestamp": 1732611869,
          "data": {
            "name": "\u00d9\u0081\u00d9\u008a\u00d8\u00af\u00d9\u008a\u00d9\u0088 \u00e2\u0080\u008f\u00d8\u00a7\u00d9\u0085\u00d8\u00ac\u00d8\u00af \u00d8\u00a7\u00d9\u0084\u00d8\u00a7\u00d9\u0087\u00d8\u00af\u00d9\u0084\u00e2\u0080\u008f \"\u00e2\u0080\u008f\u00e2\u0080\u008f\"",
            "uri": "https://www.facebook.com/reel/7785327814904371/"
          }
        },
        {
          "timestamp": 1730473550,
          "data": {
            "name": "\u00d9\u0081\u00d9\u008a\u00d8\u00af\u00d9\u008a\u00d9\u0088 \u00e2\u0080\u008f\u00d8\u00a3\u00d9\u0086\u00d8\u00a7 \u00c2\u00a4\u00d9\u0086\u00d9\u0081\u00d9\u0087\u00d9\u0085\u00d9\u0083 \u00c2\u00a4\u00d9\u0086\u00d8\u00aa\u00d8\u00a7\u00c2\u00a4 \u00d8\u00aa\u00d9\u0081\u00d9\u0087\u00d9\u0085\u00d9\u0086\u00d9\u008a\u00c2\u00a4\u00e2\u0080\u008f \"\u00e2\u0080\u008f\u00e2\u0080\u008f\"",
            "uri": "https://www.facebook.com/bandyinditurk/videos/1269057161136503/"
          }
        },
        {
          "timestamp": 1730473543,
          "data": {
            "name": "\u00d9\u0081\u00d9\u008a\u00d8\u00af\u00d9\u008a\u00d9\u0088 \u00e2\u0080\u008f\u00d9\u0085\u00d9\u0084\u00d9\u0083 \u00d8\u00a7\u00d9\u0084\u00d8\u00a3\u00d8\u00b1\u00d8\u00a7\u00d8\u00ac\u00d9\u008a\u00d9\u0084 \u00e2\u0080\u008f \"\u00e2\u0080\u008f\u00e2\u0080\u008f\"",
            "uri": "https://www.facebook.com/reel/1279683233193670/"
          }
        },
        {
          "timestamp": 1730471723,
          "data": {
            "name": "\u00d9\u0081\u00d9\u008a\u00d8\u00af\u00d9\u008a\u00d9\u0088 \u00e2\u0080\u008f\u00e2\u0080\u008eAmoMama Video\u00e2\u0080\u008e\u00e2\u0080\u008f \"\u00e2\u0080\u008f\u00e2\u0080\u008f\"",
            "uri": "https://www.facebook.com/amomama.video/videos/924680262879571/"
          }
        },
        {
          "timestamp": 1730459152,
          "data": {
            "name": "\u00d9\u0081\u00d9\u008a\u00d8\u00af\u00d9\u008a\u00d9\u0088 \u00e2\u0080\u008f\u00d8\u00b1\u00d8\u00ad\u00d9\u0085\u00d8\u00a9 \u00d8\u00a7\u00d9\u0084\u00d8\u00b3\u00d9\u0084\u00d8\u00a7\u00d9\u0085\u00d9\u008a\u00e2\u0080\u008f \"\u00e2\u0080\u008f\u00e2\u0080\u008f\"",
            "uri": "https://www.facebook.com/100017234580623/videos/470360375883105/"
          }
        },
        {
          "timestamp": 1730459152,
          "data": {
            "name": "\u00d9\u0081\u00d9\u008a\u00d8\u00af\u00d9\u008a\u00d9\u0088 \u00e2\u0080\u008f\u00e2\u0080\u008e\u00e5\u00b0\u008f\u00e6\u00b7\u00bc\u00e6\u00b7\u00bc \u00e4\u00b9\u0096\u00e4\u00b9\u0096\u00e2\u0080\u008e\u00e2\u0080\u008f \"\u00e2\u0080\u008f\u00e2\u0080\u008f\"",
            "uri": "https://www.facebook.com/reel/826819952762771/"
          }
        },
        {
          "timestamp": 1730459139,
          "data": {
            "name": "\u00d9\u0081\u00d9\u008a\u00d8\u00af\u00d9\u008a\u00d9\u0088 \u00e2\u0080\u008f\u00e2\u0080\u008eOriginal Comedy Sketches by Zainey Lainey\u00e2\u0080\u008e\u00e2\u0080\u008f \"\u00e2\u0080\u008f\u00e2\u0080\u008f\"",
            "uri": "https://www.facebook.com/zaineylaineyshow/videos/1602354943653928/"
          }
        },
        {
          "timestamp": 1730459139,
          "data": {
            "name": "\u00d9\u0081\u00d9\u008a\u00d8\u00af\u00d9\u008a\u00d9\u0088 \u00e2\u0080\u008f\u00e2\u0080\u008eAlper Yatk\u00c4\u00b1n\u00e2\u0080\u008e\u00e2\u0080\u008f \"\u00e2\u0080\u008f\u00e2\u0080\u008f\"",
            "uri": "https://www.facebook.com/100037700647429/videos/1981460252325206/"
          }
        },
        {
          "timestamp": 1730459139,
          "data": {
            "name": "\u00d9\u0081\u00d9\u008a\u00d8\u00af\u00d9\u008a\u00d9\u0088 \u00e2\u0080\u008f\u00d8\u00ad\u00d9\u0090\u00d8\u00b1\u00d9\u0081 \u00d8\u00a5\u00d8\u00a8\u00d8\u00af\u00d8\u00a7\u00d8\u00b9\u00d9\u008a\u00d8\u00a9 \u00d9\u0081\u00d9\u008a 5 \u00d8\u00af\u00d9\u0082\u00d8\u00a7\u00d8\u00a6\u00d9\u0082\u00e2\u0080\u008f \"\u00e2\u0080\u008f\u00e2\u0080\u008f\"",
            "uri": "https://www.facebook.com/5min.crafts.arabic/videos/1559502761593507/"
          }
        },
        {
          "timestamp": 1730459139,
          "data": {
            "name": "\u00d9\u0081\u00d9\u008a\u00d8\u00af\u00d9\u008a\u00d9\u0088 \u00e2\u0080\u008f\u00e2\u0080\u008eMichael Vu\u00e2\u0080\u008e\u00e2\u0080\u008f \"\u00e2\u0080\u008f\u00e2\u0080\u008f\"",
            "uri": "https://www.facebook.com/100071946242144/videos/1158810388748177/"
          }
        },
        {
          "timestamp": 1730458509,
          "data": {
            "name": "\u00d9\u0081\u00d9\u008a\u00d8\u00af\u00d9\u008a\u00d9\u0088 \u00e2\u0080\u008f\u00e2\u0080\u008eAniMatters\u00e2\u0080\u008e\u00e2\u0080\u008f \"\u00e2\u0080\u008f\u00e2\u0080\u008f\"",
            "uri": "https://www.facebook.com/animattters/videos/2256041988092157/"
          }
        },
        {
          "timestamp": 1730458509,
          "data": {
            "name": "\u00d9\u0081\u00d9\u008a\u00d8\u00af\u00d9\u008a\u00d9\u0088 \u00e2\u0080\u008f\u00d9\u0085\u00d8\u00b4\u00d8\u00a7\u00d9\u0087\u00d9\u008a\u00d8\u00b1 \u00d8\u00a7\u00d9\u0084\u00d9\u008a\u00d9\u0085\u00d9\u0086\u00e2\u0080\u008f \"\u00e2\u0080\u008f\u00e2\u0080\u008f\"",
            "uri": "https://www.facebook.com/reel/840320337971703/"
          }
        },
        {
          "timestamp": 1728676082,
          "data": {
            "name": "\u00d9\u0081\u00d9\u008a\u00d8\u00af\u00d9\u008a\u00d9\u0088 \u00e2\u0080\u008f\u00e2\u0080\u008eSara Abdullah\u00e2\u0080\u008e\u00e2\u0080\u008f \"\u00e2\u0080\u008f\u00e2\u0080\u008f\"",
            "uri": "https://www.facebook.com/reel/828429822748162/"
          }
        },
        {
          "timestamp": 1728502429,
          "data": {
            "name": "\u00d9\u0081\u00d9\u008a\u00d8\u00af\u00d9\u008a\u00d9\u0088 \u00e2\u0080\u008f\u00d8\u00a7\u00d9\u0084\u00d9\u0084\u00d9\u0087 \u00d8\u00ac\u00d9\u0085\u00d9\u008a\u00d9\u0084 \u00d9\u0088\u00d9\u008a\u00d8\u00ad\u00d8\u00a8 \u00d8\u00a7\u00d9\u0084\u00d8\u00ac\u00d9\u0085\u00d8\u00a7\u00d9\u0084\u00e2\u0080\u008f \"\u00e2\u0080\u008f\u00e2\u0080\u008f\"",
            "uri": "https://www.facebook.com/reel/1594652357785845/"
          }
        },
        {
          "timestamp": 1728306999,
          "data": {
            "name": "\u00d9\u0081\u00d9\u008a\u00d8\u00af\u00d9\u008a\u00d9\u0088 \u00e2\u0080\u008f\u00d8\u00a7\u00d9\u0084\u00d8\u00a8\u00d9\u0084\u00d8\u00af \u00d9\u0084\u00d9\u0084\u00d9\u0088\u00d8\u00b3\u00d8\u00a7\u00d8\u00b7\u00d8\u00a9 \u00d8\u00a7\u00d9\u0084\u00d8\u00b9\u00d9\u0082\u00d8\u00a7\u00d8\u00b1\u00d9\u008a\u00d8\u00a9\u00e2\u0080\u008f \"\u00e2\u0080\u008f\u00e2\u0080\u008f\"",
            "uri": "https://www.facebook.com/reel/878851483863484/"
          }
        },
        {
          "timestamp": 1728306999,
          "data": {
            "name": "\u00d9\u0081\u00d9\u008a\u00d8\u00af\u00d9\u008a\u00d9\u0088 \u00e2\u0080\u008f\u00e2\u0080\u008eDong Franco\u00e2\u0080\u008e\u00e2\u0080\u008f \"\u00e2\u0080\u008f\u00e2\u0080\u008f\"",
            "uri": "https://www.facebook.com/reel/1582288219387439/"
          }
        },
        {
          "timestamp": 1728306999,
          "data": {
            "name": "\u00d9\u0081\u00d9\u008a\u00d8\u00af\u00d9\u008a\u00d9\u0088 \u00e2\u0080\u008fJihan&Siwar \u00d8\u00ac\u00d9\u008a\u00d9\u0087\u00d8\u00a7\u00d9\u0086 \u00d9\u0088 \u00d8\u00b3\u00d9\u008a\u00d9\u0088\u00d8\u00a7\u00d8\u00b1\u00e2\u0080\u008f \"\u00e2\u0080\u008f\u00e2\u0080\u008f\"",
            "uri": "https://www.facebook.com/reel/2248655335503250/"
          }
        },
        {
          "timestamp": 1728306309,
          "data": {
            "name": "\u00d9\u0081\u00d9\u008a\u00d8\u00af\u00d9\u008a\u00d9\u0088 \u00e2\u0080\u008f\u00e2\u0080\u008eAlaa Sami Makeup Artist\u00e2\u0080\u008e\u00e2\u0080\u008f \"\u00e2\u0080\u008f\u00e2\u0080\u008f\"",
            "uri": "https://www.facebook.com/reel/1043234530850097/"
          }
        },
        {
          "timestamp": 1728284526,
          "data": {
            "name": "\u00d9\u0081\u00d9\u008a\u00d8\u00af\u00d9\u008a\u00d9\u0088 \u00e2\u0080\u008f\u00d8\u00a8\u00d8\u00ad\u00d8\u00a8\u00d9\u0083-B7bk\u00e2\u0080\u008f \"\u00e2\u0080\u008f\u00e2\u0080\u008f\"",
            "uri": "https://www.facebook.com/reel/553918707004844/"
          }
        },
        {
          "timestamp": 1728284002,
          "data": {
            "name": "\u00d9\u0081\u00d9\u008a\u00d8\u00af\u00d9\u008a\u00d9\u0088 \u00e2\u0080\u008f\u00e2\u0080\u008eElfirdaous.jewellery\u00e2\u0080\u008e\u00e2\u0080\u008f \"\u00e2\u0080\u008f\u00e2\u0080\u008f\"",
            "uri": "https://www.facebook.com/reel/513264654455952/"
          }
        },
        {
          "timestamp": 1728283954,
          "data": {
            "name": "\u00d9\u0081\u00d9\u008a\u00d8\u00af\u00d9\u008a\u00d9\u0088 \u00e2\u0080\u008f\u00d8\u00a7\u00d8\u00b5\u00d9\u008a\u00d9\u0084 \u00d8\u00a7\u00d9\u0084\u00d8\u00b0\u00d8\u00a7\u00d9\u0086\u00d8\u00a8\u00d9\u008a\u00e2\u0080\u008f \"\u00e2\u0080\u008f\u00e2\u0080\u008f\"",
            "uri": "https://www.facebook.com/100018042323749/videos/1658538221313292/"
          }
        },
        {
          "timestamp": 1728283949,
          "data": {
            "name": "\u00d9\u0081\u00d9\u008a\u00d8\u00af\u00d9\u008a\u00d9\u0088 \u00e2\u0080\u008fAl Nawader Artistry \u00d8\u00a7\u00d9\u0084\u00d9\u0086\u00d9\u0088\u00d8\u00a7\u00d8\u00af\u00d8\u00b1 \u00d8\u00a7\u00d9\u0084\u00d9\u0081\u00d9\u0086\u00d9\u008a\u00d8\u00a9\u00e2\u0080\u008f \"\u00e2\u0080\u008f\u00e2\u0080\u008f\"",
            "uri": "https://www.facebook.com/Nawader.ye/videos/827753412538775/"
          }
        }
      ]
    },
    {
      "name": "\u00d8\u00a7\u00d9\u0084\u00d8\u00aa\u00d9\u0081\u00d8\u00a7\u00d8\u00b9\u00d9\u0084\u00d8\u00a7\u00d8\u00aa \u00d8\u00b9\u00d9\u0084\u00d9\u0089 Marketplace",
      "description": "\u00d8\u00a3\u00d8\u00ad\u00d8\u00af\u00d8\u00ab \u00d8\u00aa\u00d9\u0081\u00d8\u00a7\u00d8\u00b9\u00d9\u0084\u00d8\u00a7\u00d8\u00aa\u00d9\u0083 \u00d8\u00b9\u00d9\u0084\u00d9\u0089 Marketplace",
      "children": [
        {
          "name": "\u00d8\u00a5\u00d8\u00b6\u00d8\u00a7\u00d9\u0081\u00d8\u00a9 \u00d8\u00b9\u00d9\u0084\u00d8\u00a7\u00d9\u0085\u00d8\u00a9 \u00d8\u00a7\u00d9\u0084\u00d8\u00aa\u00d8\u00a8\u00d9\u0088\u00d9\u008a\u00d8\u00a8 \u00d8\u00b9\u00d9\u0084\u00d9\u0089 Marketplace",
          "description": "\u00d8\u00a7\u00d9\u0084\u00d9\u008a\u00d9\u0088\u00d9\u0085 \u00d8\u00a7\u00d9\u0084\u00d8\u00b0\u00d9\u008a \u00d8\u00aa\u00d9\u0085\u00d8\u00aa \u00d8\u00a5\u00d8\u00b6\u00d8\u00a7\u00d9\u0081\u00d8\u00a9 \u00d8\u00b9\u00d9\u0084\u00d8\u00a7\u00d9\u0085\u00d8\u00a9 \u00d8\u00a7\u00d9\u0084\u00d8\u00aa\u00d8\u00a8\u00d9\u0088\u00d9\u008a\u00d8\u00a8 \u00d9\u0081\u00d9\u008a\u00d9\u0087",
          "entries": [
            {
              "data": {
                "value": ""
              }
            }
          ]
        }
      ]
    }
  ]
}