{
  "visited_things_v2": [
    {
      "name": "\u00d8\u00b2\u00d9\u008a\u00d8\u00a7\u00d8\u00b1\u00d8\u00a7\u00d8\u00aa \u00d8\u00a7\u00d9\u0084\u00d9\u0085\u00d9\u0084\u00d9\u0081 \u00d8\u00a7\u00d9\u0084\u00d8\u00b4\u00d8\u00ae\u00d8\u00b5\u00d9\u008a",
      "description": "\u00d8\u00a3\u00d8\u00b4\u00d8\u00ae\u00d8\u00a7\u00d8\u00b5 \u00d9\u0082\u00d9\u0085\u00d8\u00aa \u00d8\u00a8\u00d8\u00b2\u00d9\u008a\u00d8\u00a7\u00d8\u00b1\u00d8\u00a9 \u00d9\u0085\u00d9\u0084\u00d9\u0081\u00d8\u00a7\u00d8\u00aa\u00d9\u0087\u00d9\u0085 \u00d8\u00a7\u00d9\u0084\u00d8\u00b4\u00d8\u00ae\u00d8\u00b5\u00d9\u008a\u00d8\u00a9",
      "entries": [
        {
          "timestamp": 1734048905,
          "data": {
            "name": "\u00d9\u008a\u00d9\u0088\u00d8\u00b3\u00d9\u0081 \u00d8\u00a7\u00d9\u0084\u00d8\u00b4\u00d8\u00b9\u00d8\u00b1\u00d8\u00a7\u00d9\u0088\u00d9\u008a",
            "uri": "https://www.facebook.com/hdylaldhmary"
          }
        },
        {
          "timestamp": 1733232060,
          "data": {
            "name": "\u00c3\u0083hmed Shmlan",
            "uri": "https://www.facebook.com/profile.php?id=100076767981320"
          }
        },
        {
          "timestamp": 1733232056,
          "data": {
            "name": "\u00d8\u00ac\u00d9\u0088\u00d8\u00ac\u00d9\u0088 \u00d9\u0085\u00d8\u00ad\u00d9\u0085\u00d8\u00af",
            "uri": "https://www.facebook.com/profile.php?id=61568120816155"
          }
        },
        {
          "timestamp": 1733232056,
          "data": {
            "name": "Majhol Majhol",
            "uri": "https://www.facebook.com/profile.php?id=61556074023821"
          }
        },
        {
          "timestamp": 1733151039,
          "data": {
            "name": "Ansh Rajput Pranks",
            "uri": "https://www.facebook.com/profile.php?id=100093363942859"
          }
        },
        {
          "timestamp": 1732983541,
          "data": {
            "name": "\u00d8\u00b9\u00d8\u00a7\u00d9\u0084\u00d9\u0085 \u00d9\u0085\u00d8\u00b5\u00d8\u00b7\u00d9\u0081\u00d9\u0089 \u00d8\u00a7\u00d9\u0084\u00d9\u0085\u00d9\u0088\u00d9\u0085\u00d8\u00b1\u00d9\u008a ",
            "uri": "https://www.facebook.com/profile.php?id=61553058328812"
          }
        },
        {
          "timestamp": 1732983230,
          "data": {
            "name": "Peter Koundakjian",
            "uri": "https://www.facebook.com/profile.php?id=100084892876983"
          }
        }
      ]
    },
    {
      "name": "\u00d8\u00b2\u00d9\u008a\u00d8\u00a7\u00d8\u00b1\u00d8\u00a7\u00d8\u00aa \u00d8\u00a7\u00d9\u0084\u00d8\u00b5\u00d9\u0081\u00d8\u00ad\u00d8\u00a9",
      "description": "\u00d8\u00b5\u00d9\u0081\u00d8\u00ad\u00d8\u00a7\u00d8\u00aa \u00d9\u0082\u00d9\u0085\u00d8\u00aa \u00d8\u00a8\u00d8\u00b2\u00d9\u008a\u00d8\u00a7\u00d8\u00b1\u00d8\u00aa\u00d9\u0087\u00d8\u00a7",
      "entries": [
        {
          "timestamp": 1733151039,
          "data": {
            "name": "Ansh Rajput Pranks",
            "uri": "https://facebook.com/100093363942859"
          }
        },
        {
          "timestamp": 1732983541,
          "data": {
            "name": "\u00d8\u00b9\u00d8\u00a7\u00d9\u0084\u00d9\u0085 \u00d9\u0085\u00d8\u00b5\u00d8\u00b7\u00d9\u0081\u00d9\u0089 \u00d8\u00a7\u00d9\u0084\u00d9\u0085\u00d9\u0088\u00d9\u0085\u00d8\u00b1\u00d9\u008a ",
            "uri": "https://facebook.com/61553058328812"
          }
        },
        {
          "timestamp": 1732983230,
          "data": {
            "name": "Peter Koundakjian",
            "uri": "https://facebook.com/100084892876983"
          }
        }
      ]
    },
    {
      "name": "\u00d9\u0085\u00d8\u00ac\u00d9\u0085\u00d9\u0088\u00d8\u00b9\u00d8\u00a7\u00d8\u00aa \u00d9\u0082\u00d9\u0085\u00d8\u00aa \u00d8\u00a8\u00d8\u00b2\u00d9\u008a\u00d8\u00a7\u00d8\u00b1\u00d8\u00aa\u00d9\u0087\u00d8\u00a7",
      "description": "\u00d9\u0085\u00d8\u00ac\u00d9\u0085\u00d9\u0088\u00d8\u00b9\u00d8\u00a7\u00d8\u00aa \u00d9\u0082\u00d9\u0085\u00d8\u00aa \u00d8\u00a8\u00d8\u00b2\u00d9\u008a\u00d8\u00a7\u00d8\u00b1\u00d8\u00aa\u00d9\u0087\u00d8\u00a7 \u00d9\u0085\u00d8\u00a4\u00d8\u00ae\u00d8\u00b1\u00d9\u008b\u00d8\u00a7",
      "entries": [
        {
          "timestamp": 1716733548,
          "data": {
            "name": "\u00e3\u0080\u008a\u00d9\u0081\u00d8\u00b1\u00d9\u008a \u00d9\u0081\u00d8\u00a7\u00d9\u008a\u00d8\u00b1 \u00f0\u009f\u0087\u00b8\u00f0\u009f\u0087\u00a9 SUDAN\u00e3\u0080\u008b",
            "uri": "https://www.facebook.com/groups/1483266975591936/"
          }
        }
      ]
    },
    {
      "name": "\u00d8\u00b2\u00d9\u008a\u00d8\u00a7\u00d8\u00b1\u00d8\u00a7\u00d8\u00aa Marketplace",
      "description": "\u00d8\u00aa\u00d9\u0088\u00d8\u00a7\u00d8\u00b1\u00d9\u008a\u00d8\u00ae \u00d8\u00b2\u00d9\u008a\u00d8\u00a7\u00d8\u00b1\u00d8\u00aa\u00d9\u0083 \u00d9\u0084\u00d9\u0085\u00d9\u008a\u00d8\u00b2\u00d8\u00a9 Marketplace",
      "entries": [
        {
          "data": {
            "value": "\u00e2\u0080\u008f\u00d9\u00a1\u00d9\u00a8\u00e2\u0080\u008f/\u00d9\u00a1\u00d9\u00a2\u00e2\u0080\u008f/\u00d9\u00a2\u00d9\u00a0\u00d9\u00a2\u00d9\u00a4\u00e2\u0080\u008f"
          }
        },
        {
          "data": {
            "value": "\u00e2\u0080\u008f\u00d9\u00a1\u00d9\u00a3\u00e2\u0080\u008f/\u00d9\u00a1\u00d9\u00a2\u00e2\u0080\u008f/\u00d9\u00a2\u00d9\u00a0\u00d9\u00a2\u00d9\u00a4\u00e2\u0080\u008f"
          }
        },
        {
          "data": {
            "value": "\u00e2\u0080\u008f\u00d9\u00a3\u00d9\u00a1\u00e2\u0080\u008f/\u00d9\u00a1\u00d9\u00a0\u00e2\u0080\u008f/\u00d9\u00a2\u00d9\u00a0\u00d9\u00a2\u00d9\u00a4\u00e2\u0080\u008f"
          }
        },
        {
          "data": {
            "value": "\u00e2\u0080\u008f\u00d9\u00a2\u00d9\u00a1\u00e2\u0080\u008f/\u00d9\u00a0\u00d9\u00a6\u00e2\u0080\u008f/\u00d9\u00a2\u00d9\u00a0\u00d9\u00a2\u00d9\u00a4\u00e2\u0080\u008f"
          }
        },
        {
          "data": {
            "value": "\u00e2\u0080\u008f\u00d9\u00a2\u00d9\u00a0\u00e2\u0080\u008f/\u00d9\u00a0\u00d9\u00a6\u00e2\u0080\u008f/\u00d9\u00a2\u00d9\u00a0\u00d9\u00a2\u00d9\u00a4\u00e2\u0080\u008f"
          }
        },
        {
          "data": {
            "value": "\u00e2\u0080\u008f\u00d9\u00a1\u00d9\u00a8\u00e2\u0080\u008f/\u00d9\u00a0\u00d9\u00a6\u00e2\u0080\u008f/\u00d9\u00a2\u00d9\u00a0\u00d9\u00a2\u00d9\u00a4\u00e2\u0080\u008f"
          }
        },
        {
          "data": {
            "value": "\u00e2\u0080\u008f\u00d9\u00a1\u00d9\u00a7\u00e2\u0080\u008f/\u00d9\u00a0\u00d9\u00a6\u00e2\u0080\u008f/\u00d9\u00a2\u00d9\u00a0\u00d9\u00a2\u00d9\u00a4\u00e2\u0080\u008f"
          }
        }
      ]
    }
  ]
}