{
  "timestamp": 1715896369,
  "media": [
    
  ],
  "label_values": [
    {
      "ent_field_name": "Locale",
      "label": "\u00d8\u00a7\u00d9\u0084\u00d8\u00aa\u00d8\u00ba\u00d9\u008a\u00d9\u008a\u00d8\u00b1\u00d8\u00a7\u00d8\u00aa \u00d8\u00b9\u00d9\u0084\u00d9\u0089 \u00d8\u00a5\u00d8\u00b9\u00d8\u00af\u00d8\u00a7\u00d8\u00af\u00d8\u00a7\u00d8\u00aa \u00d9\u0084\u00d8\u00ba\u00d8\u00aa\u00d9\u0083",
      "vec": [
        {
          "dict": [
            {
              "label": "\u00d8\u00a7\u00d9\u0084\u00d8\u00b7\u00d8\u00a7\u00d8\u00a8\u00d8\u00b9 \u00d8\u00a7\u00d9\u0084\u00d8\u00b2\u00d9\u0085\u00d9\u0086\u00d9\u008a",
              "timestamp_value": 1715896356
            },
            {
              "label": "\u00d8\u00a7\u00d9\u0084\u00d9\u0084\u00d8\u00ba\u00d8\u00a9",
              "value": "\u00d8\u00a7\u00d9\u0084\u00d8\u00b9\u00d8\u00b1\u00d8\u00a8\u00d9\u008a\u00d8\u00a9"
            }
          ]
        }
      ]
    }
  ],
  "fbid": "1908629206256330",
  "ent_name": "EntLocaleHistory"
}