[
  {
    "media": [
      
    ],
    "label_values": [
      {
        "ent_field_name": "LastUpdateTime",
        "label": "\u00d9\u0088\u00d9\u0082\u00d8\u00aa \u00d8\u00a7\u00d9\u0084\u00d8\u00aa\u00d8\u00ad\u00d8\u00af\u00d9\u008a\u00d8\u00ab",
        "timestamp_value": 1734537880
      },
      {
        "ent_field_name": "AuthorizationStatus",
        "label": "\u00d8\u00ad\u00d8\u00a7\u00d9\u0084\u00d8\u00a9 \u00d8\u00a7\u00d9\u0084\u00d8\u00aa\u00d8\u00b5\u00d8\u00b1\u00d9\u008a\u00d8\u00ad",
        "value": "\u00d9\u0082\u00d9\u008a\u00d8\u00af \u00d8\u00a7\u00d9\u0084\u00d8\u00aa\u00d8\u00b4\u00d8\u00ba\u00d9\u008a\u00d9\u0084"
      },
      {
        "ent_field_name": "SoundSetting",
        "label": "\u00d8\u00a5\u00d8\u00b9\u00d8\u00af\u00d8\u00a7\u00d8\u00af \u00d8\u00a7\u00d9\u0084\u00d8\u00b5\u00d9\u0088\u00d8\u00aa",
        "value": "\u00e2\u0080\u008eUnknown\u00e2\u0080\u008e"
      },
      {
        "ent_field_name": "BadgeSetting",
        "label": "\u00d8\u00a5\u00d8\u00b9\u00d8\u00af\u00d8\u00a7\u00d8\u00af \u00d8\u00a7\u00d9\u0084\u00d8\u00b4\u00d8\u00a7\u00d8\u00b1\u00d8\u00a9",
        "value": "\u00d9\u0082\u00d9\u008a\u00d8\u00af \u00d8\u00a7\u00d9\u0084\u00d8\u00aa\u00d8\u00b4\u00d8\u00ba\u00d9\u008a\u00d9\u0084"
      },
      {
        "ent_field_name": "AlertSetting",
        "label": "\u00d8\u00a5\u00d8\u00b9\u00d8\u00af\u00d8\u00a7\u00d8\u00af \u00d8\u00a7\u00d9\u0084\u00d8\u00aa\u00d9\u0086\u00d8\u00a8\u00d9\u008a\u00d9\u0087",
        "value": "\u00e2\u0080\u008eUnknown\u00e2\u0080\u008e"
      },
      {
        "ent_field_name": "NotificationCenterSetting",
        "label": "\u00d8\u00a5\u00d8\u00b9\u00d8\u00af\u00d8\u00a7\u00d8\u00af \u00d9\u0085\u00d8\u00b1\u00d9\u0083\u00d8\u00b2 \u00d8\u00a7\u00d9\u0084\u00d8\u00a5\u00d8\u00b4\u00d8\u00b9\u00d8\u00a7\u00d8\u00b1\u00d8\u00a7\u00d8\u00aa",
        "value": "\u00e2\u0080\u008eUnknown\u00e2\u0080\u008e"
      },
      {
        "ent_field_name": "LockScreenSetting",
        "label": "\u00d8\u00a5\u00d8\u00b9\u00d8\u00af\u00d8\u00a7\u00d8\u00af \u00d8\u00b4\u00d8\u00a7\u00d8\u00b4\u00d8\u00a9 \u00d8\u00a7\u00d9\u0084\u00d9\u0082\u00d9\u0081\u00d9\u0084",
        "value": "\u00e2\u0080\u008eUnknown\u00e2\u0080\u008e"
      },
      {
        "ent_field_name": "CarPlaySetting",
        "label": "\u00d8\u00a5\u00d8\u00b9\u00d8\u00af\u00d8\u00a7\u00d8\u00af CarPlay",
        "value": "\u00e2\u0080\u008eUnknown\u00e2\u0080\u008e"
      },
      {
        "ent_field_name": "AlertStyle",
        "label": "\u00d8\u00a5\u00d8\u00b9\u00d8\u00af\u00d8\u00a7\u00d8\u00af \u00d9\u0086\u00d9\u0085\u00d8\u00b7 \u00d8\u00a7\u00d9\u0084\u00d8\u00aa\u00d9\u0086\u00d8\u00a8\u00d9\u008a\u00d9\u0087",
        "value": "0"
      },
      {
        "ent_field_name": "TimeSensitiveSetting",
        "label": "\u00d8\u00a7\u00d9\u0084\u00d8\u00b3\u00d9\u0085\u00d8\u00a7\u00d8\u00ad \u00d8\u00a8\u00d8\u00a5\u00d8\u00b4\u00d8\u00b9\u00d8\u00a7\u00d8\u00b1\u00d8\u00a7\u00d8\u00aa \u00d9\u008a\u00d9\u0085\u00d8\u00ab\u00d9\u0084 \u00d8\u00a7\u00d9\u0084\u00d9\u0088\u00d9\u0082\u00d8\u00aa \u00d8\u00b9\u00d8\u00a7\u00d9\u0085\u00d9\u0084\u00d8\u00a7\u00d9\u008b \u00d9\u0085\u00d9\u0087\u00d9\u0085\u00d9\u008b\u00d8\u00a7 \u00d9\u0081\u00d9\u008a\u00d9\u0087\u00d8\u00a7",
        "value": "\u00e2\u0080\u008eUnknown\u00e2\u0080\u008e"
      }
    ],
    "fbid": "122151878882333708",
    "ent_name": "EntOSPushSetting"
  },
  {
    "media": [
      
    ],
    "label_values": [
      {
        "ent_field_name": "LastUpdateTime",
        "label": "\u00d9\u0088\u00d9\u0082\u00d8\u00aa \u00d8\u00a7\u00d9\u0084\u00d8\u00aa\u00d8\u00ad\u00d8\u00af\u00d9\u008a\u00d8\u00ab",
        "timestamp_value": 1734523370
      },
      {
        "ent_field_name": "AuthorizationStatus",
        "label": "\u00d8\u00ad\u00d8\u00a7\u00d9\u0084\u00d8\u00a9 \u00d8\u00a7\u00d9\u0084\u00d8\u00aa\u00d8\u00b5\u00d8\u00b1\u00d9\u008a\u00d8\u00ad",
        "value": "\u00d9\u0082\u00d9\u008a\u00d8\u00af \u00d8\u00a7\u00d9\u0084\u00d8\u00aa\u00d8\u00b4\u00d8\u00ba\u00d9\u008a\u00d9\u0084"
      },
      {
        "ent_field_name": "SoundSetting",
        "label": "\u00d8\u00a5\u00d8\u00b9\u00d8\u00af\u00d8\u00a7\u00d8\u00af \u00d8\u00a7\u00d9\u0084\u00d8\u00b5\u00d9\u0088\u00d8\u00aa",
        "value": "\u00e2\u0080\u008eUnknown\u00e2\u0080\u008e"
      },
      {
        "ent_field_name": "BadgeSetting",
        "label": "\u00d8\u00a5\u00d8\u00b9\u00d8\u00af\u00d8\u00a7\u00d8\u00af \u00d8\u00a7\u00d9\u0084\u00d8\u00b4\u00d8\u00a7\u00d8\u00b1\u00d8\u00a9",
        "value": "\u00d9\u0082\u00d9\u008a\u00d8\u00af \u00d8\u00a7\u00d9\u0084\u00d8\u00aa\u00d8\u00b4\u00d8\u00ba\u00d9\u008a\u00d9\u0084"
      },
      {
        "ent_field_name": "AlertSetting",
        "label": "\u00d8\u00a5\u00d8\u00b9\u00d8\u00af\u00d8\u00a7\u00d8\u00af \u00d8\u00a7\u00d9\u0084\u00d8\u00aa\u00d9\u0086\u00d8\u00a8\u00d9\u008a\u00d9\u0087",
        "value": "\u00e2\u0080\u008eUnknown\u00e2\u0080\u008e"
      },
      {
        "ent_field_name": "NotificationCenterSetting",
        "label": "\u00d8\u00a5\u00d8\u00b9\u00d8\u00af\u00d8\u00a7\u00d8\u00af \u00d9\u0085\u00d8\u00b1\u00d9\u0083\u00d8\u00b2 \u00d8\u00a7\u00d9\u0084\u00d8\u00a5\u00d8\u00b4\u00d8\u00b9\u00d8\u00a7\u00d8\u00b1\u00d8\u00a7\u00d8\u00aa",
        "value": "\u00e2\u0080\u008eUnknown\u00e2\u0080\u008e"
      },
      {
        "ent_field_name": "LockScreenSetting",
        "label": "\u00d8\u00a5\u00d8\u00b9\u00d8\u00af\u00d8\u00a7\u00d8\u00af \u00d8\u00b4\u00d8\u00a7\u00d8\u00b4\u00d8\u00a9 \u00d8\u00a7\u00d9\u0084\u00d9\u0082\u00d9\u0081\u00d9\u0084",
        "value": "\u00e2\u0080\u008eUnknown\u00e2\u0080\u008e"
      },
      {
        "ent_field_name": "CarPlaySetting",
        "label": "\u00d8\u00a5\u00d8\u00b9\u00d8\u00af\u00d8\u00a7\u00d8\u00af CarPlay",
        "value": "\u00e2\u0080\u008eUnknown\u00e2\u0080\u008e"
      },
      {
        "ent_field_name": "AlertStyle",
        "label": "\u00d8\u00a5\u00d8\u00b9\u00d8\u00af\u00d8\u00a7\u00d8\u00af \u00d9\u0086\u00d9\u0085\u00d8\u00b7 \u00d8\u00a7\u00d9\u0084\u00d8\u00aa\u00d9\u0086\u00d8\u00a8\u00d9\u008a\u00d9\u0087",
        "value": "0"
      },
      {
        "ent_field_name": "TimeSensitiveSetting",
        "label": "\u00d8\u00a7\u00d9\u0084\u00d8\u00b3\u00d9\u0085\u00d8\u00a7\u00d8\u00ad \u00d8\u00a8\u00d8\u00a5\u00d8\u00b4\u00d8\u00b9\u00d8\u00a7\u00d8\u00b1\u00d8\u00a7\u00d8\u00aa \u00d9\u008a\u00d9\u0085\u00d8\u00ab\u00d9\u0084 \u00d8\u00a7\u00d9\u0084\u00d9\u0088\u00d9\u0082\u00d8\u00aa \u00d8\u00b9\u00d8\u00a7\u00d9\u0085\u00d9\u0084\u00d8\u00a7\u00d9\u008b \u00d9\u0085\u00d9\u0087\u00d9\u0085\u00d9\u008b\u00d8\u00a7 \u00d9\u0081\u00d9\u008a\u00d9\u0087\u00d8\u00a7",
        "value": "\u00e2\u0080\u008eUnknown\u00e2\u0080\u008e"
      }
    ],
    "fbid": "122151844082333708",
    "ent_name": "EntOSPushSetting"
  },
  {
    "media": [
      
    ],
    "label_values": [
      {
        "ent_field_name": "LastUpdateTime",
        "label": "\u00d9\u0088\u00d9\u0082\u00d8\u00aa \u00d8\u00a7\u00d9\u0084\u00d8\u00aa\u00d8\u00ad\u00d8\u00af\u00d9\u008a\u00d8\u00ab",
        "timestamp_value": 1727166798
      },
      {
        "ent_field_name": "AuthorizationStatus",
        "label": "\u00d8\u00ad\u00d8\u00a7\u00d9\u0084\u00d8\u00a9 \u00d8\u00a7\u00d9\u0084\u00d8\u00aa\u00d8\u00b5\u00d8\u00b1\u00d9\u008a\u00d8\u00ad",
        "value": "\u00d9\u0082\u00d9\u008a\u00d8\u00af \u00d8\u00a7\u00d9\u0084\u00d8\u00aa\u00d8\u00b4\u00d8\u00ba\u00d9\u008a\u00d9\u0084"
      },
      {
        "ent_field_name": "SoundSetting",
        "label": "\u00d8\u00a5\u00d8\u00b9\u00d8\u00af\u00d8\u00a7\u00d8\u00af \u00d8\u00a7\u00d9\u0084\u00d8\u00b5\u00d9\u0088\u00d8\u00aa",
        "value": "\u00e2\u0080\u008eUnknown\u00e2\u0080\u008e"
      },
      {
        "ent_field_name": "BadgeSetting",
        "label": "\u00d8\u00a5\u00d8\u00b9\u00d8\u00af\u00d8\u00a7\u00d8\u00af \u00d8\u00a7\u00d9\u0084\u00d8\u00b4\u00d8\u00a7\u00d8\u00b1\u00d8\u00a9",
        "value": "\u00d9\u0082\u00d9\u008a\u00d8\u00af \u00d8\u00a7\u00d9\u0084\u00d8\u00aa\u00d8\u00b4\u00d8\u00ba\u00d9\u008a\u00d9\u0084"
      },
      {
        "ent_field_name": "AlertSetting",
        "label": "\u00d8\u00a5\u00d8\u00b9\u00d8\u00af\u00d8\u00a7\u00d8\u00af \u00d8\u00a7\u00d9\u0084\u00d8\u00aa\u00d9\u0086\u00d8\u00a8\u00d9\u008a\u00d9\u0087",
        "value": "\u00e2\u0080\u008eUnknown\u00e2\u0080\u008e"
      },
      {
        "ent_field_name": "NotificationCenterSetting",
        "label": "\u00d8\u00a5\u00d8\u00b9\u00d8\u00af\u00d8\u00a7\u00d8\u00af \u00d9\u0085\u00d8\u00b1\u00d9\u0083\u00d8\u00b2 \u00d8\u00a7\u00d9\u0084\u00d8\u00a5\u00d8\u00b4\u00d8\u00b9\u00d8\u00a7\u00d8\u00b1\u00d8\u00a7\u00d8\u00aa",
        "value": "\u00e2\u0080\u008eUnknown\u00e2\u0080\u008e"
      },
      {
        "ent_field_name": "LockScreenSetting",
        "label": "\u00d8\u00a5\u00d8\u00b9\u00d8\u00af\u00d8\u00a7\u00d8\u00af \u00d8\u00b4\u00d8\u00a7\u00d8\u00b4\u00d8\u00a9 \u00d8\u00a7\u00d9\u0084\u00d9\u0082\u00d9\u0081\u00d9\u0084",
        "value": "\u00e2\u0080\u008eUnknown\u00e2\u0080\u008e"
      },
      {
        "ent_field_name": "CarPlaySetting",
        "label": "\u00d8\u00a5\u00d8\u00b9\u00d8\u00af\u00d8\u00a7\u00d8\u00af CarPlay",
        "value": "\u00e2\u0080\u008eUnknown\u00e2\u0080\u008e"
      },
      {
        "ent_field_name": "AlertStyle",
        "label": "\u00d8\u00a5\u00d8\u00b9\u00d8\u00af\u00d8\u00a7\u00d8\u00af \u00d9\u0086\u00d9\u0085\u00d8\u00b7 \u00d8\u00a7\u00d9\u0084\u00d8\u00aa\u00d9\u0086\u00d8\u00a8\u00d9\u008a\u00d9\u0087",
        "value": "0"
      },
      {
        "ent_field_name": "TimeSensitiveSetting",
        "label": "\u00d8\u00a7\u00d9\u0084\u00d8\u00b3\u00d9\u0085\u00d8\u00a7\u00d8\u00ad \u00d8\u00a8\u00d8\u00a5\u00d8\u00b4\u00d8\u00b9\u00d8\u00a7\u00d8\u00b1\u00d8\u00a7\u00d8\u00aa \u00d9\u008a\u00d9\u0085\u00d8\u00ab\u00d9\u0084 \u00d8\u00a7\u00d9\u0084\u00d9\u0088\u00d9\u0082\u00d8\u00aa \u00d8\u00b9\u00d8\u00a7\u00d9\u0085\u00d9\u0084\u00d8\u00a7\u00d9\u008b \u00d9\u0085\u00d9\u0087\u00d9\u0085\u00d9\u008b\u00d8\u00a7 \u00d9\u0081\u00d9\u008a\u00d9\u0087\u00d8\u00a7",
        "value": "\u00e2\u0080\u008eUnknown\u00e2\u0080\u008e"
      }
    ],
    "fbid": "122135550002333708",
    "ent_name": "EntOSPushSetting"
  },
  {
    "media": [
      
    ],
    "label_values": [
      {
        "ent_field_name": "LastUpdateTime",
        "label": "\u00d9\u0088\u00d9\u0082\u00d8\u00aa \u00d8\u00a7\u00d9\u0084\u00d8\u00aa\u00d8\u00ad\u00d8\u00af\u00d9\u008a\u00d8\u00ab",
        "timestamp_value": 1727116512
      },
      {
        "ent_field_name": "AuthorizationStatus",
        "label": "\u00d8\u00ad\u00d8\u00a7\u00d9\u0084\u00d8\u00a9 \u00d8\u00a7\u00d9\u0084\u00d8\u00aa\u00d8\u00b5\u00d8\u00b1\u00d9\u008a\u00d8\u00ad",
        "value": "\u00d9\u0082\u00d9\u008a\u00d8\u00af \u00d8\u00a7\u00d9\u0084\u00d8\u00aa\u00d8\u00b4\u00d8\u00ba\u00d9\u008a\u00d9\u0084"
      },
      {
        "ent_field_name": "SoundSetting",
        "label": "\u00d8\u00a5\u00d8\u00b9\u00d8\u00af\u00d8\u00a7\u00d8\u00af \u00d8\u00a7\u00d9\u0084\u00d8\u00b5\u00d9\u0088\u00d8\u00aa",
        "value": "\u00e2\u0080\u008eUnknown\u00e2\u0080\u008e"
      },
      {
        "ent_field_name": "BadgeSetting",
        "label": "\u00d8\u00a5\u00d8\u00b9\u00d8\u00af\u00d8\u00a7\u00d8\u00af \u00d8\u00a7\u00d9\u0084\u00d8\u00b4\u00d8\u00a7\u00d8\u00b1\u00d8\u00a9",
        "value": "\u00d9\u0082\u00d9\u008a\u00d8\u00af \u00d8\u00a7\u00d9\u0084\u00d8\u00aa\u00d8\u00b4\u00d8\u00ba\u00d9\u008a\u00d9\u0084"
      },
      {
        "ent_field_name": "AlertSetting",
        "label": "\u00d8\u00a5\u00d8\u00b9\u00d8\u00af\u00d8\u00a7\u00d8\u00af \u00d8\u00a7\u00d9\u0084\u00d8\u00aa\u00d9\u0086\u00d8\u00a8\u00d9\u008a\u00d9\u0087",
        "value": "\u00e2\u0080\u008eUnknown\u00e2\u0080\u008e"
      },
      {
        "ent_field_name": "NotificationCenterSetting",
        "label": "\u00d8\u00a5\u00d8\u00b9\u00d8\u00af\u00d8\u00a7\u00d8\u00af \u00d9\u0085\u00d8\u00b1\u00d9\u0083\u00d8\u00b2 \u00d8\u00a7\u00d9\u0084\u00d8\u00a5\u00d8\u00b4\u00d8\u00b9\u00d8\u00a7\u00d8\u00b1\u00d8\u00a7\u00d8\u00aa",
        "value": "\u00e2\u0080\u008eUnknown\u00e2\u0080\u008e"
      },
      {
        "ent_field_name": "LockScreenSetting",
        "label": "\u00d8\u00a5\u00d8\u00b9\u00d8\u00af\u00d8\u00a7\u00d8\u00af \u00d8\u00b4\u00d8\u00a7\u00d8\u00b4\u00d8\u00a9 \u00d8\u00a7\u00d9\u0084\u00d9\u0082\u00d9\u0081\u00d9\u0084",
        "value": "\u00e2\u0080\u008eUnknown\u00e2\u0080\u008e"
      },
      {
        "ent_field_name": "CarPlaySetting",
        "label": "\u00d8\u00a5\u00d8\u00b9\u00d8\u00af\u00d8\u00a7\u00d8\u00af CarPlay",
        "value": "\u00e2\u0080\u008eUnknown\u00e2\u0080\u008e"
      },
      {
        "ent_field_name": "AlertStyle",
        "label": "\u00d8\u00a5\u00d8\u00b9\u00d8\u00af\u00d8\u00a7\u00d8\u00af \u00d9\u0086\u00d9\u0085\u00d8\u00b7 \u00d8\u00a7\u00d9\u0084\u00d8\u00aa\u00d9\u0086\u00d8\u00a8\u00d9\u008a\u00d9\u0087",
        "value": "0"
      },
      {
        "ent_field_name": "TimeSensitiveSetting",
        "label": "\u00d8\u00a7\u00d9\u0084\u00d8\u00b3\u00d9\u0085\u00d8\u00a7\u00d8\u00ad \u00d8\u00a8\u00d8\u00a5\u00d8\u00b4\u00d8\u00b9\u00d8\u00a7\u00d8\u00b1\u00d8\u00a7\u00d8\u00aa \u00d9\u008a\u00d9\u0085\u00d8\u00ab\u00d9\u0084 \u00d8\u00a7\u00d9\u0084\u00d9\u0088\u00d9\u0082\u00d8\u00aa \u00d8\u00b9\u00d8\u00a7\u00d9\u0085\u00d9\u0084\u00d8\u00a7\u00d9\u008b \u00d9\u0085\u00d9\u0087\u00d9\u0085\u00d9\u008b\u00d8\u00a7 \u00d9\u0081\u00d9\u008a\u00d9\u0087\u00d8\u00a7",
        "value": "\u00e2\u0080\u008eUnknown\u00e2\u0080\u008e"
      }
    ],
    "fbid": "122135460338333708",
    "ent_name": "EntOSPushSetting"
  },
  {
    "media": [
      
    ],
    "label_values": [
      {
        "ent_field_name": "LastUpdateTime",
        "label": "\u00d9\u0088\u00d9\u0082\u00d8\u00aa \u00d8\u00a7\u00d9\u0084\u00d8\u00aa\u00d8\u00ad\u00d8\u00af\u00d9\u008a\u00d8\u00ab",
        "timestamp_value": 1715930981
      },
      {
        "ent_field_name": "AuthorizationStatus",
        "label": "\u00d8\u00ad\u00d8\u00a7\u00d9\u0084\u00d8\u00a9 \u00d8\u00a7\u00d9\u0084\u00d8\u00aa\u00d8\u00b5\u00d8\u00b1\u00d9\u008a\u00d8\u00ad",
        "value": "\u00d9\u0082\u00d9\u008a\u00d8\u00af \u00d8\u00a7\u00d9\u0084\u00d8\u00aa\u00d8\u00b4\u00d8\u00ba\u00d9\u008a\u00d9\u0084"
      },
      {
        "ent_field_name": "SoundSetting",
        "label": "\u00d8\u00a5\u00d8\u00b9\u00d8\u00af\u00d8\u00a7\u00d8\u00af \u00d8\u00a7\u00d9\u0084\u00d8\u00b5\u00d9\u0088\u00d8\u00aa",
        "value": "\u00e2\u0080\u008eUnknown\u00e2\u0080\u008e"
      },
      {
        "ent_field_name": "BadgeSetting",
        "label": "\u00d8\u00a5\u00d8\u00b9\u00d8\u00af\u00d8\u00a7\u00d8\u00af \u00d8\u00a7\u00d9\u0084\u00d8\u00b4\u00d8\u00a7\u00d8\u00b1\u00d8\u00a9",
        "value": "\u00d9\u0082\u00d9\u008a\u00d8\u00af \u00d8\u00a7\u00d9\u0084\u00d8\u00aa\u00d8\u00b4\u00d8\u00ba\u00d9\u008a\u00d9\u0084"
      },
      {
        "ent_field_name": "AlertSetting",
        "label": "\u00d8\u00a5\u00d8\u00b9\u00d8\u00af\u00d8\u00a7\u00d8\u00af \u00d8\u00a7\u00d9\u0084\u00d8\u00aa\u00d9\u0086\u00d8\u00a8\u00d9\u008a\u00d9\u0087",
        "value": "\u00e2\u0080\u008eUnknown\u00e2\u0080\u008e"
      },
      {
        "ent_field_name": "NotificationCenterSetting",
        "label": "\u00d8\u00a5\u00d8\u00b9\u00d8\u00af\u00d8\u00a7\u00d8\u00af \u00d9\u0085\u00d8\u00b1\u00d9\u0083\u00d8\u00b2 \u00d8\u00a7\u00d9\u0084\u00d8\u00a5\u00d8\u00b4\u00d8\u00b9\u00d8\u00a7\u00d8\u00b1\u00d8\u00a7\u00d8\u00aa",
        "value": "\u00e2\u0080\u008eUnknown\u00e2\u0080\u008e"
      },
      {
        "ent_field_name": "LockScreenSetting",
        "label": "\u00d8\u00a5\u00d8\u00b9\u00d8\u00af\u00d8\u00a7\u00d8\u00af \u00d8\u00b4\u00d8\u00a7\u00d8\u00b4\u00d8\u00a9 \u00d8\u00a7\u00d9\u0084\u00d9\u0082\u00d9\u0081\u00d9\u0084",
        "value": "\u00e2\u0080\u008eUnknown\u00e2\u0080\u008e"
      },
      {
        "ent_field_name": "CarPlaySetting",
        "label": "\u00d8\u00a5\u00d8\u00b9\u00d8\u00af\u00d8\u00a7\u00d8\u00af CarPlay",
        "value": "\u00e2\u0080\u008eUnknown\u00e2\u0080\u008e"
      },
      {
        "ent_field_name": "AlertStyle",
        "label": "\u00d8\u00a5\u00d8\u00b9\u00d8\u00af\u00d8\u00a7\u00d8\u00af \u00d9\u0086\u00d9\u0085\u00d8\u00b7 \u00d8\u00a7\u00d9\u0084\u00d8\u00aa\u00d9\u0086\u00d8\u00a8\u00d9\u008a\u00d9\u0087",
        "value": "0"
      },
      {
        "ent_field_name": "TimeSensitiveSetting",
        "label": "\u00d8\u00a7\u00d9\u0084\u00d8\u00b3\u00d9\u0085\u00d8\u00a7\u00d8\u00ad \u00d8\u00a8\u00d8\u00a5\u00d8\u00b4\u00d8\u00b9\u00d8\u00a7\u00d8\u00b1\u00d8\u00a7\u00d8\u00aa \u00d9\u008a\u00d9\u0085\u00d8\u00ab\u00d9\u0084 \u00d8\u00a7\u00d9\u0084\u00d9\u0088\u00d9\u0082\u00d8\u00aa \u00d8\u00b9\u00d8\u00a7\u00d9\u0085\u00d9\u0084\u00d8\u00a7\u00d9\u008b \u00d9\u0085\u00d9\u0087\u00d9\u0085\u00d9\u008b\u00d8\u00a7 \u00d9\u0081\u00d9\u008a\u00d9\u0087\u00d8\u00a7",
        "value": "\u00e2\u0080\u008eUnknown\u00e2\u0080\u008e"
      }
    ],
    "fbid": "122093537192333708",
    "ent_name": "EntOSPushSetting"
  }
]