{
  "media": [
    
  ],
  "label_values": [
    {
      "ent_field_name": "StoryHighlightAudienceModeRaw",
      "label": "\u00d8\u00a5\u00d8\u00b9\u00d8\u00af\u00d8\u00a7\u00d8\u00af\u00d8\u00a7\u00d8\u00aa \u00d8\u00a7\u00d9\u0084\u00d8\u00ac\u00d9\u0085\u00d9\u0087\u00d9\u0088\u00d8\u00b1",
      "value": "\u00d8\u00a7\u00d9\u0084\u00d8\u00b9\u00d8\u00a7\u00d9\u0085\u00d8\u00a9"
    },
    {
      "ent_field_name": "HasEverCreatedHighlight",
      "label": "\u00e2\u0080\u008eStory highlight creation\u00e2\u0080\u008e",
      "value": "\u00d9\u0084\u00d9\u0085 \u00d8\u00aa\u00d9\u0082\u00d9\u0085 \u00d8\u00a8\u00d8\u00a5\u00d9\u0086\u00d8\u00b4\u00d8\u00a7\u00d8\u00a1 \u00d9\u0082\u00d8\u00b5\u00d8\u00a9 \u00d8\u00a8\u00d8\u00a7\u00d8\u00b1\u00d8\u00b2\u00d8\u00a9"
    },
    {
      "ent_field_name": "HighlightIDOrder",
      "label": "\u00d8\u00a7\u00d9\u0084\u00d9\u0082\u00d8\u00b5\u00d8\u00b5 \u00d8\u00a7\u00d9\u0084\u00d8\u00aa\u00d9\u008a \u00d8\u00aa\u00d9\u0085\u00d8\u00aa \u00d8\u00a5\u00d8\u00b6\u00d8\u00a7\u00d9\u0081\u00d8\u00aa\u00d9\u0087\u00d8\u00a7",
      "media": [
        
      ]
    },
    {
      "ent_field_name": "PrivacyModeAudienceTime",
      "label": "\u00e2\u0080\u008eThe last time you made changes to these settings\u00e2\u0080\u008e",
      "timestamp_value": 1734186425
    }
  ],
  "fbid": "122093924894333708",
  "ent_name": "EntStoryHighlightPreferences"
}