{
  "media": [
    
  ],
  "label_values": [
    {
      "ent_field_name": "UntranslatedNameRaw",
      "label": "\u00d8\u00a7\u00d9\u0084\u00d8\u00a7\u00d8\u00b3\u00d9\u0085",
      "value": "\u00d8\u00a7\u00d9\u0084\u00d8\u00b3\u00d9\u0088\u00d9\u0082 \u00d8\u00a7\u00d9\u0084\u00d8\u00b3\u00d9\u0088\u00d8\u00b1\u00d9\u008a \u00d9\u0084\u00d8\u00aa\u00d8\u00b3\u00d9\u0088\u00d9\u008a\u00d9\u0082"
    },
    {
      "ent_field_name": "Time_INTERNAL_ONLY",
      "label": "\u00d8\u00a7\u00d9\u0084\u00d9\u0088\u00d9\u0082\u00d8\u00aa",
      "timestamp_value": 1716644274
    },
    {
      "ent_field_name": "Name",
      "label": "\u00d8\u00a7\u00d9\u0084\u00d8\u00a7\u00d8\u00b3\u00d9\u0085",
      "value": "\u00d8\u00a7\u00d9\u0084\u00d8\u00b9\u00d8\u00b3\u00d9\u0088\u00d9\u0084 \u00d9\u0085\u00d8\u00b4\u00d8\u00ba\u00d9\u0088\u00d9\u0084"
    },
    {
      "ent_field_name": "Time_INTERNAL_ONLY",
      "label": "\u00d8\u00a7\u00d9\u0084\u00d9\u0088\u00d9\u0082\u00d8\u00aa",
      "timestamp_value": 1716630102
    }
  ],
  "fbid": "122096654450333708",
  "ent_name": "EntFeedUnfollowList"
}