{
  "timestamp": 1718655995,
  "media": [
    
  ],
  "label_values": [
    {
      "ent_field_name": "UpdateTime",
      "label": "\u00d9\u0088\u00d9\u0082\u00d8\u00aa \u00d8\u00a7\u00d9\u0084\u00d8\u00aa\u00d8\u00ad\u00d8\u00af\u00d9\u008a\u00d8\u00ab",
      "timestamp_value": 1718655996
    },
    {
      "ent_field_name": "ConsentStatus",
      "label": "\u00d8\u00ad\u00d8\u00a7\u00d9\u0084\u00d8\u00a9 \u00d8\u00a7\u00d9\u0084\u00d9\u0085\u00d9\u0088\u00d8\u00a7\u00d9\u0081\u00d9\u0082\u00d8\u00a9",
      "value": "\u00d8\u00aa\u00d9\u0085 \u00d8\u00a7\u00d9\u0084\u00d8\u00a7\u00d8\u00b9\u00d8\u00aa\u00d8\u00b1\u00d8\u00a7\u00d8\u00b6"
    }
  ],
  "fbid": "7616963291690825",
  "ent_name": "ADSPRIVACYEntAFSConsentAnchor"
}