[
  {
    "timestamp": 1730458575,
    "media": [
      
    ],
    "label_values": [
      {
        "ent_field_name": "UnitType",
        "label": "\u00d8\u00a7\u00d9\u0084\u00d8\u00a5\u00d8\u00ac\u00d8\u00b1\u00d8\u00a7\u00d8\u00a1"
      },
      {
        "ent_field_name": "Title",
        "label": "\u00d8\u00a7\u00d9\u0084\u00d8\u00b9\u00d9\u0086\u00d9\u0088\u00d8\u00a7\u00d9\u0086",
        "value": "\u00d9\u0082\u00d8\u00a7\u00d8\u00b9\u00d8\u00a9 \u00d8\u00b1\u00d9\u0088\u00d9\u0084\u00d9\u0083\u00d8\u00b3 \u00d9\u0084\u00d9\u0084\u00d8\u00a3\u00d9\u0081\u00d8\u00b1\u00d8\u00a7\u00d8\u00ad \u00d9\u0088\u00d8\u00ac\u00d9\u0085\u00d9\u008a\u00d8\u00b9 \u00d8\u00a7\u00d9\u0084\u00d9\u0085\u00d9\u0086\u00d8\u00a7\u00d8\u00b3\u00d8\u00a8\u00d8\u00a7\u00d8\u00aa"
      }
    ],
    "fbid": "61560011240777:1730458575849996:120212225301050006:3:AdsHistoryData",
    "ent_name": "EntDYIAdsHistory"
  },
  {
    "timestamp": 1733398916,
    "media": [
      
    ],
    "label_values": [
      {
        "ent_field_name": "UnitType",
        "label": "\u00d8\u00a7\u00d9\u0084\u00d8\u00a5\u00d8\u00ac\u00d8\u00b1\u00d8\u00a7\u00d8\u00a1"
      },
      {
        "ent_field_name": "Title",
        "label": "\u00d8\u00a7\u00d9\u0084\u00d8\u00b9\u00d9\u0086\u00d9\u0088\u00d8\u00a7\u00d9\u0086",
        "value": "Play now for FREE!"
      }
    ],
    "fbid": "61560011240777:1733398916347213:23852306933170378:3:AdsHistoryData",
    "ent_name": "EntDYIAdsHistory"
  }
]