{
  "media": [
    
  ],
  "label_values": [
    {
      "ent_field_name": "CustomAudiences",
      "label": "\u00d9\u0082\u00d8\u00a7\u00d8\u00a6\u00d9\u0085\u00d8\u00a9 \u00d8\u00aa\u00d9\u0085 \u00d8\u00aa\u00d8\u00ad\u00d9\u0085\u00d9\u008a\u00d9\u0084\u00d9\u0087\u00d8\u00a7 \u00d8\u00a3\u00d9\u0088 \u00d8\u00a7\u00d8\u00b3\u00d8\u00aa\u00d8\u00ae\u00d8\u00af\u00d8\u00a7\u00d9\u0085\u00d9\u0087\u00d8\u00a7 \u00d8\u00a8\u00d9\u0088\u00d8\u00a7\u00d8\u00b3\u00d8\u00b7\u00d8\u00a9 \u00d8\u00a7\u00d9\u0084\u00d9\u0085\u00d8\u00b9\u00d9\u0084\u00d9\u0086",
      "vec": [
        {
          "value": "Wattpad"
        },
        {
          "value": "Powerwin"
        },
        {
          "value": "Alibaba advertising"
        },
        {
          "value": "Bluefocus"
        },
        {
          "value": "Meetsocial HK Digital Marketing Co.\u00ef\u00bc\u008cltd-1"
        },
        {
          "value": "Hong Kong Zoom Interactive Network Marketing Technology Limited"
        },
        {
          "value": "Yes I'am Nirmala"
        },
        {
          "value": "Uniagency"
        },
        {
          "value": "Shop Bahfgfgfgf"
        },
        {
          "value": "Hippotap"
        },
        {
          "value": "Lion Studios"
        },
        {
          "value": "Meta"
        },
        {
          "value": "Havas Play CH"
        },
        {
          "value": "SHEIN & Zoom-PC"
        },
        {
          "value": "Unilead News"
        },
        {
          "value": "SHEIN & Tec-Do-PC"
        },
        {
          "value": "JW PEI INT"
        },
        {
          "value": "SHEIN & Huntmobi-PC"
        },
        {
          "value": "SHEIN & Click-PC"
        },
        {
          "value": "SHEIN & Powerwin-PC"
        },
        {
          "value": "SHEIN & Meetsocial-PC"
        },
        {
          "value": "SHEIN & Bluevision-PC"
        },
        {
          "value": "HK luckstar"
        },
        {
          "value": "GIMC"
        },
        {
          "value": "Dream Games"
        },
        {
          "value": "Duolingo"
        },
        {
          "value": "Intermate Media GmbH"
        },
        {
          "value": "FB Growth Marketing"
        },
        {
          "value": "\u00d8\u00a3\u00d8\u00ad\u00d9\u0085\u00d8\u00af \u00d8\u00b3\u00d8\u00b9\u00d9\u008a\u00d8\u00af - Ahmed Said"
        },
        {
          "value": "Bidding Team"
        }
      ]
    },
    {
      "ent_field_name": "AdvertiserInteractions",
      "label": "\u00d8\u00aa\u00d9\u0081\u00d8\u00a7\u00d8\u00b9\u00d9\u0084\u00d8\u00a7\u00d8\u00aa\u00d9\u0083 \u00d9\u0085\u00d8\u00b9 \u00d9\u0085\u00d9\u0088\u00d9\u0082\u00d8\u00b9 \u00d8\u00a7\u00d9\u0084\u00d9\u0085\u00d8\u00b9\u00d9\u0084\u00d9\u0086 \u00d8\u00b9\u00d9\u0084\u00d9\u0089 \u00d8\u00a7\u00d9\u0084\u00d9\u0088\u00d9\u008a\u00d8\u00a8 \u00d8\u00a3\u00d9\u0088 \u00d8\u00aa\u00d8\u00b7\u00d8\u00a8\u00d9\u008a\u00d9\u0082\u00d9\u0087 \u00d8\u00a3\u00d9\u0088 \u00d9\u0085\u00d8\u00aa\u00d8\u00ac\u00d8\u00b1\u00d9\u0087",
      "vec": [
        {
          "value": "Wattpad"
        },
        {
          "value": "Powerwin"
        },
        {
          "value": "Alibaba advertising"
        },
        {
          "value": "Alibaba.com"
        },
        {
          "value": "Bluefocus"
        },
        {
          "value": "Namolinah"
        },
        {
          "value": "Imane"
        },
        {
          "value": "Sourcing on Alibaba.com"
        },
        {
          "value": "Xiamen Hexin Supply Chain Management Co., Ltd."
        },
        {
          "value": "SKZ International Co., Limited"
        },
        {
          "value": "Xiamen Lianfa Technology Corp., Ltd"
        },
        {
          "value": "Hong Kong Zoom Interactive Network Marketing Technology Limited"
        },
        {
          "value": "Triple Joy"
        },
        {
          "value": "Tile Master 3D"
        },
        {
          "value": "Uniagency"
        },
        {
          "value": "Sell on Alibaba.com"
        },
        {
          "value": "SHEIN & Zoom-PC"
        },
        {
          "value": "SHEIN & Tec-Do-PC"
        },
        {
          "value": "SHEIN & Huntmobi-PC"
        },
        {
          "value": "SHEIN & Click-PC"
        },
        {
          "value": "SHEIN MEN"
        },
        {
          "value": "SHEIN CURVE"
        },
        {
          "value": "SHEIN Vietnam"
        },
        {
          "value": "SHEIN"
        },
        {
          "value": "SHEIN KIDS"
        },
        {
          "value": "SHEIN Taiwan"
        },
        {
          "value": "SHEIN & Powerwin-PC"
        },
        {
          "value": "SHEIN JAPAN"
        },
        {
          "value": "MOTF"
        },
        {
          "value": "SHEIN Arabic"
        },
        {
          "value": "SHEIN Thailand"
        },
        {
          "value": "SHEIN Brasil"
        },
        {
          "value": "SHEIN Australia"
        },
        {
          "value": "SHEIN Philippines"
        },
        {
          "value": "PETSIN"
        },
        {
          "value": "SHEGLAM"
        },
        {
          "value": "SHEIN Mexico"
        },
        {
          "value": "SHEIN & Meetsocial-PC"
        },
        {
          "value": "cuccoofootwear"
        },
        {
          "value": "SHEINX"
        },
        {
          "value": "Glowmode"
        },
        {
          "value": "LUVLETTE"
        },
        {
          "value": "Dream Games"
        },
        {
          "value": "Royal Match"
        },
        {
          "value": "FreePlay LLC"
        },
        {
          "value": "FreePlay"
        },
        {
          "value": "Count \u00d0\u009caster"
        },
        {
          "value": "Count Masters"
        },
        {
          "value": "TOP 100 Free Games"
        },
        {
          "value": "Duolingo"
        },
        {
          "value": "Alexis De Anda"
        },
        {
          "value": "Take That"
        },
        {
          "value": "Simon Cowell"
        },
        {
          "value": "Royal Kingdom"
        },
        {
          "value": "DAZY"
        },
        {
          "value": "Tile Connect"
        },
        {
          "value": "Connect 3D"
        },
        {
          "value": "Tile Pop"
        },
        {
          "value": "Match 3 Tiles"
        },
        {
          "value": "Tile Farm"
        },
        {
          "value": "SHEIN France"
        },
        {
          "value": "SHEIN Malaysia"
        },
        {
          "value": "Cozycubofficial"
        },
        {
          "value": "SHEIN Singapore"
        },
        {
          "value": "SHEIN WIG"
        },
        {
          "value": "SHEIN Germany"
        },
        {
          "value": "SHEINkorea"
        },
        {
          "value": "SHEGLAMmiddleeast"
        },
        {
          "value": "SHEIN HOME"
        },
        {
          "value": "MorganKetzner"
        },
        {
          "value": "Irene Royo Iglesia"
        },
        {
          "value": "\u00f0\u009d\u0090\u00b8\u00f0\u009d\u0093\u0088\u00f0\u009d\u0093\u0089\u00f0\u009d\u0091\u0092\u00f0\u009d\u0093\u0081\u00f0\u009d\u0093\u0081\u00f0\u009d\u0091\u0092"
        },
        {
          "value": "Yarina Yao YouTube & Blog"
        },
        {
          "value": "Foutlet"
        },
        {
          "value": "syoghina"
        },
        {
          "value": "ROMWE"
        },
        {
          "value": "ROMWE Arabic"
        },
        {
          "value": "Friful_official"
        },
        {
          "value": "_emii.lyy_"
        },
        {
          "value": "Flor\u00e2\u0080\u0099UGC"
        },
        {
          "value": "Sali Chachanidze"
        },
        {
          "value": "AmandaMarie"
        },
        {
          "value": "Duygu page"
        },
        {
          "value": "Rasberry"
        },
        {
          "value": "claricemaiacalazans"
        },
        {
          "value": "Mnelafit"
        },
        {
          "value": "Alexkwillslay"
        },
        {
          "value": "Asia Zuk"
        },
        {
          "value": "Raymin"
        },
        {
          "value": "Alejandra Urrego - Modest Fashion"
        },
        {
          "value": "Missguided"
        },
        {
          "value": "DavStev"
        }
      ]
    }
  ],
  "fbid": "61560011240777",
  "ent_name": "EntFacebookPerson"
}