{
  "media": [
    
  ],
  "label_values": [
    {
      "ent_field_name": "TotalVpvs",
      "label": "\u00d9\u0085\u00d8\u00b4\u00d8\u00a7\u00d9\u0087\u00d8\u00af\u00d8\u00a7\u00d8\u00aa \u00d8\u00a7\u00d9\u0084\u00d9\u0082\u00d8\u00b5\u00d8\u00a9 \u00d8\u00ae\u00d9\u0084\u00d8\u00a7\u00d9\u0084 \u00d8\u00a2\u00d8\u00ae\u00d8\u00b1 7 \u00d8\u00a3\u00d9\u008a\u00d8\u00a7\u00d9\u0085",
      "value": "89"
    }
  ],
  "fbid": "61560011240777",
  "ent_name": "EntBrandSafetyFeedViewerInventoryScore"
}