[
  {
    "media": [
      
    ],
    "label_values": [
      {
        "ent_field_name": "CreationTime",
        "label": "\u00d9\u0088\u00d9\u0082\u00d8\u00aa \u00d8\u00a7\u00d9\u0084\u00d8\u00aa\u00d8\u00ad\u00d9\u0088\u00d9\u008a\u00d9\u0084",
        "timestamp_value": 1734504013
      }
    ],
    "fbid": "1670786537180201",
    "ent_name": "EntPaidAdsRecentConversion"
  },
  {
    "media": [
      
    ],
    "label_values": [
      {
        "ent_field_name": "CreationTime",
        "label": "\u00d9\u0088\u00d9\u0082\u00d8\u00aa \u00d8\u00a7\u00d9\u0084\u00d8\u00aa\u00d8\u00ad\u00d9\u0088\u00d9\u008a\u00d9\u0084",
        "timestamp_value": 1734049412
      }
    ],
    "fbid": "1221823178887940",
    "ent_name": "EntPaidAdsRecentConversion"
  },
  {
    "media": [
      
    ],
    "label_values": [
      {
        "ent_field_name": "CreationTime",
        "label": "\u00d9\u0088\u00d9\u0082\u00d8\u00aa \u00d8\u00a7\u00d9\u0084\u00d8\u00aa\u00d8\u00ad\u00d9\u0088\u00d9\u008a\u00d9\u0084",
        "timestamp_value": 1733683638
      }
    ],
    "fbid": "1087815539313488",
    "ent_name": "EntPaidAdsRecentConversion"
  }
]