[
  {
    "timestamp": 1721633150,
    "media": [
      
    ],
    "label_values": [
      {
        "ent_field_name": "Name",
        "label": "\u00d8\u00a7\u00d9\u0084\u00d8\u00a7\u00d8\u00b3\u00d9\u0085",
        "value": "\u00d8\u00a8\u00d8\u00b4\u00d8\u00a7\u00d8\u00b1 \u00d8\u00a7\u00d9\u0084\u00d8\u00b9\u00d8\u00b2\u00d8\u00a7\u00d9\u0086\u00d9\u008a"
      }
    ],
    "fbid": "100042888005579",
    "ent_name": "EntFacebookPerson"
  },
  {
    "timestamp": 1717326493,
    "media": [
      
    ],
    "label_values": [
      {
        "ent_field_name": "Name",
        "label": "\u00d8\u00a7\u00d9\u0084\u00d8\u00a7\u00d8\u00b3\u00d9\u0085",
        "value": "\u00d8\u00b3\u00d8\u00a7\u00d8\u00b1\u00d9\u0087 \u00d9\u0085\u00d8\u00ad\u00d9\u0085\u00d8\u00af"
      }
    ],
    "fbid": "100092572290257",
    "ent_name": "EntFacebookPerson"
  },
  {
    "timestamp": 1716630349,
    "media": [
      
    ],
    "label_values": [
      {
        "ent_field_name": "Name",
        "label": "\u00d8\u00a7\u00d9\u0084\u00d8\u00a7\u00d8\u00b3\u00d9\u0085",
        "value": "Park Resho"
      }
    ],
    "fbid": "61560011240777",
    "ent_name": "EntFacebookPerson"
  }
]