[
  {
    "timestamp": 1717246841,
    "media": [
      
    ],
    "label_values": [
      {
        "ent_field_name": "PromotionOrCampaignCoordinatorId",
        "label": "\u00d8\u00b1\u00d8\u00b3\u00d8\u00a7\u00d9\u0084\u00d8\u00a9",
        "value": "\u00e2\u0080\u008f\u00e2\u0080\u008e\u00d8\u00a5\u00d8\u00b6\u00d8\u00a7\u00d9\u0081\u00d8\u00a9 \u00d8\u00b1\u00d9\u0082\u00d9\u0085 \u00d9\u0087\u00d8\u00a7\u00d8\u00aa\u00d9\u0081\u00d9\u0083\u00e2\u0080\u008e\u00e2\u0080\u008f"
      },
      {
        "ent_field_name": "Action",
        "label": "\u00d9\u0086\u00d9\u0088\u00d8\u00b9 \u00d8\u00a7\u00d9\u0084\u00d9\u0086\u00d9\u0082\u00d8\u00b1",
        "value": "\u00e2\u0080\u008ePrimary Click\u00e2\u0080\u008e"
      },
      {
        "ent_field_name": "Count",
        "label": "\u00d8\u00a7\u00d9\u0084\u00d8\u00b9\u00d8\u00af\u00d8\u00af",
        "value": "1"
      }
    ],
    "fbid": "935800519872786:61560011240777:pri",
    "ent_name": "QPEntUserActionKeyToQP"
  },
  {
    "timestamp": 1717335631,
    "media": [
      
    ],
    "label_values": [
      {
        "ent_field_name": "PromotionOrCampaignCoordinatorId",
        "label": "\u00d8\u00b1\u00d8\u00b3\u00d8\u00a7\u00d9\u0084\u00d8\u00a9",
        "value": "\u00d8\u00b9\u00d9\u0086\u00d9\u0088\u00d8\u00a7\u00d9\u0086 \u00d9\u0088\u00d9\u0087\u00d9\u0085\u00d9\u008a"
      },
      {
        "ent_field_name": "Action",
        "label": "\u00d9\u0086\u00d9\u0088\u00d8\u00b9 \u00d8\u00a7\u00d9\u0084\u00d9\u0086\u00d9\u0082\u00d8\u00b1",
        "value": "\u00e2\u0080\u008ePrimary Click\u00e2\u0080\u008e"
      },
      {
        "ent_field_name": "Count",
        "label": "\u00d8\u00a7\u00d9\u0084\u00d8\u00b9\u00d8\u00af\u00d8\u00af",
        "value": "1"
      }
    ],
    "fbid": "221311439928915:61560011240777:pri",
    "ent_name": "QPEntUserActionKeyToQP"
  },
  {
    "timestamp": 1719941784,
    "media": [
      
    ],
    "label_values": [
      {
        "ent_field_name": "PromotionOrCampaignCoordinatorId",
        "label": "\u00d8\u00b1\u00d8\u00b3\u00d8\u00a7\u00d9\u0084\u00d8\u00a9",
        "value": "\u00e2\u0080\u008eIn-app Message\u00e2\u0080\u008e 252410424546804"
      },
      {
        "ent_field_name": "Action",
        "label": "\u00d9\u0086\u00d9\u0088\u00d8\u00b9 \u00d8\u00a7\u00d9\u0084\u00d9\u0086\u00d9\u0082\u00d8\u00b1",
        "value": "\u00e2\u0080\u008ePrimary Click\u00e2\u0080\u008e"
      },
      {
        "ent_field_name": "Count",
        "label": "\u00d8\u00a7\u00d9\u0084\u00d8\u00b9\u00d8\u00af\u00d8\u00af",
        "value": "3"
      }
    ],
    "fbid": "252410424546804:61560011240777:pri",
    "ent_name": "QPEntUserActionKeyToQP"
  },
  {
    "timestamp": 1727116511,
    "media": [
      
    ],
    "label_values": [
      {
        "ent_field_name": "PromotionOrCampaignCoordinatorId",
        "label": "\u00d8\u00b1\u00d8\u00b3\u00d8\u00a7\u00d9\u0084\u00d8\u00a9",
        "value": "\u00e2\u0080\u008eIn-app Message\u00e2\u0080\u008e 849704203195289"
      },
      {
        "ent_field_name": "Action",
        "label": "\u00d9\u0086\u00d9\u0088\u00d8\u00b9 \u00d8\u00a7\u00d9\u0084\u00d9\u0086\u00d9\u0082\u00d8\u00b1",
        "value": "\u00e2\u0080\u008ePrimary Click\u00e2\u0080\u008e"
      },
      {
        "ent_field_name": "Count",
        "label": "\u00d8\u00a7\u00d9\u0084\u00d8\u00b9\u00d8\u00af\u00d8\u00af",
        "value": "3"
      }
    ],
    "fbid": "849704203195289:61560011240777:pri",
    "ent_name": "QPEntUserActionKeyToQP"
  },
  {
    "timestamp": 1734504067,
    "media": [
      
    ],
    "label_values": [
      {
        "ent_field_name": "PromotionOrCampaignCoordinatorId",
        "label": "\u00d8\u00b1\u00d8\u00b3\u00d8\u00a7\u00d9\u0084\u00d8\u00a9",
        "value": "\u00e2\u0080\u008eIn-app Message\u00e2\u0080\u008e 2405522629643750"
      },
      {
        "ent_field_name": "Action",
        "label": "\u00d9\u0086\u00d9\u0088\u00d8\u00b9 \u00d8\u00a7\u00d9\u0084\u00d9\u0086\u00d9\u0082\u00d8\u00b1",
        "value": "\u00e2\u0080\u008eSecondary Click\u00e2\u0080\u008e"
      },
      {
        "ent_field_name": "Count",
        "label": "\u00d8\u00a7\u00d9\u0084\u00d8\u00b9\u00d8\u00af\u00d8\u00af",
        "value": "2"
      }
    ],
    "fbid": "2405522629643750:61560011240777:sec",
    "ent_name": "QPEntUserActionKeyToQP"
  },
  {
    "timestamp": 1722084119,
    "media": [
      
    ],
    "label_values": [
      {
        "ent_field_name": "PromotionOrCampaignCoordinatorId",
        "label": "\u00d8\u00b1\u00d8\u00b3\u00d8\u00a7\u00d9\u0084\u00d8\u00a9",
        "value": "\u00e2\u0080\u008eIn-app Message\u00e2\u0080\u008e 1669214519757479"
      },
      {
        "ent_field_name": "Action",
        "label": "\u00d9\u0086\u00d9\u0088\u00d8\u00b9 \u00d8\u00a7\u00d9\u0084\u00d9\u0086\u00d9\u0082\u00d8\u00b1",
        "value": "\u00e2\u0080\u008eDismiss Click\u00e2\u0080\u008e"
      },
      {
        "ent_field_name": "Count",
        "label": "\u00d8\u00a7\u00d9\u0084\u00d8\u00b9\u00d8\u00af\u00d8\u00af",
        "value": "1"
      }
    ],
    "fbid": "1669214519757479:61560011240777:dis",
    "ent_name": "QPEntUserActionKeyToQP"
  },
  {
    "timestamp": 1727122816,
    "media": [
      
    ],
    "label_values": [
      {
        "ent_field_name": "PromotionOrCampaignCoordinatorId",
        "label": "\u00d8\u00b1\u00d8\u00b3\u00d8\u00a7\u00d9\u0084\u00d8\u00a9",
        "value": "\u00e2\u0080\u008eIn-app Message\u00e2\u0080\u008e 3923294184565192"
      },
      {
        "ent_field_name": "Action",
        "label": "\u00d9\u0086\u00d9\u0088\u00d8\u00b9 \u00d8\u00a7\u00d9\u0084\u00d9\u0086\u00d9\u0082\u00d8\u00b1",
        "value": "\u00e2\u0080\u008eDismiss Click\u00e2\u0080\u008e"
      },
      {
        "ent_field_name": "Count",
        "label": "\u00d8\u00a7\u00d9\u0084\u00d8\u00b9\u00d8\u00af\u00d8\u00af",
        "value": "1"
      }
    ],
    "fbid": "3923294184565192:61560011240777:dis",
    "ent_name": "QPEntUserActionKeyToQP"
  },
  {
    "timestamp": 1734048901,
    "media": [
      
    ],
    "label_values": [
      {
        "ent_field_name": "PromotionOrCampaignCoordinatorId",
        "label": "\u00d8\u00b1\u00d8\u00b3\u00d8\u00a7\u00d9\u0084\u00d8\u00a9",
        "value": "\u00d8\u00a3\u00d9\u0086\u00d8\u00aa \u00d8\u00b9\u00d9\u0084\u00d9\u0089 \u00d8\u00a8\u00d9\u008f\u00d8\u00b9\u00d8\u00af \u00d9\u0086\u00d9\u0082\u00d8\u00b1\u00d8\u00a9 \u00d9\u0088\u00d8\u00a7\u00d8\u00ad\u00d8\u00af\u00d8\u00a9 \u00d9\u0085\u00d9\u0086 \u00d8\u00aa\u00d8\u00a3\u00d9\u0083\u00d9\u008a\u00d8\u00af \u00e2\u0080\u008f\u00e2\u0080\u008e{local_device_gmail_account}\u00e2\u0080\u008e\u00e2\u0080\u008f"
      },
      {
        "ent_field_name": "Action",
        "label": "\u00d9\u0086\u00d9\u0088\u00d8\u00b9 \u00d8\u00a7\u00d9\u0084\u00d9\u0086\u00d9\u0082\u00d8\u00b1",
        "value": "\u00e2\u0080\u008eDismiss Click\u00e2\u0080\u008e"
      },
      {
        "ent_field_name": "Count",
        "label": "\u00d8\u00a7\u00d9\u0084\u00d8\u00b9\u00d8\u00af\u00d8\u00af",
        "value": "1"
      }
    ],
    "fbid": "496781104853457:61560011240777:dis",
    "ent_name": "QPEntUserActionKeyToQP"
  },
  {
    "timestamp": 1734504082,
    "media": [
      
    ],
    "label_values": [
      {
        "ent_field_name": "PromotionOrCampaignCoordinatorId",
        "label": "\u00d8\u00b1\u00d8\u00b3\u00d8\u00a7\u00d9\u0084\u00d8\u00a9",
        "value": "\u00e2\u0080\u008eIn-app Message\u00e2\u0080\u008e 378766784763992"
      },
      {
        "ent_field_name": "Action",
        "label": "\u00d9\u0086\u00d9\u0088\u00d8\u00b9 \u00d8\u00a7\u00d9\u0084\u00d9\u0086\u00d9\u0082\u00d8\u00b1",
        "value": "\u00e2\u0080\u008eDismiss Click\u00e2\u0080\u008e"
      },
      {
        "ent_field_name": "Count",
        "label": "\u00d8\u00a7\u00d9\u0084\u00d8\u00b9\u00d8\u00af\u00d8\u00af",
        "value": "1"
      }
    ],
    "fbid": "378766784763992:61560011240777:dis",
    "ent_name": "QPEntUserActionKeyToQP"
  }
]