{
  "media": [
    
  ],
  "label_values": [
    {
      "ent_field_name": "Suggestions",
      "label": "\u00e2\u0080\u008eFriend suggestions\u00e2\u0080\u008e",
      "vec": [
        {
          "value": "\u00d8\u00b9\u00d8\u00a8\u00d9\u0088\u00d8\u00af\u00d9\u008a \u00d8\u00a7\u00d9\u0084\u00d8\u00b1\u00d9\u0082\u00d8\u00a7\u00d9\u0088\u00d9\u008a"
        },
        {
          "value": "R\u00c3\u00a4d\u00c3\u00aff\u00c3\u00a4\u00c5\u0084 Y\u00c3\u00a4\u00c3\u00a4 B\u00c3\u00a4\u00c3\u00a4l\u00c3\u00ab\u00c3\u00ab Lj\u00c3\u00af"
        },
        {
          "value": "\u00d8\u00ad\u00d9\u0085\u00d9\u008a\u00d8\u00af \u00d9\u0085\u00d8\u00ad\u00d9\u0085\u00d9\u0088\u00d8\u00af \u00d8\u00a7\u00d8\u00a8\u00d9\u0088 \u00d9\u0085\u00d8\u00ac\u00d9\u008a\u00d8\u00af"
        },
        {
          "value": "\u00d8\u00ac\u00d9\u0088\u00d8\u00b1\u00d8\u00ac\u00d9\u008a\u00d8\u00aa \u00d8\u00a7\u00d9\u0084\u00d8\u00a8\u00d8\u00b7\u00d8\u00b1\u00d8\u00b3"
        },
        {
          "value": "Nadoosh Nadoosh"
        },
        {
          "value": "\u00d8\u00a7\u00d9\u0084\u00d8\u00a8\u00d9\u008a\u00d8\u00b1\u00d9\u0082 \u00d8\u00a7\u00d9\u0084\u00d9\u008a\u00d8\u00a7\u00d9\u0081\u00d8\u00b9\u00d9\u008a"
        },
        {
          "value": "\u00d8\u00a7\u00d8\u00a8\u00d9\u0088 \u00d8\u00a7\u00d8\u00ad\u00d9\u0085\u00d8\u00af \u00d8\u00a7\u00d9\u0084\u00d8\u00ac\u00d8\u00a8\u00d9\u0088\u00d8\u00b1\u00d9\u008a"
        },
        {
          "value": "Almas Ahmed"
        },
        {
          "value": "\u00d8\u00ac\u00d9\u0088\u00d8\u00b1\u00d9\u008a \u00d8\u00b9\u00d8\u00a8\u00d8\u00a7\u00d9\u008a\u00d9\u0087"
        },
        {
          "value": "Mohammad Enani"
        },
        {
          "value": "\u00d8\u00a7\u00d8\u00ae\u00d8\u00b1 \u00d8\u00a7\u00d9\u0084\u00d8\u00b9\u00d9\u0086\u00d9\u0082\u00d9\u0088\u00d8\u00af"
        },
        {
          "value": "\u00d8\u00b9\u00d8\u00a7\u00d8\u00af\u00d9\u0084 \u00d8\u00ac\u00d9\u0084\u00d8\u00a7\u00d9\u0084"
        },
        {
          "value": "\u00d8\u00a7\u00d8\u00a8\u00d9\u0088\u00d8\u00b3\u00d8\u00ac\u00d8\u00a7\u00d8\u00af \u00d8\u00a7\u00d9\u0084\u00d8\u00ae\u00d8\u00b2\u00d8\u00b9\u00d9\u0084\u00d9\u008a"
        },
        {
          "value": "\u00d9\u0085\u00d9\u008a\u00d8\u00af\u00d9\u0088 \u00d8\u00b4\u00d8\u00ae\u00d8\u00b1\u00d9\u0088\u00d8\u00a8\u00d8\u00a9"
        },
        {
          "value": "\u00d8\u00b1\u00d8\u00b9\u00d8\u00af \u00d8\u00b9\u00d8\u00a7\u00d8\u00b4\u00d9\u0088\u00d8\u00b1"
        },
        {
          "value": "Habosh Abdullh"
        },
        {
          "value": "Saana Bataher"
        },
        {
          "value": "Alaa Ali"
        },
        {
          "value": "\u00d8\u00b3\u00d9\u0085\u00d8\u00b1 \u00d8\u00a7\u00d8\u00ad\u00d9\u0085\u00d8\u00af"
        },
        {
          "value": "\u00d8\u00a7\u00d9\u008a\u00d9\u0087 \u00d9\u0083\u00d8\u00b1\u00d9\u008a\u00d9\u0085"
        },
        {
          "value": "\u00d8\u00a7\u00d8\u00a8\u00d9\u0088\u00d8\u00b2\u00d9\u008a\u00d8\u00af \u00d8\u00a7\u00d9\u0084\u00d8\u00b9\u00d9\u0082\u00d9\u008a\u00d8\u00af\u00d9\u008a \u00d8\u00a7\u00d9\u0084\u00d8\u00b9\u00d9\u0082\u00d9\u008a\u00d8\u00af\u00d9\u008a"
        },
        {
          "value": "\u00d8\u00ad\u00d9\u0086\u00d8\u00a7\u00d9\u0086 \u00d9\u0085\u00d8\u00ad\u00d9\u0085\u00d8\u00af \u00d8\u00a8\u00d8\u00af\u00d9\u008a\u00d9\u0084"
        },
        {
          "value": "\u00d8\u00ba\u00d9\u0084\u00d8\u00a7\u00d9\u0083 \u00d9\u0085\u00d9\u0086 \u00d8\u00ba\u00d9\u0084\u00d8\u00a7 \u00d8\u00b1\u00d9\u0088\u00d8\u00ad\u00d9\u008a"
        },
        {
          "value": "\u00d8\u00a4\u00d8\u00a2\u00d8\u00aa\u00db\u0081\u00d8\u00a2\u00d8\u00b1 \u00d8\u00ad\u00db\u0081\u00d9\u0086\u00db\u0081\u00d8\u00b7\u00db\u0081\u00d8\u00a2\u00d8\u00a4\u00d9\u008a\u00db\u0081\u00d9\u0087\u00db\u0081"
        },
        {
          "value": "\u00d8\u00a8\u00d8\u00b1 \u00d8\u00ac\u00d9\u0088\u00d8\u00a7\u00d8\u00b2\u00d9\u008a\u00d9\u0087"
        },
        {
          "value": "\u00d9\u0086\u00d8\u00b3\u00d9\u0085\u00d8\u00a9 \u00d9\u0086\u00d8\u00b3\u00d9\u0085\u00d8\u00a9"
        },
        {
          "value": "\u00d8\u00a7\u00d8\u00ad\u00d9\u0085\u00d8\u00af \u00d8\u00b9\u00d8\u00a8\u00d8\u00af\u00d8\u00a7\u00d9\u0084\u00d9\u0084\u00d9\u0087 \u00d8\u00a7\u00d9\u0084\u00d9\u0082\u00d9\u008a\u00d8\u00a7\u00d8\u00b6\u00d9\u008a"
        },
        {
          "value": "\u00d9\u0085. \u00d8\u00ac\u00d9\u0086\u00d9\u008a\u00d8\u00af \u00d8\u00a8\u00d8\u00a7\u00d9\u0088\u00d8\u00b2\u00d9\u008a\u00d8\u00b1"
        },
        {
          "value": "\u00d8\u00a3\u00d8\u00b1\u00d9\u008a\u00d8\u00ac \u00d9\u0086\u00d9\u0087\u00d8\u00af"
        },
        {
          "value": "\u00d8\u00b1\u00d9\u0088\u00d8\u00a8\u00d9\u008a \u00d8\u00a7\u00d9\u0084\u00d8\u00aa\u00d8\u00b9\u00d8\u00b2\u00d9\u008a\u00d9\u0087"
        },
        {
          "value": "\u00d9\u0088\u00d8\u00b1\u00d8\u00af\u00d8\u00a9 \u00d8\u00a7\u00d9\u0084\u00d8\u00b3\u00d9\u0084\u00d8\u00a7\u00d9\u0085"
        },
        {
          "value": "\u00d8\u00a5\u00d9\u008a\u00d9\u0084\u00d8\u00a7\u00d9\u0081 \u00d8\u00a7\u00d9\u0084\u00d9\u0082\u00d8\u00a7\u00d8\u00b3\u00d9\u0085\u00d9\u008a"
        },
        {
          "value": "\u00d8\u00b3\u00d8\u00a8\u00d8\u00a7\u00d8\u00a1 \u00d8\u00aa\u00d8\u00b9\u00d8\u00b2"
        },
        {
          "value": "Mohammed Alhamdi"
        },
        {
          "value": "\u00d8\u00b1\u00d9\u0088\u00d8\u00a7\u00d9\u0086 \u00d8\u00a7\u00d9\u0084\u00d9\u0085\u00d9\u0082\u00d8\u00b1\u00d9\u008a"
        },
        {
          "value": "\u00d8\u00b4\u00d9\u0085\u00d8\u00b9\u00d8\u00a9 \u00d8\u00a7\u00d9\u0085\u00d9\u0084"
        },
        {
          "value": "\u00d8\u00a7\u00d9\u0085 \u00d8\u00ba\u00d9\u008a\u00d8\u00a7\u00d8\u00ab"
        },
        {
          "value": "\u00d9\u0087\u00d9\u0085\u00d8\u00b3\u00d8\u00a9 \u00d9\u0085\u00d9\u0083\u00d9\u008a\u00d8\u00a7\u00d8\u00ac\u00d9\u008a"
        },
        {
          "value": "\u00ef\u00bb\u00a3\u00ef\u00ba\u00a4\u00ef\u00bb\u00a4\u00ef\u00ba\u00aa \u00ef\u00ba\u008d\u00ef\u00ba\u00a3\u00ef\u00bb\u00a4\u00ef\u00ba\u00aa \u00ef\u00ba\u008d\u00ef\u00bb\u00bb\u00ef\u00bb\u00ad\u00ef\u00ba\u00ab\u00ef\u00bb\u00a5 \u00ef\u00ba\u008d\u00ef\u00bb\u009f\u00ef\u00bb\u0080\u00ef\u00ba\u00ae\u00ef\u00bb\u00b3\u00ef\u00ba\u0092\u00ef\u00bb\u00b2"
        },
        {
          "value": "\u00d9\u0085\u00d9\u0086\u00d8\u00a7\u00d8\u00b1 \u00d8\u00b9\u00d9\u0084\u00d9\u008a"
        },
        {
          "value": "\u00d8\u00b9\u00d8\u00b2\u00d8\u00a7\u00d9\u0084\u00d8\u00af\u00d9\u008a\u00d9\u0086 \u00d8\u00a7\u00d9\u0084\u00d8\u00b4\u00d9\u008a\u00d8\u00ae"
        },
        {
          "value": "\u00d9\u0088\u00d8\u00b1\u00d8\u00af\u00d9\u0087 \u00d8\u00a7\u00d9\u0084\u00d8\u00a8\u00d8\u00b3\u00d8\u00aa\u00d8\u00a7\u00d9\u0086"
        },
        {
          "value": "\u00d9\u0086\u00d9\u0088\u00d8\u00b1 \u00d8\u00b9\u00d8\u00a7\u00d8\u00af\u00d9\u0084"
        },
        {
          "value": "Wafa Esmail"
        },
        {
          "value": "\u00d8\u00b1\u00d9\u0087\u00d9\u0081 \u00d9\u0085\u00d8\u00ad\u00d9\u0085\u00d8\u00af"
        },
        {
          "value": "Yasser Kamal Al-jabin"
        },
        {
          "value": "drunk whisky broth"
        },
        {
          "value": "Sareh Lanc"
        },
        {
          "value": "\u00d9\u0085\u00d9\u0086\u00d8\u00a7\u00d8\u00b1 \u00d9\u0085\u00d8\u00ad\u00d9\u0085\u00d8\u00af"
        },
        {
          "value": "Gol Den"
        },
        {
          "value": "Nada Hussein"
        },
        {
          "value": "\u00d9\u0084\u00d9\u0081\u00d9\u0086 \u00d8\u00a7\u00d9\u0084\u00d9\u0086\u00d9\u0082\u00d8\u00b4"
        },
        {
          "value": "Heba Heba"
        },
        {
          "value": "M\u00c3\u00bad\u00c3\u00ad\u00c3\u00ad\u00c3\u00b1 Y\u00c3\u00a3\u00c3\u00a3 B\u00c3\u00a3ll\u00c3\u00a9\u00c3\u00a9 L\u00c3\u00adj\u00c3\u00ad\u00c3\u00ad"
        },
        {
          "value": "\u00d8\u00a7\u00d9\u0085\u00d9\u008a\u00d8\u00b1\u00d8\u00aa \u00d8\u00b2\u00d9\u0088\u00d8\u00ac\u00d9\u008a"
        },
        {
          "value": "\u00d9\u0088\u00d8\u00b1\u00d8\u00af\u00d8\u00a9 \u00d8\u00a7\u00d9\u0084\u00d8\u00b9\u00d8\u00a8\u00d9\u008a\u00d8\u00b1"
        },
        {
          "value": "Hama Sorea"
        },
        {
          "value": "\u00d8\u00b3\u00d8\u00a7\u00d8\u00ac\u00d8\u00af\u00d8\u00a9 \u00d8\u00b3\u00d8\u00a7\u00d8\u00ac\u00d8\u00af\u00d8\u00a9"
        },
        {
          "value": "\u00d9\u0085\u00d8\u00a7\u00d8\u00ac\u00d8\u00af\u00d8\u00a9 \u00d8\u00a3\u00d8\u00ad\u00d9\u0085\u00d8\u00af"
        },
        {
          "value": "\u00d8\u00a8\u00d8\u00b7\u00d9\u0084\u00d8\u00a9 \u00d8\u00ad\u00d9\u0083\u00d8\u00a7\u00d9\u008a\u00d8\u00aa\u00d9\u008a \u00d8\u00a7\u00d9\u0086\u00d8\u00a7"
        },
        {
          "value": "Somia Alshmiry"
        },
        {
          "value": "\u00d8\u00ac\u00d9\u0088\u00d9\u0087\u00d8\u00b1 \u00d8\u00a7\u00d9\u0084\u00d9\u0083\u00d9\u0088\u00d9\u0085\u00d8\u00a7\u00d9\u0086\u00d8\u00af\u00d8\u00a7"
        },
        {
          "value": "\u00d8\u00b7\u00d8\u00a8\u00d8\u00b9\u00d9\u008a \u00d8\u00a7\u00d8\u00b5\u00d9\u008a\u00d9\u0084\u00d8\u00a9"
        },
        {
          "value": "\u00d9\u0085\u00d8\u00b1\u00d8\u00a2\u00d9\u008a\u00d8\u00aa\u00d9\u008a \u00ef\u00b9\u00be\u00d9\u00ad"
        },
        {
          "value": "\u00d9\u0086\u00d9\u0088\u00d8\u00b1 \u00d9\u0085\u00d8\u00ad\u00d9\u0085\u00d8\u00af"
        },
        {
          "value": "\u00d8\u00a7\u00d9\u0088\u00d8\u00ac\u00d8\u00a7\u00d9\u0086 \u00d8\u00ae\u00d8\u00a7\u00d9\u0084\u00d8\u00af"
        },
        {
          "value": "\u00d9\u0081\u00d8\u00b1\u00d8\u00ad \u00d8\u00a7\u00d9\u0084\u00d8\u00ac\u00d9\u0085\u00d8\u00a7\u00d9\u0084"
        },
        {
          "value": "\u00d9\u0085\u00d8\u00ad\u00d9\u0088\u00d9\u008a\u00d8\u00aa\u00d9\u008a\u00d9\u0087 \u00d8\u00b4\u00d8\u00b1\u00d8\u00b3\u00d9\u0087"
        },
        {
          "value": "\u00d8\u00b9\u00d8\u00a7\u00d9\u0081\u00d9\u008a\u00d8\u00aa\u00d9\u0088\u00d8\u00b2 \u00d9\u0084\u00d9\u0084\u00d9\u0088\u00d8\u00ac\u00d8\u00a8\u00d8\u00a7\u00d8\u00aa \u00d8\u00a7\u00d9\u0084\u00d8\u00b3\u00d8\u00b1\u00d9\u008a\u00d8\u00b9\u00d8\u00a9"
        },
        {
          "value": "\u00d8\u00a7\u00d9\u0085 \u00d9\u0085\u00d8\u00ad\u00d9\u0085\u00d8\u00af \u00d9\u0084\u00d8\u00aa\u00d9\u0086\u00d8\u00b8\u00d9\u008a\u00d9\u0085 \u00d8\u00a7\u00d9\u0084\u00d8\u00a7\u00d8\u00b9\u00d8\u00b1\u00d8\u00a7\u00d8\u00b3"
        },
        {
          "value": "\u00d8\u00b1\u00d8\u00a7\u00d9\u0086\u00d9\u008a\u00d8\u00a7 \u00d8\u00a7\u00d9\u0084\u00d8\u00b9\u00d9\u0088\u00d8\u00a7\u00d8\u00b6\u00d9\u008a"
        },
        {
          "value": "\u00ef\u00b7\u00bb\u00ef\u00b4\u00bf\u00d8\u00a2\u00d9\u0084\u00d8\u00ad\u00db\u0081\u00d8\u00b3\u00db\u0081\u00d8\u00a2\u00d8\u00a8 \u00d9\u0085\u00db\u0081\u00d8\u00ba\u00db\u0081\u00d9\u0084\u00d9\u0082\u00ef\u00b4\u00be\u00ef\u00ad\u0095\u00ef\u00b7\u00bb"
        },
        {
          "value": "\u00d8\u00a7\u00d9\u0086\u00d8\u00ab\u00d8\u00a6 \u00d8\u00b1\u00d8\u00a7\u00d9\u0082\u00d9\u008a\u00d9\u0087"
        },
        {
          "value": "\u00d9\u0081\u00d8\u00b1\u00d8\u00a7\u00d8\u00b4\u00d8\u00a9 \u00d9\u0085\u00d8\u00a8\u00d8\u00aa\u00d9\u0088\u00d8\u00b1\u00d8\u00a9 \u00d8\u00a7\u00d9\u0084\u00d8\u00a7\u00d8\u00ac\u00d9\u0086\u00d8\u00ad\u00d8\u00a9"
        },
        {
          "value": "\u00d8\u00a5\u00d9\u008a\u00d8\u00b1\u00d8\u00a7\u00d9\u0086 \u00d8\u00b9\u00d8\u00af\u00d9\u008a"
        },
        {
          "value": "\u00d9\u0085\u00da\u00aa\u00d8\u00b3\u00d9\u0088\u00d9\u0088\u00d8\u00b1\u00d9\u0087 \u00d9\u0082\u00d8\u00b5\u00d9\u0088\u00d9\u0088\u00d9\u0086"
        },
        {
          "value": "Angam Salam"
        },
        {
          "value": "\u00d8\u00a8\u00d8\u00a7\u00d9\u0084\u00d9\u0082\u00d8\u00b1\u00d8\u00a7\u00d9\u0086 \u00d8\u00a7\u00d8\u00b1\u00d8\u00aa\u00d9\u0082\u00d9\u008a"
        },
        {
          "value": "\u00d8\u00b1\u00d9\u008a\u00d9\u0085\u00d8\u00a7\u00d8\u00b3 \u00d8\u00b9\u00d9\u0084\u00d9\u008a"
        },
        {
          "value": "\u00d8\u00a3\u00d9\u0085 \u00d9\u008a\u00d8\u00b9\u00d9\u0082\u00d9\u0088\u00d8\u00a8"
        },
        {
          "value": "\u00d8\u00ba\u00d8\u00a7\u00d8\u00af\u00d8\u00a9 \u00d8\u00a7\u00d9\u0084\u00d8\u00ae\u00d8\u00a7\u00d8\u00b2\u00d9\u0086"
        },
        {
          "value": "\u00d8\u00a7\u00d9\u0086\u00d8\u00ba\u00d8\u00a7\u00d9\u0085 \u00d8\u00b9\u00d8\u00b1\u00d9\u0081\u00d8\u00a7\u00d8\u00aa"
        },
        {
          "value": "\u00d8\u00aa\u00db\u00a7\u00db\u0081\u00d9\u00b0\u00db\u00ab\u00ef\u00b9\u00bb\u00db\u00ac\u00ef\u00b9\u00bb\u00db\u00ac\u00ef\u00b9\u00bb\u00db\u00ac\u00ef\u00ba\u008e\u00ef\u00ad\u0091\u00d9\u0084\u00d8\u00a2 \u00db\u00a6\u00d9\u00b0\u00db\u00aa\u00ef\u00ae\u00a9"
        },
        {
          "value": "\u00d8\u00b4\u00d9\u008a\u00d9\u0085\u00d8\u00a7\u00d8\u00a1 \u00d8\u00a7\u00d9\u0084\u00d9\u0088\u00d9\u0084\u00d9\u008a"
        },
        {
          "value": "\u00d8\u00b9\u00d8\u00a8\u00d8\u00af \u00d8\u00b1\u00d8\u00a8\u00d9\u0087 \u00d9\u0085\u00d9\u0086\u00d8\u00b5\u00d9\u0088\u00d8\u00b1 \u00d8\u00a7\u00d9\u0084\u00d8\u00b4\u00d9\u008a\u00d8\u00b9\u00d9\u008a"
        },
        {
          "value": "\u00d9\u0086\u00d8\u00b1 \u00d8\u00ac\u00d8\u00b3\u00d9\u008a\u00d9\u0087"
        },
        {
          "value": "\u00d8\u00b3\u00d8\u00a7\u00d9\u0085\u00d8\u00b1 \u00d8\u00a7\u00d9\u0084\u00d9\u0087\u00d8\u00a7\u00d8\u00b4\u00d9\u0085\u00d9\u008a"
        },
        {
          "value": "\u00d8\u00b9\u00d8\u00b7\u00d8\u00b1 \u00d8\u00a7\u00d9\u0084\u00d8\u00b4\u00d8\u00a7\u00d9\u0085"
        },
        {
          "value": "\u00d8\u00a7\u00d9\u0086\u00d8\u00aa\u00d8\u00b5\u00d8\u00a7\u00d8\u00b1 \u00d8\u00b9\u00d8\u00a8\u00d8\u00af\u00d8\u00a7\u00d9\u0084\u00d8\u00a8\u00d8\u00a7\u00d8\u00b3\u00d8\u00b7"
        },
        {
          "value": "\u00d9\u0085\u00d9\u0083\u00d8\u00a7\u00d9\u0081\u00d8\u00ad\u00d8\u00a9 \u00d8\u00a7\u00d9\u0083\u00d9\u0084\u00d9\u008a\u00d9\u0086 \u00d8\u00a7\u00d9\u0084\u00d8\u00b3\u00d8\u00ad\u00d8\u00aa"
        },
        {
          "value": "\u00d9\u0085\u00d9\u0086\u00d9\u0082\u00d9\u0088\u00d8\u00b4 \u00d8\u00af\u00d9\u0086\u00d9\u008a\u00d8\u00a7"
        },
        {
          "value": "\u00d9\u008a\u00d8\u00a7\u00d8\u00b3\u00d9\u0085\u00d9\u008a\u00d9\u0086 \u00d8\u00a7\u00d9\u0084\u00d9\u0085\u00d8\u00ba\u00d8\u00b1\u00d8\u00a8\u00d9\u008a"
        },
        {
          "value": "Sarah Khan"
        },
        {
          "value": "Ujala Yadav"
        },
        {
          "value": "Rna Glolo"
        },
        {
          "value": "\u00d9\u0086\u00d9\u0088\u00d8\u00b1\u00d8\u00a7\u00d9\u0084\u00d8\u00af\u00d9\u008a\u00d9\u0086 \u00d8\u00a7\u00d9\u0084\u00d8\u00ac\u00d8\u00b9\u00d8\u00af\u00d8\u00a8\u00d9\u008a"
        },
        {
          "value": "\u00d8\u00a8\u00d9\u008a\u00d8\u00b1\u00d9\u0088 \u00d8\u00b9\u00d8\u00b2\u00d9\u008a\u00d8\u00b2"
        },
        {
          "value": "\u00d8\u00b3\u00ef\u00ae\u00a7\u00d8\u00b1\u00d8\u00a2\u00d8\u00a8\u00ef\u00ae\u00a7 \u00d8\u00a2\u00d9\u0084\u00ef\u00ae\u00a7\u00d9\u0082\u00ef\u00ae\u00a7\u00d9\u0088\u00d8\u00a2\u00d9\u0081\u00ef\u00ae\u00a7\u00d9\u008a\u00ef\u00ae\u00a7"
        },
        {
          "value": "\u00d8\u00a7\u00d9\u0085\u00d9\u0084 \u00d8\u00a7\u00d9\u0085\u00d9\u0084"
        },
        {
          "value": "\u00d8\u00b5\u00d8\u00b9\u00d8\u00a8 \u00d8\u00a7\u00d9\u0085\u00d8\u00aa\u00d9\u0084\u00d8\u00a7\u00d9\u0083\u00d9\u008a"
        },
        {
          "value": "\u00d8\u00ad\u00d9\u0096\u00d9\u0098\u00da\u00bc\u00d9\u00b1\u00da\u00bc\u00db\u00a6\u00d9\u00b0\u00db\u00aa \u00db\u00a6\u00d9\u00b0\u00db\u00aa\u00ef\u00ae\u00a7\u00db\u00a7"
        },
        {
          "value": "Hi Hy"
        },
        {
          "value": "Kayan Mood"
        },
        {
          "value": "\u00d9\u0083\u00d8\u00a8\u00d8\u00b1\u00d9\u008a\u00d8\u00a7\u00d8\u00a1 \u00d8\u00ad\u00d9\u0085\u00d9\u008a\u00d8\u00b1\u00d9\u008a\u00d9\u0087"
        },
        {
          "value": "Hezam Almatari"
        },
        {
          "value": "Red Roase"
        },
        {
          "value": "sam"
        },
        {
          "value": "\u00d8\u00b1\u00d9\u0088\u00d9\u008a\u00d8\u00af\u00d8\u00a7 \u00d8\u00a7\u00d9\u0084\u00d8\u00a8\u00d9\u008a\u00d8\u00b6\u00d8\u00a7\u00d9\u0086\u00d9\u008a"
        }
      ]
    }
  ],
  "fbid": "122093309840333708",
  "ent_name": "EntPeopleYouMayKnowList"
}