[
  {
    "media": [
      
    ],
    "label_values": [
      {
        "ent_field_name": "CreationTime",
        "label": "\u00d9\u0088\u00d9\u0082\u00d8\u00aa \u00d8\u00a7\u00d9\u0084\u00d8\u00a5\u00d9\u0086\u00d8\u00b4\u00d8\u00a7\u00d8\u00a1",
        "timestamp_value": 1734430559
      },
      {
        "ent_field_name": "LastModifiedTime",
        "label": "\u00d9\u0088\u00d9\u0082\u00d8\u00aa \u00d8\u00a2\u00d8\u00ae\u00d8\u00b1 \u00d8\u00aa\u00d8\u00b9\u00d8\u00af\u00d9\u008a\u00d9\u0084",
        "timestamp_value": 1734430559
      },
      {
        "ent_field_name": "SuggestionSentTime",
        "label": "\u00d9\u0088\u00d9\u0082\u00d8\u00aa \u00d8\u00a5\u00d8\u00b1\u00d8\u00b3\u00d8\u00a7\u00d9\u0084 \u00d8\u00a7\u00d9\u0084\u00d8\u00a7\u00d9\u0082\u00d8\u00aa\u00d8\u00b1\u00d8\u00a7\u00d8\u00ad",
        "timestamp_value": 1734430559
      },
      {
        "ent_field_name": "Name",
        "label": "\u00d8\u00a7\u00d9\u0084\u00d8\u00a7\u00d8\u00b3\u00d9\u0085",
        "value": "Park Resho"
      }
    ],
    "fbid": "122151474842333708",
    "ent_name": "EntCIFriendsSuggestion"
  },
  {
    "media": [
      
    ],
    "label_values": [
      {
        "ent_field_name": "CreationTime",
        "label": "\u00d9\u0088\u00d9\u0082\u00d8\u00aa \u00d8\u00a7\u00d9\u0084\u00d8\u00a5\u00d9\u0086\u00d8\u00b4\u00d8\u00a7\u00d8\u00a1",
        "timestamp_value": 1733477836
      },
      {
        "ent_field_name": "LastModifiedTime",
        "label": "\u00d9\u0088\u00d9\u0082\u00d8\u00aa \u00d8\u00a2\u00d8\u00ae\u00d8\u00b1 \u00d8\u00aa\u00d8\u00b9\u00d8\u00af\u00d9\u008a\u00d9\u0084",
        "timestamp_value": 1733477836
      },
      {
        "ent_field_name": "SuggestionSentTime",
        "label": "\u00d9\u0088\u00d9\u0082\u00d8\u00aa \u00d8\u00a5\u00d8\u00b1\u00d8\u00b3\u00d8\u00a7\u00d9\u0084 \u00d8\u00a7\u00d9\u0084\u00d8\u00a7\u00d9\u0082\u00d8\u00aa\u00d8\u00b1\u00d8\u00a7\u00d8\u00ad",
        "timestamp_value": 1733477836
      },
      {
        "ent_field_name": "Name",
        "label": "\u00d8\u00a7\u00d9\u0084\u00d8\u00a7\u00d8\u00b3\u00d9\u0085",
        "value": "Park Resho"
      }
    ],
    "fbid": "122149695584333708",
    "ent_name": "EntCIFriendsSuggestion"
  },
  {
    "media": [
      
    ],
    "label_values": [
      {
        "ent_field_name": "CreationTime",
        "label": "\u00d9\u0088\u00d9\u0082\u00d8\u00aa \u00d8\u00a7\u00d9\u0084\u00d8\u00a5\u00d9\u0086\u00d8\u00b4\u00d8\u00a7\u00d8\u00a1",
        "timestamp_value": 1733300687
      },
      {
        "ent_field_name": "LastModifiedTime",
        "label": "\u00d9\u0088\u00d9\u0082\u00d8\u00aa \u00d8\u00a2\u00d8\u00ae\u00d8\u00b1 \u00d8\u00aa\u00d8\u00b9\u00d8\u00af\u00d9\u008a\u00d9\u0084",
        "timestamp_value": 1733300687
      },
      {
        "ent_field_name": "SuggestionSentTime",
        "label": "\u00d9\u0088\u00d9\u0082\u00d8\u00aa \u00d8\u00a5\u00d8\u00b1\u00d8\u00b3\u00d8\u00a7\u00d9\u0084 \u00d8\u00a7\u00d9\u0084\u00d8\u00a7\u00d9\u0082\u00d8\u00aa\u00d8\u00b1\u00d8\u00a7\u00d8\u00ad",
        "timestamp_value": 1733300687
      },
      {
        "ent_field_name": "Name",
        "label": "\u00d8\u00a7\u00d9\u0084\u00d8\u00a7\u00d8\u00b3\u00d9\u0085",
        "value": "Park Resho"
      }
    ],
    "fbid": "122149372988333708",
    "ent_name": "EntCIFriendsSuggestion"
  },
  {
    "media": [
      
    ],
    "label_values": [
      {
        "ent_field_name": "CreationTime",
        "label": "\u00d9\u0088\u00d9\u0082\u00d8\u00aa \u00d8\u00a7\u00d9\u0084\u00d8\u00a5\u00d9\u0086\u00d8\u00b4\u00d8\u00a7\u00d8\u00a1",
        "timestamp_value": 1733002394
      },
      {
        "ent_field_name": "LastModifiedTime",
        "label": "\u00d9\u0088\u00d9\u0082\u00d8\u00aa \u00d8\u00a2\u00d8\u00ae\u00d8\u00b1 \u00d8\u00aa\u00d8\u00b9\u00d8\u00af\u00d9\u008a\u00d9\u0084",
        "timestamp_value": 1733002394
      },
      {
        "ent_field_name": "SuggestionSentTime",
        "label": "\u00d9\u0088\u00d9\u0082\u00d8\u00aa \u00d8\u00a5\u00d8\u00b1\u00d8\u00b3\u00d8\u00a7\u00d9\u0084 \u00d8\u00a7\u00d9\u0084\u00d8\u00a7\u00d9\u0082\u00d8\u00aa\u00d8\u00b1\u00d8\u00a7\u00d8\u00ad",
        "timestamp_value": 1733002394
      },
      {
        "ent_field_name": "Name",
        "label": "\u00d8\u00a7\u00d9\u0084\u00d8\u00a7\u00d8\u00b3\u00d9\u0085",
        "value": "Park Resho"
      }
    ],
    "fbid": "122148724928333708",
    "ent_name": "EntCIFriendsSuggestion"
  },
  {
    "media": [
      
    ],
    "label_values": [
      {
        "ent_field_name": "CreationTime",
        "label": "\u00d9\u0088\u00d9\u0082\u00d8\u00aa \u00d8\u00a7\u00d9\u0084\u00d8\u00a5\u00d9\u0086\u00d8\u00b4\u00d8\u00a7\u00d8\u00a1",
        "timestamp_value": 1731206057
      },
      {
        "ent_field_name": "LastModifiedTime",
        "label": "\u00d9\u0088\u00d9\u0082\u00d8\u00aa \u00d8\u00a2\u00d8\u00ae\u00d8\u00b1 \u00d8\u00aa\u00d8\u00b9\u00d8\u00af\u00d9\u008a\u00d9\u0084",
        "timestamp_value": 1731206057
      },
      {
        "ent_field_name": "SuggestionSentTime",
        "label": "\u00d9\u0088\u00d9\u0082\u00d8\u00aa \u00d8\u00a5\u00d8\u00b1\u00d8\u00b3\u00d8\u00a7\u00d9\u0084 \u00d8\u00a7\u00d9\u0084\u00d8\u00a7\u00d9\u0082\u00d8\u00aa\u00d8\u00b1\u00d8\u00a7\u00d8\u00ad",
        "timestamp_value": 1731206057
      },
      {
        "ent_field_name": "Name",
        "label": "\u00d8\u00a7\u00d9\u0084\u00d8\u00a7\u00d8\u00b3\u00d9\u0085",
        "value": "Park Resho"
      }
    ],
    "fbid": "122144246978333708",
    "ent_name": "EntCIFriendsSuggestion"
  },
  {
    "media": [
      
    ],
    "label_values": [
      {
        "ent_field_name": "CreationTime",
        "label": "\u00d9\u0088\u00d9\u0082\u00d8\u00aa \u00d8\u00a7\u00d9\u0084\u00d8\u00a5\u00d9\u0086\u00d8\u00b4\u00d8\u00a7\u00d8\u00a1",
        "timestamp_value": 1730570870
      },
      {
        "ent_field_name": "LastModifiedTime",
        "label": "\u00d9\u0088\u00d9\u0082\u00d8\u00aa \u00d8\u00a2\u00d8\u00ae\u00d8\u00b1 \u00d8\u00aa\u00d8\u00b9\u00d8\u00af\u00d9\u008a\u00d9\u0084",
        "timestamp_value": 1730570870
      },
      {
        "ent_field_name": "SuggestionSentTime",
        "label": "\u00d9\u0088\u00d9\u0082\u00d8\u00aa \u00d8\u00a5\u00d8\u00b1\u00d8\u00b3\u00d8\u00a7\u00d9\u0084 \u00d8\u00a7\u00d9\u0084\u00d8\u00a7\u00d9\u0082\u00d8\u00aa\u00d8\u00b1\u00d8\u00a7\u00d8\u00ad",
        "timestamp_value": 1730570870
      },
      {
        "ent_field_name": "Name",
        "label": "\u00d8\u00a7\u00d9\u0084\u00d8\u00a7\u00d8\u00b3\u00d9\u0085",
        "value": "Park Resho"
      }
    ],
    "fbid": "122143060190333708",
    "ent_name": "EntCIFriendsSuggestion"
  },
  {
    "media": [
      
    ],
    "label_values": [
      {
        "ent_field_name": "CreationTime",
        "label": "\u00d9\u0088\u00d9\u0082\u00d8\u00aa \u00d8\u00a7\u00d9\u0084\u00d8\u00a5\u00d9\u0086\u00d8\u00b4\u00d8\u00a7\u00d8\u00a1",
        "timestamp_value": 1727903366
      },
      {
        "ent_field_name": "LastModifiedTime",
        "label": "\u00d9\u0088\u00d9\u0082\u00d8\u00aa \u00d8\u00a2\u00d8\u00ae\u00d8\u00b1 \u00d8\u00aa\u00d8\u00b9\u00d8\u00af\u00d9\u008a\u00d9\u0084",
        "timestamp_value": 1727903366
      },
      {
        "ent_field_name": "SuggestionSentTime",
        "label": "\u00d9\u0088\u00d9\u0082\u00d8\u00aa \u00d8\u00a5\u00d8\u00b1\u00d8\u00b3\u00d8\u00a7\u00d9\u0084 \u00d8\u00a7\u00d9\u0084\u00d8\u00a7\u00d9\u0082\u00d8\u00aa\u00d8\u00b1\u00d8\u00a7\u00d8\u00ad",
        "timestamp_value": 1727903366
      },
      {
        "ent_field_name": "Name",
        "label": "\u00d8\u00a7\u00d9\u0084\u00d8\u00a7\u00d8\u00b3\u00d9\u0085",
        "value": "Park Resho"
      }
    ],
    "fbid": "122137439168333708",
    "ent_name": "EntCIFriendsSuggestion"
  },
  {
    "media": [
      
    ],
    "label_values": [
      {
        "ent_field_name": "CreationTime",
        "label": "\u00d9\u0088\u00d9\u0082\u00d8\u00aa \u00d8\u00a7\u00d9\u0084\u00d8\u00a5\u00d9\u0086\u00d8\u00b4\u00d8\u00a7\u00d8\u00a1",
        "timestamp_value": 1727513527
      },
      {
        "ent_field_name": "LastModifiedTime",
        "label": "\u00d9\u0088\u00d9\u0082\u00d8\u00aa \u00d8\u00a2\u00d8\u00ae\u00d8\u00b1 \u00d8\u00aa\u00d8\u00b9\u00d8\u00af\u00d9\u008a\u00d9\u0084",
        "timestamp_value": 1727513527
      },
      {
        "ent_field_name": "SuggestionSentTime",
        "label": "\u00d9\u0088\u00d9\u0082\u00d8\u00aa \u00d8\u00a5\u00d8\u00b1\u00d8\u00b3\u00d8\u00a7\u00d9\u0084 \u00d8\u00a7\u00d9\u0084\u00d8\u00a7\u00d9\u0082\u00d8\u00aa\u00d8\u00b1\u00d8\u00a7\u00d8\u00ad",
        "timestamp_value": 1727513527
      },
      {
        "ent_field_name": "Name",
        "label": "\u00d8\u00a7\u00d9\u0084\u00d8\u00a7\u00d8\u00b3\u00d9\u0085",
        "value": "Park Resho"
      }
    ],
    "fbid": "122136369086333708",
    "ent_name": "EntCIFriendsSuggestion"
  },
  {
    "media": [
      
    ],
    "label_values": [
      {
        "ent_field_name": "CreationTime",
        "label": "\u00d9\u0088\u00d9\u0082\u00d8\u00aa \u00d8\u00a7\u00d9\u0084\u00d8\u00a5\u00d9\u0086\u00d8\u00b4\u00d8\u00a7\u00d8\u00a1",
        "timestamp_value": 1727197092
      },
      {
        "ent_field_name": "LastModifiedTime",
        "label": "\u00d9\u0088\u00d9\u0082\u00d8\u00aa \u00d8\u00a2\u00d8\u00ae\u00d8\u00b1 \u00d8\u00aa\u00d8\u00b9\u00d8\u00af\u00d9\u008a\u00d9\u0084",
        "timestamp_value": 1727197092
      },
      {
        "ent_field_name": "SuggestionSentTime",
        "label": "\u00d9\u0088\u00d9\u0082\u00d8\u00aa \u00d8\u00a5\u00d8\u00b1\u00d8\u00b3\u00d8\u00a7\u00d9\u0084 \u00d8\u00a7\u00d9\u0084\u00d8\u00a7\u00d9\u0082\u00d8\u00aa\u00d8\u00b1\u00d8\u00a7\u00d8\u00ad",
        "timestamp_value": 1727197092
      },
      {
        "ent_field_name": "Name",
        "label": "\u00d8\u00a7\u00d9\u0084\u00d8\u00a7\u00d8\u00b3\u00d9\u0085",
        "value": "Park Resho"
      }
    ],
    "fbid": "122135632628333708",
    "ent_name": "EntCIFriendsSuggestion"
  },
  {
    "media": [
      
    ],
    "label_values": [
      {
        "ent_field_name": "CreationTime",
        "label": "\u00d9\u0088\u00d9\u0082\u00d8\u00aa \u00d8\u00a7\u00d9\u0084\u00d8\u00a5\u00d9\u0086\u00d8\u00b4\u00d8\u00a7\u00d8\u00a1",
        "timestamp_value": 1726745998
      },
      {
        "ent_field_name": "LastModifiedTime",
        "label": "\u00d9\u0088\u00d9\u0082\u00d8\u00aa \u00d8\u00a2\u00d8\u00ae\u00d8\u00b1 \u00d8\u00aa\u00d8\u00b9\u00d8\u00af\u00d9\u008a\u00d9\u0084",
        "timestamp_value": 1726745998
      },
      {
        "ent_field_name": "SuggestionSentTime",
        "label": "\u00d9\u0088\u00d9\u0082\u00d8\u00aa \u00d8\u00a5\u00d8\u00b1\u00d8\u00b3\u00d8\u00a7\u00d9\u0084 \u00d8\u00a7\u00d9\u0084\u00d8\u00a7\u00d9\u0082\u00d8\u00aa\u00d8\u00b1\u00d8\u00a7\u00d8\u00ad",
        "timestamp_value": 1726745998
      },
      {
        "ent_field_name": "Name",
        "label": "\u00d8\u00a7\u00d9\u0084\u00d8\u00a7\u00d8\u00b3\u00d9\u0085",
        "value": "Park Resho"
      }
    ],
    "fbid": "122134448276333708",
    "ent_name": "EntCIFriendsSuggestion"
  },
  {
    "media": [
      
    ],
    "label_values": [
      {
        "ent_field_name": "CreationTime",
        "label": "\u00d9\u0088\u00d9\u0082\u00d8\u00aa \u00d8\u00a7\u00d9\u0084\u00d8\u00a5\u00d9\u0086\u00d8\u00b4\u00d8\u00a7\u00d8\u00a1",
        "timestamp_value": 1723151755
      },
      {
        "ent_field_name": "LastModifiedTime",
        "label": "\u00d9\u0088\u00d9\u0082\u00d8\u00aa \u00d8\u00a2\u00d8\u00ae\u00d8\u00b1 \u00d8\u00aa\u00d8\u00b9\u00d8\u00af\u00d9\u008a\u00d9\u0084",
        "timestamp_value": 1723151755
      },
      {
        "ent_field_name": "SuggestionSentTime",
        "label": "\u00d9\u0088\u00d9\u0082\u00d8\u00aa \u00d8\u00a5\u00d8\u00b1\u00d8\u00b3\u00d8\u00a7\u00d9\u0084 \u00d8\u00a7\u00d9\u0084\u00d8\u00a7\u00d9\u0082\u00d8\u00aa\u00d8\u00b1\u00d8\u00a7\u00d8\u00ad",
        "timestamp_value": 1723151755
      },
      {
        "ent_field_name": "Name",
        "label": "\u00d8\u00a7\u00d9\u0084\u00d8\u00a7\u00d8\u00b3\u00d9\u0085",
        "value": "Park Resho"
      }
    ],
    "fbid": "122125099850333708",
    "ent_name": "EntCIFriendsSuggestion"
  },
  {
    "media": [
      
    ],
    "label_values": [
      {
        "ent_field_name": "CreationTime",
        "label": "\u00d9\u0088\u00d9\u0082\u00d8\u00aa \u00d8\u00a7\u00d9\u0084\u00d8\u00a5\u00d9\u0086\u00d8\u00b4\u00d8\u00a7\u00d8\u00a1",
        "timestamp_value": 1718025033
      },
      {
        "ent_field_name": "LastModifiedTime",
        "label": "\u00d9\u0088\u00d9\u0082\u00d8\u00aa \u00d8\u00a2\u00d8\u00ae\u00d8\u00b1 \u00d8\u00aa\u00d8\u00b9\u00d8\u00af\u00d9\u008a\u00d9\u0084",
        "timestamp_value": 1718025033
      },
      {
        "ent_field_name": "SuggestionSentTime",
        "label": "\u00d9\u0088\u00d9\u0082\u00d8\u00aa \u00d8\u00a5\u00d8\u00b1\u00d8\u00b3\u00d8\u00a7\u00d9\u0084 \u00d8\u00a7\u00d9\u0084\u00d8\u00a7\u00d9\u0082\u00d8\u00aa\u00d8\u00b1\u00d8\u00a7\u00d8\u00ad",
        "timestamp_value": 1718025033
      },
      {
        "ent_field_name": "Name",
        "label": "\u00d8\u00a7\u00d9\u0084\u00d8\u00a7\u00d8\u00b3\u00d9\u0085",
        "value": "Park Resho"
      }
    ],
    "fbid": "122111027786333708",
    "ent_name": "EntCIFriendsSuggestion"
  },
  {
    "media": [
      
    ],
    "label_values": [
      {
        "ent_field_name": "CreationTime",
        "label": "\u00d9\u0088\u00d9\u0082\u00d8\u00aa \u00d8\u00a7\u00d9\u0084\u00d8\u00a5\u00d9\u0086\u00d8\u00b4\u00d8\u00a7\u00d8\u00a1",
        "timestamp_value": 1716739282
      },
      {
        "ent_field_name": "LastModifiedTime",
        "label": "\u00d9\u0088\u00d9\u0082\u00d8\u00aa \u00d8\u00a2\u00d8\u00ae\u00d8\u00b1 \u00d8\u00aa\u00d8\u00b9\u00d8\u00af\u00d9\u008a\u00d9\u0084",
        "timestamp_value": 1716739282
      },
      {
        "ent_field_name": "SuggestionSentTime",
        "label": "\u00d9\u0088\u00d9\u0082\u00d8\u00aa \u00d8\u00a5\u00d8\u00b1\u00d8\u00b3\u00d8\u00a7\u00d9\u0084 \u00d8\u00a7\u00d9\u0084\u00d8\u00a7\u00d9\u0082\u00d8\u00aa\u00d8\u00b1\u00d8\u00a7\u00d8\u00ad",
        "timestamp_value": 1716739282
      },
      {
        "ent_field_name": "Name",
        "label": "\u00d8\u00a7\u00d9\u0084\u00d8\u00a7\u00d8\u00b3\u00d9\u0085",
        "value": "Park Resho"
      }
    ],
    "fbid": "122101459526333708",
    "ent_name": "EntCIFriendsSuggestion"
  }
]