[
  {
    "media": [
      
    ],
    "label_values": [
      {
        "ent_field_name": "IsDeleted",
        "label": "\u00d9\u0085\u00d8\u00b9\u00d8\u00b7\u00d9\u008e\u00d9\u0091\u00d9\u0084\u00d8\u00a9",
        "value": "\u00d8\u00ae\u00d8\u00b7\u00d8\u00a3"
      },
      {
        "ent_field_name": "RawName",
        "label": "\u00d8\u00a7\u00d9\u0084\u00d8\u00a7\u00d8\u00b3\u00d9\u0085",
        "value": "\u00d8\u00a7\u00d9\u0084\u00d9\u0085\u00d8\u00b9\u00d8\u00a7\u00d8\u00b1\u00d9\u0081"
      },
      {
        "dict": [
          
        ],
        "title": "\u00d8\u00a7\u00d9\u0084\u00d8\u00a3\u00d8\u00b9\u00d8\u00b6\u00d8\u00a7\u00d8\u00a1 \u00d8\u00a7\u00d9\u0084\u00d9\u0085\u00d9\u0082\u00d8\u00aa\u00d8\u00b1\u00d9\u008e\u00d8\u00ad\u00d9\u0088\u00d9\u0086 \u00d8\u00a7\u00d9\u0084\u00d9\u0085\u00d8\u00b1\u00d9\u0081\u00d9\u0088\u00d8\u00b6\u00d9\u0088\u00d9\u0086"
      },
      {
        "dict": [
          
        ],
        "title": "\u00d8\u00a7\u00d9\u0084\u00d8\u00a3\u00d8\u00b9\u00d8\u00b6\u00d8\u00a7\u00d8\u00a1"
      }
    ],
    "fbid": "122093309786333708",
    "ent_name": "EntFriendList"
  },
  {
    "media": [
      
    ],
    "label_values": [
      {
        "ent_field_name": "IsDeleted",
        "label": "\u00d9\u0085\u00d8\u00b9\u00d8\u00b7\u00d9\u008e\u00d9\u0091\u00d9\u0084\u00d8\u00a9",
        "value": "\u00d8\u00ae\u00d8\u00b7\u00d8\u00a3"
      },
      {
        "ent_field_name": "RawName",
        "label": "\u00d8\u00a7\u00d9\u0084\u00d8\u00a7\u00d8\u00b3\u00d9\u0085",
        "value": "\u00d8\u00a7\u00d9\u0084\u00d9\u0085\u00d9\u0082\u00d9\u008a\u00d9\u0091\u00d8\u00af\u00d9\u0088\u00d9\u0086"
      },
      {
        "dict": [
          
        ],
        "title": "\u00d8\u00a7\u00d9\u0084\u00d8\u00a3\u00d8\u00b9\u00d8\u00b6\u00d8\u00a7\u00d8\u00a1 \u00d8\u00a7\u00d9\u0084\u00d9\u0085\u00d9\u0082\u00d8\u00aa\u00d8\u00b1\u00d9\u008e\u00d8\u00ad\u00d9\u0088\u00d9\u0086 \u00d8\u00a7\u00d9\u0084\u00d9\u0085\u00d8\u00b1\u00d9\u0081\u00d9\u0088\u00d8\u00b6\u00d9\u0088\u00d9\u0086"
      },
      {
        "dict": [
          
        ],
        "title": "\u00d8\u00a7\u00d9\u0084\u00d8\u00a3\u00d8\u00b9\u00d8\u00b6\u00d8\u00a7\u00d8\u00a1"
      }
    ],
    "fbid": "122093309780333708",
    "ent_name": "EntFriendList"
  },
  {
    "media": [
      
    ],
    "label_values": [
      {
        "ent_field_name": "IsDeleted",
        "label": "\u00d9\u0085\u00d8\u00b9\u00d8\u00b7\u00d9\u008e\u00d9\u0091\u00d9\u0084\u00d8\u00a9",
        "value": "\u00d8\u00ae\u00d8\u00b7\u00d8\u00a3"
      },
      {
        "ent_field_name": "RawName",
        "label": "\u00d8\u00a7\u00d9\u0084\u00d8\u00a7\u00d8\u00b3\u00d9\u0085",
        "value": "\u00d8\u00a7\u00d9\u0084\u00d8\u00a3\u00d8\u00b5\u00d8\u00af\u00d9\u0082\u00d8\u00a7\u00d8\u00a1 \u00d8\u00a7\u00d9\u0084\u00d9\u0085\u00d9\u0082\u00d8\u00b1\u00d8\u00a8\u00d9\u0088\u00d9\u0086"
      },
      {
        "dict": [
          
        ],
        "title": "\u00d8\u00a7\u00d9\u0084\u00d8\u00a3\u00d8\u00b9\u00d8\u00b6\u00d8\u00a7\u00d8\u00a1 \u00d8\u00a7\u00d9\u0084\u00d9\u0085\u00d9\u0082\u00d8\u00aa\u00d8\u00b1\u00d9\u008e\u00d8\u00ad\u00d9\u0088\u00d9\u0086 \u00d8\u00a7\u00d9\u0084\u00d9\u0085\u00d8\u00b1\u00d9\u0081\u00d9\u0088\u00d8\u00b6\u00d9\u0088\u00d9\u0086"
      },
      {
        "dict": [
          
        ],
        "title": "\u00d8\u00a7\u00d9\u0084\u00d8\u00a3\u00d8\u00b9\u00d8\u00b6\u00d8\u00a7\u00d8\u00a1"
      }
    ],
    "fbid": "122093309774333708",
    "ent_name": "EntFriendList"
  }
]