{
  "media": [
    
  ],
  "label_values": [
    {
      "ent_field_name": "UserStats",
      "label": "\u00d8\u00a8\u00d9\u008a\u00d8\u00a7\u00d9\u0086\u00d8\u00a7\u00d8\u00aa \u00d8\u00a7\u00d9\u0084\u00d8\u00a7\u00d8\u00b3\u00d8\u00aa\u00d8\u00ae\u00d8\u00af\u00d8\u00a7\u00d9\u0085",
      "dict": [
        {
          "label": "\u00e2\u0080\u008eThe number of Reels you have seen in the last 7 days\u00e2\u0080\u008e",
          "value": "0"
        },
        {
          "label": "\u00e2\u0080\u008eThe number of Reels you have seen in the last 30 days\u00e2\u0080\u008e",
          "value": "372"
        },
        {
          "label": "\u00e2\u0080\u008eThe number of Reels you have liked in the last 30 days\u00e2\u0080\u008e",
          "value": "2"
        },
        {
          "label": "\u00e2\u0080\u008eThe number of Reels you have seen in the horizontal Reels tray in the last 7 days\u00e2\u0080\u008e",
          "value": "2"
        },
        {
          "label": "\u00e2\u0080\u008eThe number of Reels you have clicked from the horizontal Reels tray in the last 7 days\u00e2\u0080\u008e",
          "value": "0"
        }
      ]
    }
  ],
  "fbid": "61560011240777",
  "ent_name": "EntLaserFbReelsUserStats"
}